fecha_hora,aportes_media_historica
2019-01-01,100680000.0
2019-01-02,100680000.0
2019-01-03,100680000.0
2019-01-04,100680000.0
2019-01-05,100680000.0
2019-01-06,100680000.0
2019-01-07,100680000.0
2019-01-08,100680000.0
2019-01-09,100680000.0
2019-01-10,100680000.0
2019-01-11,100680000.0
2019-01-12,100680000.0
2019-01-13,100680000.0
2019-01-14,100680000.0
2019-01-15,100680000.0
2019-01-16,100680000.0
2019-01-17,100680000.0
2019-01-18,100680000.0
2019-01-19,100680000.0
2019-01-20,100680000.0
2019-01-21,100680000.0
2019-01-22,100680000.0
2019-01-23,100680000.0
2019-01-24,100680000.0
2019-01-25,100680000.0
2019-01-26,100680000.0
2019-01-27,100680000.0
2019-01-28,100680000.0
2019-01-29,100680000.0
2019-01-30,100680000.0
2019-01-31,100680000.0
2019-02-01,95010000.0
2019-02-02,95010000.0
2019-02-03,95010000.0
2019-02-04,95010000.0
2019-02-05,95010000.0
2019-02-06,95010000.0
2019-02-07,95010000.0
2019-02-08,95010000.0
2019-02-09,95010000.0
2019-02-10,95010000.0
2019-02-11,95010000.0
2019-02-12,95010000.0
2019-02-13,95010000.0
2019-02-14,95010000.0
2019-02-15,95010000.0
2019-02-16,95010000.0
2019-02-17,95010000.0
2019-02-18,95010000.0
2019-02-19,95010000.0
2019-02-20,95010000.0
2019-02-21,95010000.0
2019-02-22,95010000.0
2019-02-23,95010000.0
2019-02-24,95010000.0
2019-02-25,95010000.0
2019-02-26,95010000.0
2019-02-27,95010000.0
2019-02-28,95010000.0
2019-03-01,110490000.0
2019-03-02,110490000.0
2019-03-03,110490000.0
2019-03-04,110490000.0
2019-03-05,110490000.0
2019-03-06,110490000.0
2019-03-07,110490000.0
2019-03-08,110490000.0
2019-03-09,110490000.0
2019-03-10,110490000.0
2019-03-11,110490000.0
2019-03-12,110490000.0
2019-03-13,110490000.0
2019-03-14,110490000.0
2019-03-15,110490000.0
2019-03-16,110490000.0
2019-03-17,110490000.0
2019-03-18,110490000.0
2019-03-19,110490000.0
2019-03-20,110490000.0
2019-03-21,110490000.0
2019-03-22,110490000.0
2019-03-23,110490000.0
2019-03-24,110490000.0
2019-03-25,110490000.0
2019-03-26,110490000.0
2019-03-27,110490000.0
2019-03-28,110490000.0
2019-03-29,110490000.0
2019-03-30,110490000.0
2019-03-31,110490000.0
2019-04-01,168650000.0
2019-04-02,168650000.0
2019-04-03,168650000.0
2019-04-04,168650000.0
2019-04-05,168650000.0
2019-04-06,168650000.0
2019-04-07,168650000.0
2019-04-08,168650000.0
2019-04-09,168650000.0
2019-04-10,168650000.0
2019-04-11,168650000.0
2019-04-12,168650000.0
2019-04-13,168650000.0
2019-04-14,168650000.0
2019-04-15,168650000.0
2019-04-16,168650000.0
2019-04-17,168650000.0
2019-04-18,168650000.0
2019-04-19,168650000.0
2019-04-20,168650000.0
2019-04-21,168650000.0
2019-04-22,168650000.0
2019-04-23,168650000.0
2019-04-24,168650000.0
2019-04-25,168650000.0
2019-04-26,168650000.0
2019-04-27,168650000.0
2019-04-28,168650000.0
2019-04-29,168650000.0
2019-04-30,168650000.0
2019-05-01,227180000.0
2019-05-02,227180000.0
2019-05-03,227180000.0
2019-05-04,227180000.0
2019-05-05,227180000.0
2019-05-06,227180000.0
2019-05-07,227180000.0
2019-05-08,227180000.0
2019-05-09,227180000.0
2019-05-10,227180000.0
2019-05-11,227180000.0
2019-05-12,227180000.0
2019-05-13,227180000.0
2019-05-14,227180000.0
2019-05-15,227180000.0
2019-05-16,227180000.0
2019-05-17,227180000.0
2019-05-18,228750000.0
2019-05-19,228750000.0
2019-05-20,228750000.0
2019-05-21,228750000.0
2019-05-22,228750000.0
2019-05-23,228750000.0
2019-05-24,228750000.0
2019-05-25,228750000.0
2019-05-26,228750000.0
2019-05-27,228750000.0
2019-05-28,228750000.0
2019-05-29,228750000.0
2019-05-30,228750000.0
2019-05-31,228750000.0
2019-06-01,230630000.0
2019-06-02,230630000.0
2019-06-03,230630000.0
2019-06-04,230630000.0
2019-06-05,230630000.0
2019-06-06,230630000.0
2019-06-07,230630000.0
2019-06-08,230630000.0
2019-06-09,230630000.0
2019-06-10,230630000.0
2019-06-11,230630000.0
2019-06-12,230630000.0
2019-06-13,230630000.0
2019-06-14,230630000.0
2019-06-15,230630000.0
2019-06-16,230630000.0
2019-06-17,230630000.0
2019-06-18,230630000.0
2019-06-19,230630000.0
2019-06-20,230630000.0
2019-06-21,230630000.0
2019-06-22,230630000.0
2019-06-23,230630000.0
2019-06-24,230630000.0
2019-06-25,230630000.0
2019-06-26,230630000.0
2019-06-27,230630000.0
2019-06-28,230630000.0
2019-06-29,230630000.0
2019-06-30,230630000.0
2019-07-01,218130000.0
2019-07-02,218130000.0
2019-07-03,218130000.0
2019-07-04,218130000.0
2019-07-05,218130000.0
2019-07-06,218130000.0
2019-07-07,218130000.0
2019-07-08,218130000.0
2019-07-09,218130000.0
2019-07-10,218130000.0
2019-07-11,218130000.0
2019-07-12,218130000.0
2019-07-13,218130000.0
2019-07-14,218130000.0
2019-07-15,218130000.0
2019-07-16,218130000.0
2019-07-17,218130000.0
2019-07-18,218130000.0
2019-07-19,218130000.0
2019-07-20,218130000.0
2019-07-21,218130000.0
2019-07-22,218130000.0
2019-07-23,218130000.0
2019-07-24,218130000.0
2019-07-25,218130000.0
2019-07-26,218130000.0
2019-07-27,218130000.0
2019-07-28,218130000.0
2019-07-29,218130000.0
2019-07-30,218130000.0
2019-07-31,218130000.0
2019-08-01,192640000.0
2019-08-02,192640000.0
2019-08-03,192640000.0
2019-08-04,192640000.0
2019-08-05,192640000.0
2019-08-06,192640000.0
2019-08-07,192640000.0
2019-08-08,192640000.0
2019-08-09,192640000.0
2019-08-10,192640000.0
2019-08-11,192640000.0
2019-08-12,192640000.0
2019-08-13,192640000.0
2019-08-14,192640000.0
2019-08-15,192640000.0
2019-08-16,192640000.0
2019-08-17,192640000.0
2019-08-18,192640000.0
2019-08-19,192640000.0
2019-08-20,192640000.0
2019-08-21,192640000.0
2019-08-22,192640000.0
2019-08-23,192640000.0
2019-08-24,192640000.0
2019-08-25,192640000.0
2019-08-26,192640000.0
2019-08-27,192640000.0
2019-08-28,192640000.0
2019-08-29,192640000.0
2019-08-30,192640000.0
2019-08-31,192640000.0
2019-09-01,181330000.0
2019-09-02,181330000.0
2019-09-03,181330000.0
2019-09-04,181330000.0
2019-09-05,181330000.0
2019-09-06,181330000.0
2019-09-07,181330000.0
2019-09-08,181330000.0
2019-09-09,181330000.0
2019-09-10,181330000.0
2019-09-11,181330000.0
2019-09-12,181330000.0
2019-09-13,181330000.0
2019-09-14,181330000.0
2019-09-15,181330000.0
2019-09-16,181330000.0
2019-09-17,181330000.0
2019-09-18,181330000.0
2019-09-19,181330000.0
2019-09-20,181330000.0
2019-09-21,181330000.0
2019-09-22,181330000.0
2019-09-23,181330000.0
2019-09-24,181330000.0
2019-09-25,181330000.0
2019-09-26,181330000.0
2019-09-27,181330000.0
2019-09-28,181330000.0
2019-09-29,181330000.0
2019-09-30,181330000.0
2019-10-01,205910000.0
2019-10-02,205910000.0
2019-10-03,205910000.0
2019-10-04,205910000.0
2019-10-05,205910000.0
2019-10-06,205910000.0
2019-10-07,205910000.0
2019-10-08,205910000.0
2019-10-09,205910000.0
2019-10-10,205910000.0
2019-10-11,205910000.0
2019-10-12,205910000.0
2019-10-13,205910000.0
2019-10-14,205910000.0
2019-10-15,205910000.0
2019-10-16,205910000.0
2019-10-17,205910000.0
2019-10-18,205910000.0
2019-10-19,205910000.0
2019-10-20,205910000.0
2019-10-21,205910000.0
2019-10-22,205910000.0
2019-10-23,205910000.0
2019-10-24,205910000.0
2019-10-25,205910000.0
2019-10-26,205910000.0
2019-10-27,205910000.0
2019-10-28,205910000.0
2019-10-29,205910000.0
2019-10-30,205910000.0
2019-10-31,205910000.0
2019-11-01,207520000.0
2019-11-02,207520000.0
2019-11-03,207520000.0
2019-11-04,207520000.0
2019-11-05,207520000.0
2019-11-06,207520000.0
2019-11-07,207520000.0
2019-11-08,207520000.0
2019-11-09,207520000.0
2019-11-10,207520000.0
2019-11-11,207520000.0
2019-11-12,207520000.0
2019-11-13,207520000.0
2019-11-14,207520000.0
2019-11-15,207520000.0
2019-11-16,207520000.0
2019-11-17,207520000.0
2019-11-18,207520000.0
2019-11-19,207520000.0
2019-11-20,207520000.0
2019-11-21,207520000.0
2019-11-22,207520000.0
2019-11-23,207520000.0
2019-11-24,207520000.0
2019-11-25,207520000.0
2019-11-26,207520000.0
2019-11-27,207520000.0
2019-11-28,207520000.0
2019-11-29,207520000.0
2019-11-30,207520000.0
2019-12-01,145500000.0
2019-12-02,145500000.0
2019-12-03,145500000.0
2019-12-04,145500000.0
2019-12-05,145500000.0
2019-12-06,145500000.0
2019-12-07,145500000.0
2019-12-08,145500000.0
2019-12-09,145500000.0
2019-12-10,145500000.0
2019-12-11,145500000.0
2019-12-12,145500000.0
2019-12-13,145500000.0
2019-12-14,145500000.0
2019-12-15,145500000.0
2019-12-16,145500000.0
2019-12-17,145500000.0
2019-12-18,145500000.0
2019-12-19,144860000.0
2019-12-20,145500000.0
2019-12-21,145500000.0
2019-12-22,145500000.0
2019-12-23,145500000.0
2019-12-24,145500000.0
2019-12-25,145500000.0
2019-12-26,145500000.0
2019-12-27,145500000.0
2019-12-28,145500000.0
2019-12-29,145500000.0
2019-12-30,145500000.0
2019-12-31,145500000.0
2020-01-01,99390000.0
2020-01-02,99390000.0
2020-01-03,99390000.0
2020-01-04,99390000.0
2020-01-05,99390000.0
2020-01-06,99390000.0
2020-01-07,99390000.0
2020-01-08,99390000.0
2020-01-09,99390000.0
2020-01-10,99390000.0
2020-01-11,99390000.0
2020-01-12,99390000.0
2020-01-13,99390000.0
2020-01-14,99390000.0
2020-01-15,99390000.0
2020-01-16,99390000.0
2020-01-17,99390000.0
2020-01-18,99390000.0
2020-01-19,99390000.0
2020-01-20,99390000.0
2020-01-21,99390000.0
2020-01-22,99390000.0
2020-01-23,99390000.0
2020-01-24,99390000.0
2020-01-25,99390000.0
2020-01-26,99390000.0
2020-01-27,99390000.0
2020-01-28,99390000.0
2020-01-29,99390000.0
2020-01-30,99390000.0
2020-01-31,99390000.0
2020-02-01,93410000.0
2020-02-02,93410000.0
2020-02-03,93410000.0
2020-02-04,93410000.0
2020-02-05,93410000.0
2020-02-06,93410000.0
2020-02-07,93410000.0
2020-02-08,93410000.0
2020-02-09,93410000.0
2020-02-10,93410000.0
2020-02-11,93410000.0
2020-02-12,93410000.0
2020-02-13,93410000.0
2020-02-14,93410000.0
2020-02-15,93410000.0
2020-02-16,93410000.0
2020-02-17,93410000.0
2020-02-18,93410000.0
2020-02-19,93410000.0
2020-02-20,93410000.0
2020-02-21,93410000.0
2020-02-22,93410000.0
2020-02-23,93410000.0
2020-02-24,93410000.0
2020-02-25,93410000.0
2020-02-26,93410000.0
2020-02-27,93410000.0
2020-02-28,93410000.0
2020-02-29,93410000.0
2020-03-01,109220000.0
2020-03-02,109220000.0
2020-03-03,109220000.0
2020-03-04,109220000.0
2020-03-05,109220000.0
2020-03-06,109220000.0
2020-03-07,109220000.0
2020-03-08,109220000.0
2020-03-09,109220000.0
2020-03-10,109220000.0
2020-03-11,109220000.0
2020-03-12,109220000.0
2020-03-13,109220000.0
2020-03-14,109220000.0
2020-03-15,109220000.0
2020-03-16,109220000.0
2020-03-17,109220000.0
2020-03-18,109220000.0
2020-03-19,109220000.0
2020-03-20,109220000.0
2020-03-21,109220000.0
2020-03-22,109220000.0
2020-03-23,109220000.0
2020-03-24,109220000.0
2020-03-25,109220000.0
2020-03-26,109220000.0
2020-03-27,109220000.0
2020-03-28,109220000.0
2020-03-29,109220000.0
2020-03-30,109220000.0
2020-03-31,109220000.0
2020-04-01,169000000.0
2020-04-02,169000000.0
2020-04-03,169000000.0
2020-04-04,169000000.0
2020-04-05,169000000.0
2020-04-06,169000000.0
2020-04-07,169000000.0
2020-04-08,169000000.0
2020-04-09,169000000.0
2020-04-10,169000000.0
2020-04-11,169000000.0
2020-04-12,169000000.0
2020-04-13,169000000.0
2020-04-14,169000000.0
2020-04-15,169000000.0
2020-04-16,169000000.0
2020-04-17,169000000.0
2020-04-18,169000000.0
2020-04-19,169000000.0
2020-04-20,169000000.0
2020-04-21,169000000.0
2020-04-22,169000000.0
2020-04-23,169000000.0
2020-04-24,169000000.0
2020-04-25,169000000.0
2020-04-26,169000000.0
2020-04-27,169000000.0
2020-04-28,169000000.0
2020-04-29,169000000.0
2020-04-30,169000000.0
2020-05-01,226610000.0
2020-05-02,226610000.0
2020-05-03,226610000.0
2020-05-04,226610000.0
2020-05-05,226610000.0
2020-05-06,226610000.0
2020-05-07,226610000.0
2020-05-08,226610000.0
2020-05-09,226610000.0
2020-05-10,226610000.0
2020-05-11,226610000.0
2020-05-12,226610000.0
2020-05-13,226610000.0
2020-05-14,226610000.0
2020-05-15,226610000.0
2020-05-16,226610000.0
2020-05-17,226610000.0
2020-05-18,226610000.0
2020-05-19,226610000.0
2020-05-20,226610000.0
2020-05-21,226610000.0
2020-05-22,226610000.0
2020-05-23,226610000.0
2020-05-24,226610000.0
2020-05-25,226610000.0
2020-05-26,226610000.0
2020-05-27,226610000.0
2020-05-28,226610000.0
2020-05-29,226610000.0
2020-05-30,226610000.0
2020-05-31,226610000.0
2020-06-01,228760000.0
2020-06-02,228760000.0
2020-06-03,228760000.0
2020-06-04,228760000.0
2020-06-05,228760000.0
2020-06-06,228760000.0
2020-06-07,228760000.0
2020-06-08,228760000.0
2020-06-09,228760000.0
2020-06-10,228760000.0
2020-06-11,228760000.0
2020-06-12,228760000.0
2020-06-13,228760000.0
2020-06-14,228760000.0
2020-06-15,228760000.0
2020-06-16,228760000.0
2020-06-17,228760000.0
2020-06-18,228760000.0
2020-06-19,228760000.0
2020-06-20,228760000.0
2020-06-21,228760000.0
2020-06-22,228760000.0
2020-06-23,228760000.0
2020-06-24,228760000.0
2020-06-25,228760000.0
2020-06-26,228760000.0
2020-06-27,228760000.0
2020-06-28,228760000.0
2020-06-29,228760000.0
2020-06-30,228760000.0
2020-07-01,216010000.0
2020-07-02,216010000.0
2020-07-03,216010000.0
2020-07-04,216010000.0
2020-07-05,216010000.0
2020-07-06,216010000.0
2020-07-07,216010000.0
2020-07-08,216010000.0
2020-07-09,216010000.0
2020-07-10,216010000.0
2020-07-11,216010000.0
2020-07-12,216010000.0
2020-07-13,216010000.0
2020-07-14,216010000.0
2020-07-15,216010000.0
2020-07-16,216010000.0
2020-07-17,216010000.0
2020-07-18,216010000.0
2020-07-19,216010000.0
2020-07-20,216010000.0
2020-07-21,216010000.0
2020-07-22,216010000.0
2020-07-23,216010000.0
2020-07-24,216010000.0
2020-07-25,216010000.0
2020-07-26,216010000.0
2020-07-27,216010000.0
2020-07-28,216010000.0
2020-07-29,216010000.0
2020-07-30,216010000.0
2020-07-31,216010000.0
2020-08-01,190670000.0
2020-08-02,190670000.0
2020-08-03,190670000.0
2020-08-04,190670000.0
2020-08-05,190670000.0
2020-08-06,190670000.0
2020-08-07,190670000.0
2020-08-08,190670000.0
2020-08-09,190670000.0
2020-08-10,190670000.0
2020-08-11,190670000.0
2020-08-12,190670000.0
2020-08-13,190670000.0
2020-08-14,190670000.0
2020-08-15,190670000.0
2020-08-16,190670000.0
2020-08-17,190670000.0
2020-08-18,190670000.0
2020-08-19,190670000.0
2020-08-20,190670000.0
2020-08-21,190670000.0
2020-08-22,190670000.0
2020-08-23,190670000.0
2020-08-24,190670000.0
2020-08-25,190670000.0
2020-08-26,190670000.0
2020-08-27,190670000.0
2020-08-28,190670000.0
2020-08-29,190670000.0
2020-08-30,190670000.0
2020-08-31,190670000.0
2020-09-01,178840000.0
2020-09-02,178840000.0
2020-09-03,178840000.0
2020-09-04,178840000.0
2020-09-05,178840000.0
2020-09-06,178840000.0
2020-09-07,178840000.0
2020-09-08,178840000.0
2020-09-09,178840000.0
2020-09-10,178840000.0
2020-09-11,178840000.0
2020-09-12,178840000.0
2020-09-13,178840000.0
2020-09-14,178840000.0
2020-09-15,178840000.0
2020-09-16,178840000.0
2020-09-17,178840000.0
2020-09-18,178840000.0
2020-09-19,178840000.0
2020-09-20,178840000.0
2020-09-21,178840000.0
2020-09-22,178840000.0
2020-09-23,178840000.0
2020-09-24,178840000.0
2020-09-25,178840000.0
2020-09-26,178840000.0
2020-09-27,178840000.0
2020-09-28,178840000.0
2020-09-29,178840000.0
2020-09-30,178840000.0
2020-10-01,203570000.0
2020-10-02,203570000.0
2020-10-03,203570000.0
2020-10-04,203570000.0
2020-10-05,203570000.0
2020-10-06,203570000.0
2020-10-07,203570000.0
2020-10-08,203570000.0
2020-10-09,203570000.0
2020-10-10,203570000.0
2020-10-11,203570000.0
2020-10-12,203570000.0
2020-10-13,203570000.0
2020-10-14,203570000.0
2020-10-15,203570000.0
2020-10-16,203570000.0
2020-10-17,203570000.0
2020-10-18,203570000.0
2020-10-19,203570000.0
2020-10-20,203570000.0
2020-10-21,203570000.0
2020-10-22,203570000.0
2020-10-23,203570000.0
2020-10-24,203570000.0
2020-10-25,203570000.0
2020-10-26,203570000.0
2020-10-27,203570000.0
2020-10-28,203570000.0
2020-10-29,203570000.0
2020-10-30,203570000.0
2020-10-31,203570000.0
2020-11-01,206600000.0
2020-11-02,206600000.0
2020-11-03,206600000.0
2020-11-04,206600000.0
2020-11-05,206600000.0
2020-11-06,206600000.0
2020-11-07,206600000.0
2020-11-08,206600000.0
2020-11-09,206600000.0
2020-11-10,206600000.0
2020-11-11,206600000.0
2020-11-12,206600000.0
2020-11-13,206600000.0
2020-11-14,206600000.0
2020-11-15,206600000.0
2020-11-16,206600000.0
2020-11-17,206600000.0
2020-11-18,206600000.0
2020-11-19,206600000.0
2020-11-20,206600000.0
2020-11-21,206600000.0
2020-11-22,206600000.0
2020-11-23,206600000.0
2020-11-24,206600000.0
2020-11-25,206600000.0
2020-11-26,206600000.0
2020-11-27,206600000.0
2020-11-28,206600000.0
2020-11-29,206600000.0
2020-11-30,206600000.0
2020-12-01,144660000.0
2020-12-02,144660000.0
2020-12-03,144660000.0
2020-12-04,144660000.0
2020-12-05,144660000.0
2020-12-06,144660000.0
2020-12-07,144660000.0
2020-12-08,144660000.0
2020-12-09,144660000.0
2020-12-10,144660000.0
2020-12-11,144660000.0
2020-12-12,144660000.0
2020-12-13,144660000.0
2020-12-14,144660000.0
2020-12-15,144660000.0
2020-12-16,144660000.0
2020-12-17,144660000.0
2020-12-18,144660000.0
2020-12-19,144660000.0
2020-12-20,144660000.0
2020-12-21,144660000.0
2020-12-22,144660000.0
2020-12-23,144660000.0
2020-12-24,144660000.0
2020-12-25,144660000.0
2020-12-26,144660000.0
2020-12-27,144660000.0
2020-12-28,144660000.0
2020-12-29,144660000.0
2020-12-30,144660000.0
2020-12-31,144660000.0
2021-01-01,98410000.0
2021-01-02,98410000.0
2021-01-03,98410000.0
2021-01-04,98410000.0
2021-01-05,98410000.0
2021-01-06,98410000.0
2021-01-07,98410000.0
2021-01-08,98410000.0
2021-01-09,98410000.0
2021-01-10,98410000.0
2021-01-11,98410000.0
2021-01-12,98410000.0
2021-01-13,98410000.0
2021-01-14,98410000.0
2021-01-15,98410000.0
2021-01-16,98410000.0
2021-01-17,98410000.0
2021-01-18,98410000.0
2021-01-19,98410000.0
2021-01-20,98410000.0
2021-01-21,98410000.0
2021-01-22,98410000.0
2021-01-23,98410000.0
2021-01-24,98410000.0
2021-01-25,98410000.0
2021-01-26,98410000.0
2021-01-27,98410000.0
2021-01-28,98410000.0
2021-01-29,98410000.0
2021-01-30,98410000.0
2021-01-31,98410000.0
2021-02-01,92630000.0
2021-02-02,92630000.0
2021-02-03,92630000.0
2021-02-04,92630000.0
2021-02-05,92630000.0
2021-02-06,92630000.0
2021-02-07,92630000.0
2021-02-08,92630000.0
2021-02-09,92630000.0
2021-02-10,92630000.0
2021-02-11,92630000.0
2021-02-12,92630000.0
2021-02-13,92630000.0
2021-02-14,92630000.0
2021-02-15,92630000.0
2021-02-16,92630000.0
2021-02-17,92630000.0
2021-02-18,92630000.0
2021-02-19,92630000.0
2021-02-20,92630000.0
2021-02-21,92630000.0
2021-02-22,92630000.0
2021-02-23,92630000.0
2021-02-24,92630000.0
2021-02-25,92630000.0
2021-02-26,92630000.0
2021-02-27,92630000.0
2021-02-28,92630000.0
2021-03-01,108620000.0
2021-03-02,108620000.0
2021-03-03,108620000.0
2021-03-04,108620000.0
2021-03-05,108620000.0
2021-03-06,108620000.0
2021-03-07,108620000.0
2021-03-08,108620000.0
2021-03-09,108620000.0
2021-03-10,108620000.0
2021-03-11,108620000.0
2021-03-12,108620000.0
2021-03-13,108620000.0
2021-03-14,108620000.0
2021-03-15,108620000.0
2021-03-16,108620000.0
2021-03-17,108620000.0
2021-03-18,108620000.0
2021-03-19,108620000.0
2021-03-20,108620000.0
2021-03-21,108620000.0
2021-03-22,108620000.0
2021-03-23,108620000.0
2021-03-24,108620000.0
2021-03-25,108620000.0
2021-03-26,108620000.0
2021-03-27,108620000.0
2021-03-28,108620000.0
2021-03-29,108620000.0
2021-03-30,108620000.0
2021-03-31,108620000.0
2021-04-01,167760000.0
2021-04-02,167760000.0
2021-04-03,167760000.0
2021-04-04,167760000.0
2021-04-05,167760000.0
2021-04-06,167760000.0
2021-04-07,167760000.0
2021-04-08,167760000.0
2021-04-09,167760000.0
2021-04-10,167760000.0
2021-04-11,167760000.0
2021-04-12,167760000.0
2021-04-13,167760000.0
2021-04-14,167760000.0
2021-04-15,167760000.0
2021-04-16,167760000.0
2021-04-17,167760000.0
2021-04-18,167760000.0
2021-04-19,167760000.0
2021-04-20,167760000.0
2021-04-21,167760000.0
2021-04-22,167760000.0
2021-04-23,167760000.0
2021-04-24,167760000.0
2021-04-25,167760000.0
2021-04-26,167760000.0
2021-04-27,167760000.0
2021-04-28,167760000.0
2021-04-29,167760000.0
2021-04-30,167760000.0
2021-05-01,225060000.0
2021-05-02,225060000.0
2021-05-03,225060000.0
2021-05-04,225060000.0
2021-05-05,225060000.0
2021-05-06,225060000.0
2021-05-07,225060000.0
2021-05-08,225060000.0
2021-05-09,225060000.0
2021-05-10,225060000.0
2021-05-11,225060000.0
2021-05-12,225060000.0
2021-05-13,225060000.0
2021-05-14,225060000.0
2021-05-15,225060000.0
2021-05-16,225060000.0
2021-05-17,225060000.0
2021-05-18,225060000.0
2021-05-19,225060000.0
2021-05-20,225060000.0
2021-05-21,225060000.0
2021-05-22,225060000.0
2021-05-23,225060000.0
2021-05-24,225060000.0
2021-05-25,225060000.0
2021-05-26,225060000.0
2021-05-27,225060000.0
2021-05-28,225060000.0
2021-05-29,225060000.0
2021-05-30,225060000.0
2021-05-31,225060000.0
2021-06-01,226860000.0
2021-06-02,226860000.0
2021-06-03,226860000.0
2021-06-04,226860000.0
2021-06-05,226860000.0
2021-06-06,226860000.0
2021-06-07,226860000.0
2021-06-08,226860000.0
2021-06-09,226860000.0
2021-06-10,226860000.0
2021-06-11,226860000.0
2021-06-12,226860000.0
2021-06-13,226860000.0
2021-06-14,226860000.0
2021-06-15,226860000.0
2021-06-16,226860000.0
2021-06-17,226860000.0
2021-06-18,226860000.0
2021-06-19,226860000.0
2021-06-20,226860000.0
2021-06-21,226860000.0
2021-06-22,226860000.0
2021-06-23,226860000.0
2021-06-24,226860000.0
2021-06-25,226860000.0
2021-06-26,226860000.0
2021-06-27,226860000.0
2021-06-28,226860000.0
2021-06-29,226860000.0
2021-06-30,226860000.0
2021-07-01,215210000.0
2021-07-02,215210000.0
2021-07-03,215210000.0
2021-07-04,215210000.0
2021-07-05,215210000.0
2021-07-06,215210000.0
2021-07-07,215210000.0
2021-07-08,215210000.0
2021-07-09,215210000.0
2021-07-10,215210000.0
2021-07-11,215210000.0
2021-07-12,215210000.0
2021-07-13,215210000.0
2021-07-14,215210000.0
2021-07-15,215210000.0
2021-07-16,215210000.0
2021-07-17,215210000.0
2021-07-18,215210000.0
2021-07-19,215210000.0
2021-07-20,215210000.0
2021-07-21,215210000.0
2021-07-22,215210000.0
2021-07-23,215210000.0
2021-07-24,215210000.0
2021-07-25,215210000.0
2021-07-26,215210000.0
2021-07-27,215210000.0
2021-07-28,215210000.0
2021-07-29,215210000.0
2021-07-30,215210000.0
2021-07-31,215210000.0
2021-08-01,189900000.0
2021-08-02,189900000.0
2021-08-03,189900000.0
2021-08-04,189900000.0
2021-08-05,189900000.0
2021-08-06,189900000.0
2021-08-07,189900000.0
2021-08-08,189900000.0
2021-08-09,189900000.0
2021-08-10,189900000.0
2021-08-11,189900000.0
2021-08-12,189900000.0
2021-08-13,189900000.0
2021-08-14,189900000.0
2021-08-15,189900000.0
2021-08-16,189900000.0
2021-08-17,189900000.0
2021-08-18,189900000.0
2021-08-19,189900000.0
2021-08-20,189900000.0
2021-08-21,189900000.0
2021-08-22,189900000.0
2021-08-23,189900000.0
2021-08-24,189900000.0
2021-08-25,189900000.0
2021-08-26,189900000.0
2021-08-27,189900000.0
2021-08-28,189900000.0
2021-08-29,189900000.0
2021-08-30,189900000.0
2021-08-31,189900000.0
2021-09-01,178020000.0
2021-09-02,178020000.0
2021-09-03,178020000.0
2021-09-04,178020000.0
2021-09-05,178020000.0
2021-09-06,178020000.0
2021-09-07,178020000.0
2021-09-08,178020000.0
2021-09-09,178020000.0
2021-09-10,178020000.0
2021-09-11,178020000.0
2021-09-12,178020000.0
2021-09-13,178020000.0
2021-09-14,178020000.0
2021-09-15,178020000.0
2021-09-16,178020000.0
2021-09-17,178020000.0
2021-09-18,178020000.0
2021-09-19,178020000.0
2021-09-20,178020000.0
2021-09-21,178020000.0
2021-09-22,178020000.0
2021-09-23,178020000.0
2021-09-24,178020000.0
2021-09-25,178020000.0
2021-09-26,178020000.0
2021-09-27,178020000.0
2021-09-28,178020000.0
2021-09-29,178020000.0
2021-09-30,178020000.0
2021-10-01,202260000.0
2021-10-02,202260000.0
2021-10-03,202260000.0
2021-10-04,202260000.0
2021-10-05,202260000.0
2021-10-06,202260000.0
2021-10-07,202260000.0
2021-10-08,202260000.0
2021-10-09,202260000.0
2021-10-10,202260000.0
2021-10-11,202260000.0
2021-10-12,202260000.0
2021-10-13,202260000.0
2021-10-14,202260000.0
2021-10-15,202260000.0
2021-10-16,202260000.0
2021-10-17,202260000.0
2021-10-18,202260000.0
2021-10-19,202260000.0
2021-10-20,202260000.0
2021-10-21,202260000.0
2021-10-22,202260000.0
2021-10-23,202260000.0
2021-10-24,202260000.0
2021-10-25,202260000.0
2021-10-26,202260000.0
2021-10-27,202260000.0
2021-10-28,202260000.0
2021-10-29,202260000.0
2021-10-30,202260000.0
2021-10-31,202260000.0
2021-11-01,206560000.0
2021-11-02,206560000.0
2021-11-03,206560000.0
2021-11-04,206560000.0
2021-11-05,206560000.0
2021-11-06,206560000.0
2021-11-07,206560000.0
2021-11-08,206560000.0
2021-11-09,206560000.0
2021-11-10,206560000.0
2021-11-11,206560000.0
2021-11-12,206560000.0
2021-11-13,206560000.0
2021-11-14,206560000.0
2021-11-15,206560000.0
2021-11-16,206560000.0
2021-11-17,206560000.0
2021-11-18,206560000.0
2021-11-19,206560000.0
2021-11-20,206560000.0
2021-11-21,206560000.0
2021-11-22,206560000.0
2021-11-23,206560000.0
2021-11-24,206560000.0
2021-11-25,206560000.0
2021-11-26,206560000.0
2021-11-27,206560000.0
2021-11-28,206560000.0
2021-11-29,206560000.0
2021-11-30,206560000.0
2021-12-01,144490000.0
2021-12-02,144490000.0
2021-12-03,144490000.0
2021-12-04,144490000.0
2021-12-05,144490000.0
2021-12-06,144490000.0
2021-12-07,144490000.0
2021-12-08,144490000.0
2021-12-09,144490000.0
2021-12-10,144490000.0
2021-12-11,144490000.0
2021-12-12,144490000.0
2021-12-13,144490000.0
2021-12-14,144490000.0
2021-12-15,144490000.0
2021-12-16,144490000.0
2021-12-17,144490000.0
2021-12-18,144490000.0
2021-12-19,144490000.0
2021-12-20,144490000.0
2021-12-21,144490000.0
2021-12-22,144490000.0
2021-12-23,144490000.0
2021-12-24,144490000.0
2021-12-25,144490000.0
2021-12-26,144490000.0
2021-12-27,144490000.0
2021-12-28,144490000.0
2021-12-29,144490000.0
2021-12-30,144490000.0
2021-12-31,144490000.0
2022-01-01,98100000.0
2022-01-02,98100000.0
2022-01-03,98100000.0
2022-01-04,98100000.0
2022-01-05,98100000.0
2022-01-06,98100000.0
2022-01-07,98100000.0
2022-01-08,98100000.0
2022-01-09,98100000.0
2022-01-10,98100000.0
2022-01-11,98100000.0
2022-01-12,98100000.0
2022-01-13,98100000.0
2022-01-14,98100000.0
2022-01-15,98100000.0
2022-01-16,98100000.0
2022-01-17,98100000.0
2022-01-18,98100000.0
2022-01-19,98100000.0
2022-01-20,98100000.0
2022-01-21,98100000.0
2022-01-22,98100000.0
2022-01-23,98100000.0
2022-01-24,98100000.0
2022-01-25,98100000.0
2022-01-26,98100000.0
2022-01-27,98100000.0
2022-01-28,98100000.0
2022-01-29,98100000.0
2022-01-30,98100000.0
2022-01-31,98100000.0
2022-02-01,92200000.0
2022-02-02,92200000.0
2022-02-03,92200000.0
2022-02-04,92200000.0
2022-02-05,92200000.0
2022-02-06,92200000.0
2022-02-07,92200000.0
2022-02-08,92200000.0
2022-02-09,92200000.0
2022-02-10,92200000.0
2022-02-11,92200000.0
2022-02-12,92200000.0
2022-02-13,92200000.0
2022-02-14,92200000.0
2022-02-15,92200000.0
2022-02-16,92200000.0
2022-02-17,92200000.0
2022-02-18,92200000.0
2022-02-19,92200000.0
2022-02-20,92200000.0
2022-02-21,92200000.0
2022-02-22,92200000.0
2022-02-23,92200000.0
2022-02-24,92200000.0
2022-02-25,92200000.0
2022-02-26,92200000.0
2022-02-27,92200000.0
2022-02-28,92200000.0
2022-03-01,109170000.0
2022-03-02,109170000.0
2022-03-03,109170000.0
2022-03-04,109170000.0
2022-03-05,109170000.0
2022-03-06,109170000.0
2022-03-07,109170000.0
2022-03-08,109170000.0
2022-03-09,109170000.0
2022-03-10,109170000.0
2022-03-11,109170000.0
2022-03-12,109170000.0
2022-03-13,109170000.0
2022-03-14,109170000.0
2022-03-15,109170000.0
2022-03-16,109170000.0
2022-03-17,109170000.0
2022-03-18,109170000.0
2022-03-19,109170000.0
2022-03-20,109170000.0
2022-03-21,109170000.0
2022-03-22,109170000.0
2022-03-23,109170000.0
2022-03-24,109170000.0
2022-03-25,109170000.0
2022-03-26,109170000.0
2022-03-27,109170000.0
2022-03-28,109170000.0
2022-03-29,109170000.0
2022-03-30,109170000.0
2022-03-31,109170000.0
2022-04-01,166950000.0
2022-04-02,166950000.0
2022-04-03,166950000.0
2022-04-04,166950000.0
2022-04-05,166950000.0
2022-04-06,166950000.0
2022-04-07,166950000.0
2022-04-08,166950000.0
2022-04-09,166950000.0
2022-04-10,166950000.0
2022-04-11,166950000.0
2022-04-12,166950000.0
2022-04-13,166950000.0
2022-04-14,166950000.0
2022-04-15,166950000.0
2022-04-16,166950000.0
2022-04-17,166950000.0
2022-04-18,166950000.0
2022-04-19,166950000.0
2022-04-20,166950000.0
2022-04-21,166950000.0
2022-04-22,166950000.0
2022-04-23,166950000.0
2022-04-24,166950000.0
2022-04-25,166950000.0
2022-04-26,166950000.0
2022-04-27,166950000.0
2022-04-28,166950000.0
2022-04-29,166950000.0
2022-04-30,166950000.0
2022-05-01,223660000.0
2022-05-02,223660000.0
2022-05-03,223660000.0
2022-05-04,223660000.0
2022-05-05,223660000.0
2022-05-06,223660000.0
2022-05-07,223660000.0
2022-05-08,223660000.0
2022-05-09,223660000.0
2022-05-10,223660000.0
2022-05-11,223660000.0
2022-05-12,223660000.0
2022-05-13,223660000.0
2022-05-14,223660000.0
2022-05-15,223660000.0
2022-05-16,223660000.0
2022-05-17,223660000.0
2022-05-18,223660000.0
2022-05-19,223660000.0
2022-05-20,223660000.0
2022-05-21,223660000.0
2022-05-22,223660000.0
2022-05-23,223660000.0
2022-05-24,223660000.0
2022-05-25,223660000.0
2022-05-26,223660000.0
2022-05-27,223660000.0
2022-05-28,223660000.0
2022-05-29,223660000.0
2022-05-30,223660000.0
2022-05-31,223660000.0
2022-06-01,226960000.0
2022-06-02,226960000.0
2022-06-03,226960000.0
2022-06-04,226960000.0
2022-06-05,226960000.0
2022-06-06,226960000.0
2022-06-07,226960000.0
2022-06-08,226960000.0
2022-06-09,226960000.0
2022-06-10,226960000.0
2022-06-11,226960000.0
2022-06-12,226960000.0
2022-06-13,226960000.0
2022-06-14,226960000.0
2022-06-15,226960000.0
2022-06-16,226960000.0
2022-06-17,226960000.0
2022-06-18,226960000.0
2022-06-19,226960000.0
2022-06-20,226960000.0
2022-06-21,226960000.0
2022-06-22,226960000.0
2022-06-23,226960000.0
2022-06-24,226960000.0
2022-06-25,226960000.0
2022-06-26,226960000.0
2022-06-27,226960000.0
2022-06-28,226960000.0
2022-06-29,226960000.0
2022-06-30,226960000.0
2022-07-01,216490000.0
2022-07-02,216490000.0
2022-07-03,216490000.0
2022-07-04,216490000.0
2022-07-05,216490000.0
2022-07-06,216490000.0
2022-07-07,216490000.0
2022-07-08,216490000.0
2022-07-09,216490000.0
2022-07-10,216490000.0
2022-07-11,216490000.0
2022-07-12,216490000.0
2022-07-13,216490000.0
2022-07-14,216490000.0
2022-07-15,216490000.0
2022-07-16,216490000.0
2022-07-17,216490000.0
2022-07-18,216490000.0
2022-07-19,216490000.0
2022-07-20,216490000.0
2022-07-21,216490000.0
2022-07-22,216490000.0
2022-07-23,216490000.0
2022-07-24,216490000.0
2022-07-25,216490000.0
2022-07-26,216490000.0
2022-07-27,216490000.0
2022-07-28,216490000.0
2022-07-29,216490000.0
2022-07-30,216490000.0
2022-07-31,216490000.0
2022-08-01,190540000.0
2022-08-02,190540000.0
2022-08-03,190540000.0
2022-08-04,190540000.0
2022-08-05,190540000.0
2022-08-06,190540000.0
2022-08-07,190540000.0
2022-08-08,190540000.0
2022-08-09,190540000.0
2022-08-10,190540000.0
2022-08-11,190540000.0
2022-08-12,190540000.0
2022-08-13,190540000.0
2022-08-14,190540000.0
2022-08-15,190540000.0
2022-08-16,190540000.0
2022-08-17,190540000.0
2022-08-18,190540000.0
2022-08-19,190540000.0
2022-08-20,190540000.0
2022-08-21,190540000.0
2022-08-22,190540000.0
2022-08-23,190540000.0
2022-08-24,190540000.0
2022-08-25,190540000.0
2022-08-26,190540000.0
2022-08-27,190540000.0
2022-08-28,190540000.0
2022-08-29,190540000.0
2022-08-30,190540000.0
2022-08-31,190540000.0
2022-09-01,179180000.0
2022-09-02,179180000.0
2022-09-03,179180000.0
2022-09-04,179180000.0
2022-09-05,179180000.0
2022-09-06,179180000.0
2022-09-07,179180000.0
2022-09-08,179180000.0
2022-09-09,179180000.0
2022-09-10,179180000.0
2022-09-11,179180000.0
2022-09-12,179180000.0
2022-09-13,179180000.0
2022-09-14,179180000.0
2022-09-15,179180000.0
2022-09-16,179180000.0
2022-09-17,179180000.0
2022-09-18,179180000.0
2022-09-19,179180000.0
2022-09-20,179180000.0
2022-09-21,179180000.0
2022-09-22,179180000.0
2022-09-23,179180000.0
2022-09-24,179180000.0
2022-09-25,179180000.0
2022-09-26,179180000.0
2022-09-27,179180000.0
2022-09-28,179180000.0
2022-09-29,179180000.0
2022-09-30,179180000.0
2022-10-01,241120000.0
2022-10-02,241120000.0
2022-10-03,241120000.0
2022-10-04,241120000.0
2022-10-05,241120000.0
2022-10-06,241120000.0
2022-10-07,241120000.0
2022-10-08,241120000.0
2022-10-09,241120000.0
2022-10-10,241120000.0
2022-10-11,241120000.0
2022-10-12,241120000.0
2022-10-13,241120000.0
2022-10-14,241120000.0
2022-10-15,241120000.0
2022-10-16,241120000.0
2022-10-17,241120000.0
2022-10-18,241120000.0
2022-10-19,241120000.0
2022-10-20,241120000.0
2022-10-21,241120000.0
2022-10-22,241120000.0
2022-10-23,241120000.0
2022-10-24,241120000.0
2022-10-25,241120000.0
2022-10-26,241120000.0
2022-10-27,241120000.0
2022-10-28,241120000.0
2022-10-29,241120000.0
2022-10-30,241120000.0
2022-10-31,241120000.0
2022-11-01,259200000.0
2022-11-02,259200000.0
2022-11-03,259200000.0
2022-11-04,259200000.0
2022-11-05,259200000.0
2022-11-06,259200000.0
2022-11-07,259200000.0
2022-11-08,259200000.0
2022-11-09,259200000.0
2022-11-10,259200000.0
2022-11-11,259200000.0
2022-11-12,259200000.0
2022-11-13,259200000.0
2022-11-14,259200000.0
2022-11-15,259200000.0
2022-11-16,259200000.0
2022-11-17,259200000.0
2022-11-18,259200000.0
2022-11-19,259200000.0
2022-11-20,259200000.0
2022-11-21,259200000.0
2022-11-22,259200000.0
2022-11-23,259200000.0
2022-11-24,259200000.0
2022-11-25,259200000.0
2022-11-26,259200000.0
2022-11-27,259200000.0
2022-11-28,259200000.0
2022-11-29,259200000.0
2022-11-30,259200000.0
2022-12-01,199190000.0
2022-12-02,199190000.0
2022-12-03,199190000.0
2022-12-04,199190000.0
2022-12-05,199190000.0
2022-12-06,199190000.0
2022-12-07,199190000.0
2022-12-08,199190000.0
2022-12-09,199190000.0
2022-12-10,199190000.0
2022-12-11,199190000.0
2022-12-12,199190000.0
2022-12-13,199190000.0
2022-12-14,199190000.0
2022-12-15,199190000.0
2022-12-16,199190000.0
2022-12-17,199190000.0
2022-12-18,199190000.0
2022-12-19,199190000.0
2022-12-20,199190000.0
2022-12-21,199190000.0
2022-12-22,199190000.0
2022-12-23,199190000.0
2022-12-24,199190000.0
2022-12-25,199190000.0
2022-12-26,199190000.0
2022-12-27,199190000.0
2022-12-28,199190000.0
2022-12-29,199190000.0
2022-12-30,199190000.0
2022-12-31,199190000.0
2023-01-01,134760000.0
2023-01-02,134760000.0
2023-01-03,134760000.0
2023-01-04,134760000.0
2023-01-05,134760000.0
2023-01-06,134760000.0
2023-01-07,134760000.0
2023-01-08,134760000.0
2023-01-09,134760000.0
2023-01-10,134760000.0
2023-01-11,134760000.0
2023-01-12,134760000.0
2023-01-13,134760000.0
2023-01-14,134760000.0
2023-01-15,134760000.0
2023-01-16,134760000.0
2023-01-17,134760000.0
2023-01-18,134760000.0
2023-01-19,134760000.0
2023-01-20,134760000.0
2023-01-21,134760000.0
2023-01-22,134760000.0
2023-01-23,134760000.0
2023-01-24,134760000.0
2023-01-25,134760000.0
2023-01-26,134760000.0
2023-01-27,134760000.0
2023-01-28,134760000.0
2023-01-29,134760000.0
2023-01-30,134760000.0
2023-01-31,134760000.0
2023-02-01,124350000.0
2023-02-02,124350000.0
2023-02-03,124350000.0
2023-02-04,124350000.0
2023-02-05,124350000.0
2023-02-06,124350000.0
2023-02-07,124350000.0
2023-02-08,124350000.0
2023-02-09,124350000.0
2023-02-10,124350000.0
2023-02-11,124350000.0
2023-02-12,124350000.0
2023-02-13,124350000.0
2023-02-14,124350000.0
2023-02-15,124350000.0
2023-02-16,124350000.0
2023-02-17,124350000.0
2023-02-18,124350000.0
2023-02-19,124350000.0
2023-02-20,124350000.0
2023-02-21,124350000.0
2023-02-22,124350000.0
2023-02-23,124350000.0
2023-02-24,124350000.0
2023-02-25,124350000.0
2023-02-26,124350000.0
2023-02-27,124350000.0
2023-02-28,124350000.0
2023-03-01,146980000.0
2023-03-02,146980000.0
2023-03-03,146980000.0
2023-03-04,146980000.0
2023-03-05,146980000.0
2023-03-06,146980000.0
2023-03-07,146980000.0
2023-03-08,146980000.0
2023-03-09,146980000.0
2023-03-10,146980000.0
2023-03-11,146980000.0
2023-03-12,146980000.0
2023-03-13,146980000.0
2023-03-14,146980000.0
2023-03-15,146980000.0
2023-03-16,146980000.0
2023-03-17,146980000.0
2023-03-18,146980000.0
2023-03-19,146980000.0
2023-03-20,146980000.0
2023-03-21,146980000.0
2023-03-22,146980000.0
2023-03-23,146980000.0
2023-03-24,146980000.0
2023-03-25,146980000.0
2023-03-26,146980000.0
2023-03-27,146980000.0
2023-03-28,146980000.0
2023-03-29,146980000.0
2023-03-30,146980000.0
2023-03-31,146980000.0
2023-04-01,215060000.0
2023-04-02,215060000.0
2023-04-03,215060000.0
2023-04-04,215060000.0
2023-04-05,215060000.0
2023-04-06,215060000.0
2023-04-07,215060000.0
2023-04-08,215060000.0
2023-04-09,215060000.0
2023-04-10,215060000.0
2023-04-11,215060000.0
2023-04-12,215060000.0
2023-04-13,215060000.0
2023-04-14,215060000.0
2023-04-15,215060000.0
2023-04-16,215060000.0
2023-04-17,215060000.0
2023-04-18,215060000.0
2023-04-19,215060000.0
2023-04-20,215060000.0
2023-04-21,215060000.0
2023-04-22,215060000.0
2023-04-23,215060000.0
2023-04-24,215060000.0
2023-04-25,215060000.0
2023-04-26,215060000.0
2023-04-27,215060000.0
2023-04-28,215060000.0
2023-04-29,215060000.0
2023-04-30,215060000.0
2023-05-01,279940000.0
2023-05-02,279940000.0
2023-05-03,279940000.0
2023-05-04,279940000.0
2023-05-05,279940000.0
2023-05-06,279940000.0
2023-05-07,279940000.0
2023-05-08,279940000.0
2023-05-09,279940000.0
2023-05-10,279940000.0
2023-05-11,279940000.0
2023-05-12,279940000.0
2023-05-13,279940000.0
2023-05-14,279940000.0
2023-05-15,279940000.0
2023-05-16,279940000.0
2023-05-17,279940000.0
2023-05-18,279940000.0
2023-05-19,279940000.0
2023-05-20,279940000.0
2023-05-21,279940000.0
2023-05-22,279940000.0
2023-05-23,279940000.0
2023-05-24,279940000.0
2023-05-25,279940000.0
2023-05-26,279940000.0
2023-05-27,279940000.0
2023-05-28,279940000.0
2023-05-29,279940000.0
2023-05-30,279940000.0
2023-05-31,279940000.0
2023-06-01,272860000.0
2023-06-02,272860000.0
2023-06-03,272860000.0
2023-06-04,272860000.0
2023-06-05,272860000.0
2023-06-06,272860000.0
2023-06-07,272860000.0
2023-06-08,272860000.0
2023-06-09,272860000.0
2023-06-10,272860000.0
2023-06-11,272860000.0
2023-06-12,272860000.0
2023-06-13,272860000.0
2023-06-14,272860000.0
2023-06-15,272860000.0
2023-06-16,272860000.0
2023-06-17,272860000.0
2023-06-18,272860000.0
2023-06-19,272860000.0
2023-06-20,272860000.0
2023-06-21,272860000.0
2023-06-22,272860000.0
2023-06-23,272860000.0
2023-06-24,272860000.0
2023-06-25,272860000.0
2023-06-26,272860000.0
2023-06-27,272860000.0
2023-06-28,272860000.0
2023-06-29,272860000.0
2023-06-30,272860000.0
2023-07-01,248950000.0
2023-07-02,248950000.0
2023-07-03,248950000.0
2023-07-04,248950000.0
2023-07-05,248950000.0
2023-07-06,248950000.0
2023-07-07,248950000.0
2023-07-08,248950000.0
2023-07-09,248950000.0
2023-07-10,248950000.0
2023-07-11,248950000.0
2023-07-12,248950000.0
2023-07-13,248950000.0
2023-07-14,248950000.0
2023-07-15,248950000.0
2023-07-16,248950000.0
2023-07-17,248950000.0
2023-07-18,248950000.0
2023-07-19,248950000.0
2023-07-20,248950000.0
2023-07-21,248950000.0
2023-07-22,248950000.0
2023-07-23,248950000.0
2023-07-24,248950000.0
2023-07-25,248950000.0
2023-07-26,248950000.0
2023-07-27,248950000.0
2023-07-28,248950000.0
2023-07-29,248950000.0
2023-07-30,248950000.0
2023-07-31,248950000.0
2023-08-01,221060000.0
2023-08-02,221060000.0
2023-08-03,221060000.0
2023-08-04,221060000.0
2023-08-05,221060000.0
2023-08-06,221060000.0
2023-08-07,221060000.0
2023-08-08,221060000.0
2023-08-09,221060000.0
2023-08-10,221060000.0
2023-08-11,221060000.0
2023-08-12,221060000.0
2023-08-13,221060000.0
2023-08-14,221060000.0
2023-08-15,221060000.0
2023-08-16,221060000.0
2023-08-17,221060000.0
2023-08-18,221060000.0
2023-08-19,221060000.0
2023-08-20,221060000.0
2023-08-21,221060000.0
2023-08-22,221060000.0
2023-08-23,221060000.0
2023-08-24,221060000.0
2023-08-25,221060000.0
2023-08-26,221060000.0
2023-08-27,221060000.0
2023-08-28,221060000.0
2023-08-29,221060000.0
2023-08-30,221060000.0
2023-08-31,221060000.0
2023-09-01,213150000.0
2023-09-02,213150000.0
2023-09-03,213150000.0
2023-09-04,213150000.0
2023-09-05,213150000.0
2023-09-06,213150000.0
2023-09-07,213150000.0
2023-09-08,213150000.0
2023-09-09,213150000.0
2023-09-10,213150000.0
2023-09-11,213150000.0
2023-09-12,213150000.0
2023-09-13,213150000.0
2023-09-14,213150000.0
2023-09-15,213150000.0
2023-09-16,213150000.0
2023-09-17,213150000.0
2023-09-18,213150000.0
2023-09-19,213150000.0
2023-09-20,213150000.0
2023-09-21,213150000.0
2023-09-22,213150000.0
2023-09-23,213150000.0
2023-09-24,213150000.0
2023-09-25,213150000.0
2023-09-26,213150000.0
2023-09-27,213150000.0
2023-09-28,213150000.0
2023-09-29,213150000.0
2023-09-30,213150000.0
2023-10-01,251350000.0
2023-10-02,251350000.0
2023-10-03,251350000.0
2023-10-04,251350000.0
2023-10-05,251350000.0
2023-10-06,251350000.0
2023-10-07,251350000.0
2023-10-08,251350000.0
2023-10-09,251350000.0
2023-10-10,251350000.0
2023-10-11,251350000.0
2023-10-12,251350000.0
2023-10-13,251350000.0
2023-10-14,251350000.0
2023-10-15,251350000.0
2023-10-16,251350000.0
2023-10-17,251350000.0
2023-10-18,251350000.0
2023-10-19,251350000.0
2023-10-20,251350000.0
2023-10-21,251350000.0
2023-10-22,251350000.0
2023-10-23,251350000.0
2023-10-24,251350000.0
2023-10-25,251350000.0
2023-10-26,251350000.0
2023-10-27,251350000.0
2023-10-28,251350000.0
2023-10-29,251350000.0
2023-10-30,251350000.0
2023-10-31,251350000.0
2023-11-01,275280000.0
2023-11-02,275280000.0
2023-11-03,275280000.0
2023-11-04,275280000.0
2023-11-05,275280000.0
2023-11-06,275280000.0
2023-11-07,275280000.0
2023-11-08,275280000.0
2023-11-09,275280000.0
2023-11-10,275280000.0
2023-11-11,275280000.0
2023-11-12,275280000.0
2023-11-13,275280000.0
2023-11-14,275280000.0
2023-11-15,275280000.0
2023-11-16,275280000.0
2023-11-17,275280000.0
2023-11-18,275280000.0
2023-11-19,275280000.0
2023-11-20,275280000.0
2023-11-21,275280000.0
2023-11-22,275280000.0
2023-11-23,275280000.0
2023-11-24,275280000.0
2023-11-25,275280000.0
2023-11-26,275280000.0
2023-11-27,275280000.0
2023-11-28,275280000.0
2023-11-29,275280000.0
2023-11-30,275280000.0
2023-12-01,202560000.0
2023-12-02,202560000.0
2023-12-03,202560000.0
2023-12-04,202560000.0
2023-12-05,202560000.0
2023-12-06,202560000.0
2023-12-07,202560000.0
2023-12-08,202560000.0
2023-12-09,202560000.0
2023-12-10,202560000.0
2023-12-11,202560000.0
2023-12-12,202560000.0
2023-12-13,202560000.0
2023-12-14,202560000.0
2023-12-15,202560000.0
2023-12-16,202560000.0
2023-12-17,202560000.0
2023-12-18,202560000.0
2023-12-19,202560000.0
2023-12-20,202560000.0
2023-12-21,202560000.0
2023-12-22,202560000.0
2023-12-23,202560000.0
2023-12-24,202560000.0
2023-12-25,202560000.0
2023-12-26,202560000.0
2023-12-27,202560000.0
2023-12-28,202560000.0
2023-12-29,202560000.0
2023-12-30,202560000.0
2023-12-31,202560000.0
2024-01-01,140650000.0
2024-01-02,140650000.0
2024-01-03,140650000.0
2024-01-04,140650000.0
2024-01-05,140650000.0
2024-01-06,140650000.0
2024-01-07,140650000.0
2024-01-08,140650000.0
2024-01-09,140650000.0
2024-01-10,140650000.0
2024-01-11,140650000.0
2024-01-12,140650000.0
2024-01-13,140650000.0
2024-01-14,140650000.0
2024-01-15,140650000.0
2024-01-16,140650000.0
2024-01-17,140650000.0
2024-01-18,140650000.0
2024-01-19,140650000.0
2024-01-20,140650000.0
2024-01-21,140650000.0
2024-01-22,140650000.0
2024-01-23,140650000.0
2024-01-24,140650000.0
2024-01-25,140650000.0
2024-01-26,140650000.0
2024-01-27,140650000.0
2024-01-28,140650000.0
2024-01-29,140650000.0
2024-01-30,140650000.0
2024-01-31,140650000.0
2024-02-01,128750000.0
2024-02-02,128750000.0
2024-02-03,128750000.0
2024-02-04,128750000.0
2024-02-05,128750000.0
2024-02-06,128750000.0
2024-02-07,128750000.0
2024-02-08,128750000.0
2024-02-09,128750000.0
2024-02-10,128750000.0
2024-02-11,128750000.0
2024-02-12,128750000.0
2024-02-13,128750000.0
2024-02-14,128750000.0
2024-02-15,128750000.0
2024-02-16,128750000.0
2024-02-17,128750000.0
2024-02-18,128750000.0
2024-02-19,128750000.0
2024-02-20,128750000.0
2024-02-21,128750000.0
2024-02-22,128750000.0
2024-02-23,128750000.0
2024-02-24,128750000.0
2024-02-25,128750000.0
2024-02-26,128750000.0
2024-02-27,128750000.0
2024-02-28,128750000.0
2024-02-29,128750000.0
2024-03-01,154140000.0
2024-03-02,154140000.0
2024-03-03,154140000.0
2024-03-04,154140000.0
2024-03-05,154140000.0
2024-03-06,154140000.0
2024-03-07,154140000.0
2024-03-08,154140000.0
2024-03-09,154140000.0
2024-03-10,154140000.0
2024-03-11,154140000.0
2024-03-12,154140000.0
2024-03-13,154140000.0
2024-03-14,154140000.0
2024-03-15,154140000.0
2024-03-16,154140000.0
2024-03-17,154140000.0
2024-03-18,154140000.0
2024-03-19,154140000.0
2024-03-20,154140000.0
2024-03-21,154140000.0
2024-03-22,154140000.0
2024-03-23,154140000.0
2024-03-24,154140000.0
2024-03-25,154140000.0
2024-03-26,154140000.0
2024-03-27,154140000.0
2024-03-28,154140000.0
2024-03-29,154140000.0
2024-03-30,154140000.0
2024-03-31,154140000.0
2024-04-01,222700000.0
2024-04-02,222700000.0
2024-04-03,222700000.0
2024-04-04,222700000.0
2024-04-05,222700000.0
2024-04-06,222700000.0
2024-04-07,222700000.0
2024-04-08,222700000.0
2024-04-09,222700000.0
2024-04-10,222700000.0
2024-04-11,222700000.0
2024-04-12,222700000.0
2024-04-13,222700000.0
2024-04-14,222700000.0
2024-04-15,222700000.0
2024-04-16,222700000.0
2024-04-17,222700000.0
2024-04-18,222700000.0
2024-04-19,222700000.0
2024-04-20,222700000.0
2024-04-21,222700000.0
2024-04-22,222700000.0
2024-04-23,222700000.0
2024-04-24,222700000.0
2024-04-25,222700000.0
2024-04-26,222700000.0
2024-04-27,222700000.0
2024-04-28,222700000.0
2024-04-29,222700000.0
2024-04-30,222700000.0
2024-05-01,287950000.0
2024-05-02,287950000.0
2024-05-03,287950000.0
2024-05-04,287950000.0
2024-05-05,287950000.0
2024-05-06,287950000.0
2024-05-07,287950000.0
2024-05-08,287950000.0
2024-05-09,287950000.0
2024-05-10,287950000.0
2024-05-11,287950000.0
2024-05-12,287950000.0
2024-05-13,287950000.0
2024-05-14,287950000.0
2024-05-15,287950000.0
2024-05-16,287950000.0
2024-05-17,287950000.0
2024-05-18,287950000.0
2024-05-19,287950000.0
2024-05-20,287950000.0
2024-05-21,287950000.0
2024-05-22,287950000.0
2024-05-23,287950000.0
2024-05-24,287950000.0
2024-05-25,287950000.0
2024-05-26,287950000.0
2024-05-27,287950000.0
2024-05-28,287950000.0
2024-05-29,287950000.0
2024-05-30,287950000.0
2024-05-31,287950000.0
2024-06-01,281350000.0
2024-06-02,281350000.0
2024-06-03,281350000.0
2024-06-04,281350000.0
2024-06-05,281350000.0
2024-06-06,281350000.0
2024-06-07,281350000.0
2024-06-08,281350000.0
2024-06-09,281350000.0
2024-06-10,281350000.0
2024-06-11,281350000.0
2024-06-12,281350000.0
2024-06-13,281350000.0
2024-06-14,281350000.0
2024-06-15,281350000.0
2024-06-16,281350000.0
2024-06-17,281350000.0
2024-06-18,281350000.0
2024-06-19,281350000.0
2024-06-20,281350000.0
2024-06-21,281350000.0
2024-06-22,281350000.0
2024-06-23,281350000.0
2024-06-24,281350000.0
2024-06-25,281350000.0
2024-06-26,281350000.0
2024-06-27,281350000.0
2024-06-28,281350000.0
2024-06-29,281350000.0
2024-06-30,281350000.0
2024-07-01,254520000.0
2024-07-02,254520000.0
2024-07-03,254520000.0
2024-07-04,254520000.0
2024-07-05,254520000.0
2024-07-06,254520000.0
2024-07-07,254520000.0
2024-07-08,254520000.0
2024-07-09,254520000.0
2024-07-10,254520000.0
2024-07-11,254520000.0
2024-07-12,254520000.0
2024-07-13,254520000.0
2024-07-14,254520000.0
2024-07-15,254520000.0
2024-07-16,254520000.0
2024-07-17,254520000.0
2024-07-18,254520000.0
2024-07-19,254520000.0
2024-07-20,254520000.0
2024-07-21,254520000.0
2024-07-22,254520000.0
2024-07-23,254520000.0
2024-07-24,254520000.0
2024-07-25,254520000.0
2024-07-26,254520000.0
2024-07-27,254520000.0
2024-07-28,254520000.0
2024-07-29,254520000.0
2024-07-30,254520000.0
2024-07-31,254520000.0
2024-08-01,223310000.0
2024-08-02,223310000.0
2024-08-03,223310000.0
2024-08-04,223310000.0
2024-08-05,223310000.0
2024-08-06,223310000.0
2024-08-07,223310000.0
2024-08-08,223310000.0
2024-08-09,223310000.0
2024-08-10,223310000.0
2024-08-11,223310000.0
2024-08-12,223310000.0
2024-08-13,223310000.0
2024-08-14,223310000.0
2024-08-15,223310000.0
2024-08-16,223310000.0
2024-08-17,223310000.0
2024-08-18,223310000.0
2024-08-19,223310000.0
2024-08-20,223310000.0
2024-08-21,223310000.0
2024-08-22,223310000.0
2024-08-23,223310000.0
2024-08-24,223310000.0
2024-08-25,223310000.0
2024-08-26,223310000.0
2024-08-27,223310000.0
2024-08-28,223310000.0
2024-08-29,223310000.0
2024-08-30,223310000.0
2024-08-31,223310000.0
2024-09-01,211820000.0
2024-09-02,211820000.0
2024-09-03,211820000.0
2024-09-04,211820000.0
2024-09-05,211820000.0
2024-09-06,211820000.0
2024-09-07,211820000.0
2024-09-08,211820000.0
2024-09-09,211820000.0
2024-09-10,211820000.0
2024-09-11,211820000.0
2024-09-12,211820000.0
2024-09-13,211820000.0
2024-09-14,211820000.0
2024-09-15,211820000.0
2024-09-16,211820000.0
2024-09-17,211820000.0
2024-09-18,211820000.0
2024-09-19,211820000.0
2024-09-20,211820000.0
2024-09-21,211820000.0
2024-09-22,211820000.0
2024-09-23,211820000.0
2024-09-24,211820000.0
2024-09-25,211820000.0
2024-09-26,211820000.0
2024-09-27,211820000.0
2024-09-28,211820000.0
2024-09-29,211820000.0
2024-09-30,211820000.0
2024-10-01,250190000.0
2024-10-02,250190000.0
2024-10-03,250190000.0
2024-10-04,250190000.0
2024-10-05,250190000.0
2024-10-06,250190000.0
2024-10-07,250190000.0
2024-10-08,250190000.0
2024-10-09,250190000.0
2024-10-10,250190000.0
2024-10-11,250190000.0
2024-10-12,250190000.0
2024-10-13,250190000.0
2024-10-14,250190000.0
2024-10-15,250190000.0
2024-10-16,250190000.0
2024-10-17,250190000.0
2024-10-18,250190000.0
2024-10-19,250190000.0
2024-10-20,250190000.0
2024-10-21,250190000.0
2024-10-22,250190000.0
2024-10-23,250190000.0
2024-10-24,250190000.0
2024-10-25,250190000.0
2024-10-26,250190000.0
2024-10-27,250190000.0
2024-10-28,250190000.0
2024-10-29,250190000.0
2024-10-30,250190000.0
2024-10-31,250190000.0
2024-11-01,274140000.0
2024-11-02,274140000.0
2024-11-03,274140000.0
2024-11-04,274140000.0
2024-11-05,274140000.0
2024-11-06,274140000.0
2024-11-07,274140000.0
2024-11-08,274140000.0
2024-11-09,274140000.0
2024-11-10,274140000.0
2024-11-11,274140000.0
2024-11-12,274140000.0
2024-11-13,274140000.0
2024-11-14,274140000.0
2024-11-15,274140000.0
2024-11-16,274140000.0
2024-11-17,274140000.0
2024-11-18,274140000.0
2024-11-19,274140000.0
2024-11-20,274140000.0
2024-11-21,274140000.0
2024-11-22,274140000.0
2024-11-23,274140000.0
2024-11-24,274140000.0
2024-11-25,274140000.0
2024-11-26,274140000.0
2024-11-27,274140000.0
2024-11-28,274140000.0
2024-11-29,274140000.0
2024-11-30,274140000.0
2024-12-01,200930000.0
2024-12-02,200930000.0
2024-12-03,200930000.0
2024-12-04,200930000.0
2024-12-05,200930000.0
2024-12-06,200930000.0
2024-12-07,200930000.0
2024-12-08,200930000.0
2024-12-09,200930000.0
2024-12-10,200930000.0
2024-12-11,200930000.0
2024-12-12,200930000.0
2024-12-13,200930000.0
2024-12-14,200930000.0
2024-12-15,200930000.0
2024-12-16,200930000.0
2024-12-17,200930000.0
2024-12-18,200930000.0
2024-12-19,200930000.0
2024-12-20,200930000.0
2024-12-21,200930000.0
2024-12-22,200930000.0
2024-12-23,200930000.0
2024-12-24,200930000.0
2024-12-25,200930000.0
2024-12-26,200930000.0
2024-12-27,200930000.0
2024-12-28,200930000.0
2024-12-29,200930000.0
2024-12-30,200930000.0
2024-12-31,200930000.0
2025-01-01,139490000.0
2025-01-02,139490000.0
2025-01-03,139490000.0
2025-01-04,139490000.0
2025-01-05,139490000.0
2025-01-06,139490000.0
2025-01-07,139490000.0
2025-01-08,139490000.0
2025-01-09,139490000.0
2025-01-10,139490000.0
2025-01-11,139490000.0
2025-01-12,139490000.0
2025-01-13,139490000.0
2025-01-14,139490000.0
2025-01-15,139490000.0
2025-01-16,139490000.0
2025-01-17,139490000.0
2025-01-18,139490000.0
2025-01-19,139490000.0
2025-01-20,139490000.0
2025-01-21,139490000.0
2025-01-22,139490000.0
2025-01-23,139490000.0
2025-01-24,139490000.0
2025-01-25,139490000.0
2025-01-26,139490000.0
2025-01-27,139490000.0
2025-01-28,139490000.0
2025-01-29,139490000.0
2025-01-30,139490000.0
2025-01-31,139490000.0
2025-02-01,127970000.0
2025-02-02,127970000.0
2025-02-03,127970000.0
2025-02-04,127970000.0
2025-02-05,127970000.0
2025-02-06,127970000.0
2025-02-07,127970000.0
2025-02-08,127970000.0
2025-02-09,127970000.0
2025-02-10,127970000.0
2025-02-11,127970000.0
2025-02-12,127970000.0
2025-02-13,127970000.0
2025-02-14,127970000.0
2025-02-15,127970000.0
2025-02-16,127970000.0
2025-02-17,127970000.0
2025-02-18,127970000.0
2025-02-19,127970000.0
2025-02-20,127970000.0
2025-02-21,127970000.0
2025-02-22,127970000.0
2025-02-23,127970000.0
2025-02-24,127970000.0
2025-02-25,127970000.0
2025-02-26,127970000.0
2025-02-27,127970000.0
2025-02-28,127970000.0
2025-03-01,152920000.0
2025-03-02,152920000.0
2025-03-03,152920000.0
2025-03-04,152920000.0
2025-03-05,152920000.0
2025-03-06,152920000.0
2025-03-07,152920000.0
2025-03-08,152920000.0
2025-03-09,152920000.0
2025-03-10,152920000.0
2025-03-11,152920000.0
2025-03-12,152920000.0
2025-03-13,152920000.0
2025-03-14,152920000.0
2025-03-15,152920000.0
2025-03-16,152920000.0
2025-03-17,152920000.0
2025-03-18,152920000.0
2025-03-19,152920000.0
2025-03-20,152920000.0
2025-03-21,152920000.0
2025-03-22,152920000.0
2025-03-23,152920000.0
2025-03-24,152920000.0
2025-03-25,152920000.0
2025-03-26,152920000.0
2025-03-27,152920000.0
2025-03-28,152920000.0
2025-03-29,152920000.0
2025-03-30,152920000.0
2025-03-31,152920000.0
2025-04-01,221220000.0
2025-04-02,221220000.0
2025-04-03,221220000.0
2025-04-04,221220000.0
2025-04-05,221220000.0
2025-04-06,221220000.0
2025-04-07,221220000.0
2025-04-08,221220000.0
2025-04-09,221220000.0
2025-04-10,221220000.0
2025-04-11,221220000.0
2025-04-12,221220000.0
2025-04-13,221220000.0
2025-04-14,221220000.0
2025-04-15,221220000.0
2025-04-16,221220000.0
2025-04-17,221220000.0
2025-04-18,221220000.0
2025-04-19,221220000.0
2025-04-20,221220000.0
2025-04-21,221220000.0
2025-04-22,221220000.0
2025-04-23,221220000.0
2025-04-24,221220000.0
2025-04-25,221220000.0
2025-04-26,221220000.0
2025-04-27,221220000.0
2025-04-28,221220000.0
2025-04-29,221220000.0
2025-04-30,221220000.0
2025-05-01,287010000.0
2025-05-02,287010000.0
2025-05-03,287010000.0
2025-05-04,287010000.0
2025-05-05,287010000.0
2025-05-06,287010000.0
2025-05-07,287010000.0
2025-05-08,287010000.0
2025-05-09,287010000.0
2025-05-10,287010000.0
2025-05-11,287010000.0
2025-05-12,287010000.0
2025-05-13,287010000.0
2025-05-14,287010000.0
2025-05-15,287010000.0
2025-05-16,287010000.0
2025-05-17,287010000.0
2025-05-18,287010000.0
2025-05-19,287010000.0
2025-05-20,287010000.0
2025-05-21,287010000.0
2025-05-22,287010000.0
2025-05-23,287010000.0
2025-05-24,287010000.0
2025-05-25,287010000.0
2025-05-26,287010000.0
2025-05-27,287010000.0
2025-05-28,287010000.0
2025-05-29,287010000.0
2025-05-30,287010000.0
2025-05-31,287010000.0
2025-06-01,280970000.0
2025-06-02,280970000.0
2025-06-03,280970000.0
2025-06-04,280970000.0
2025-06-05,280970000.0
2025-06-06,280970000.0
2025-06-07,280970000.0
2025-06-08,280970000.0
2025-06-09,280970000.0
2025-06-10,280970000.0
2025-06-11,280970000.0
2025-06-12,280970000.0
2025-06-13,280970000.0
2025-06-14,280970000.0
2025-06-15,280970000.0
2025-06-16,280970000.0
2025-06-17,280970000.0
2025-06-18,280970000.0
2025-06-19,280970000.0
2025-06-20,280970000.0
2025-06-21,280970000.0
2025-06-22,280970000.0
2025-06-23,280970000.0
2025-06-24,280970000.0
2025-06-25,280970000.0
2025-06-26,280970000.0
2025-06-27,280970000.0
2025-06-28,280970000.0
2025-06-29,280970000.0
2025-06-30,280970000.0
2025-07-01,254550000.0
2025-07-02,254550000.0
2025-07-03,254550000.0
2025-07-04,254550000.0
2025-07-05,254550000.0
2025-07-06,254550000.0
2025-07-07,254550000.0
2025-07-08,254550000.0
2025-07-09,254550000.0
2025-07-10,254550000.0
2025-07-11,254550000.0
2025-07-12,254550000.0
2025-07-13,254550000.0
2025-07-14,254550000.0
2025-07-15,254550000.0
2025-07-16,254550000.0
2025-07-17,254550000.0
2025-07-18,254550000.0
2025-07-19,254550000.0
2025-07-20,254550000.0
2025-07-21,254550000.0
2025-07-22,254550000.0
2025-07-23,254550000.0
2025-07-24,254550000.0
2025-07-25,254550000.0
2025-07-26,254550000.0
2025-07-27,254550000.0
2025-07-28,254550000.0
2025-07-29,254550000.0
2025-07-30,254550000.0
2025-07-31,251460000.0
2025-08-01,218790000.0
2025-08-02,218790000.0
2025-08-03,218790000.0
2025-08-04,218790000.0
2025-08-05,218790000.0
2025-08-06,218790000.0
2025-08-07,218790000.0
2025-08-08,218790000.0
2025-08-09,218790000.0
2025-08-10,218790000.0
2025-08-11,218790000.0
2025-08-12,218790000.0
2025-08-13,218790000.0
2025-08-14,218790000.0
2025-08-15,218790000.0
2025-08-16,218790000.0
2025-08-17,218790000.0
2025-08-18,218790000.0
2025-08-19,218790000.0
2025-08-20,218790000.0
2025-08-21,218790000.0
2025-08-22,218790000.0
2025-08-23,218790000.0
2025-08-24,218790000.0
2025-08-25,218790000.0
2025-08-26,218790000.0
2025-08-27,218790000.0
2025-08-28,218790000.0
2025-08-29,218790000.0
2025-08-30,218800000.0
2025-08-31,218800000.0
2025-09-01,208180000.0
2025-09-02,208180000.0
2025-09-03,208180000.0
2025-09-04,208180000.0
2025-09-05,208180000.0
2025-09-06,208180000.0
2025-09-07,208200000.0
2025-09-08,208200000.0
2025-09-09,208200000.0
2025-09-10,208200000.0
2025-09-11,208200000.0
2025-09-12,208200000.0
2025-09-13,208200000.0
2025-09-14,208200000.0
2025-09-15,208200000.0
2025-09-16,208200000.0
2025-09-17,208200000.0
2025-09-18,208200000.0
2025-09-19,208200000.0
2025-09-20,208200000.0
2025-09-21,208200000.0
2025-09-22,208200000.0
2025-09-23,208200000.0
2025-09-24,208200000.0
2025-09-25,208200000.0
2025-09-26,208200000.0
2025-09-27,208200000.0
2025-09-28,208200000.0
2025-09-29,208200000.0
2025-09-30,208200000.0
2025-10-01,246390000.0
2025-10-02,246390000.0
2025-10-03,246390000.0
2025-10-04,246390000.0
2025-10-05,246390000.0
2025-10-06,246390000.0
2025-10-07,246390000.0
2025-10-08,246390000.0
2025-10-09,246390000.0
2025-10-10,246390000.0
2025-10-11,246390000.0
2025-10-12,246390000.0
2025-10-13,246390000.0
2025-10-14,246390000.0
2025-10-15,246390000.0
2025-10-16,246390000.0
2025-10-17,246390000.0
2025-10-18,246390000.0
2025-10-19,246390000.0
2025-10-20,246390000.0
2025-10-21,246390000.0
2025-10-22,246390000.0
2025-10-23,246390000.0
2025-10-24,246390000.0
2025-10-25,246390000.0
2025-10-26,246390000.0
2025-10-27,246390000.0
2025-10-28,246390000.0
2025-10-29,246390000.0
2025-10-30,246390000.0
2025-10-31,246390000.0
2025-11-01,270490000.0
2025-11-02,270490000.0
2025-11-03,270490000.0
2025-11-04,270490000.0
2025-11-05,270490000.0
2025-11-06,270490000.0
2025-11-07,270490000.0
2025-11-08,270490000.0
2025-11-09,270490000.0
2025-11-10,270490000.0
2025-11-11,270490000.0
2025-11-12,270490000.0
2025-11-13,270490000.0
2025-11-14,270490000.0
2025-11-15,270490000.0
2025-11-16,270490000.0
2025-11-17,270490000.0
2025-11-18,270490000.0
2025-11-19,270490000.0
2025-11-20,270490000.0
2025-11-21,270490000.0
2025-11-22,270490000.0
2025-11-23,270490000.0
2025-11-24,270490000.0
2025-11-25,270490000.0
2025-11-26,270490000.0
2025-11-27,270490000.0
2025-11-28,270490000.0
2025-11-29,270490000.0
2025-11-30,270490000.0
2025-12-01,197400000.0
2025-12-02,197400000.0
2025-12-03,197400000.0
2025-12-04,197400000.0
2025-12-05,197400000.0
2025-12-06,197400000.0
2025-12-07,197400000.0
2025-12-08,197400000.0
2025-12-09,197400000.0
2025-12-10,197400000.0
2025-12-11,197400000.0
2025-12-12,197400000.0
2025-12-13,197400000.0
2025-12-14,197400000.0
2025-12-15,197400000.0
2025-12-16,197400000.0
2025-12-17,197400000.0
2025-12-18,197400000.0
2025-12-19,197400000.0
2025-12-20,197400000.0
2025-12-21,197400000.0
2025-12-22,197400000.0
2025-12-23,197400000.0
2025-12-24,197400000.0
2025-12-25,197400000.0
2025-12-26,197400000.0
2025-12-27,197400000.0
2025-12-28,197400000.0
2025-12-29,197400000.0
2025-12-30,197400000.0
2025-12-31,197830000.0
2026-01-01,137790000.0
2026-01-02,137790000.0
2026-01-03,137790000.0
2026-01-04,137790000.0
2026-01-05,137790000.0
2026-01-06,137790000.0
2026-01-07,137790000.0
2026-01-08,137790000.0
2026-01-09,137790000.0
2026-01-10,137790000.0
2026-01-11,137790000.0
2026-01-12,137790000.0
2026-01-13,137790000.0
2026-01-14,137790000.0
2026-01-15,137790000.0
2026-01-16,137790000.0
2026-01-17,137790000.0
2026-01-18,137790000.0
2026-01-19,137790000.0
2026-01-20,137790000.0
2026-01-21,137790000.0
2026-01-22,137790000.0
2026-01-23,137790000.0
2026-01-24,137790000.0
2026-01-25,137790000.0
2026-01-26,137790000.0
2026-01-27,137790000.0
2026-01-28,137790000.0
2026-01-29,137790000.0
2026-01-30,137790000.0
2026-01-31,137790000.0
2026-02-01,127260000.0
2026-02-02,127260000.0
2026-02-03,127260000.0
2026-02-04,127260000.0
2026-02-05,127260000.0
2026-02-06,127260000.0
2026-02-07,127260000.0
2026-02-08,127260000.0
2026-02-09,127260000.0
2026-02-10,127260000.0
2026-02-11,127260000.0
2026-02-12,127260000.0
2026-02-13,127260000.0
2026-02-14,127260000.0
2026-02-15,127260000.0
2026-02-16,127260000.0
2026-02-17,127260000.0
2026-02-18,127260000.0
2026-02-19,127260000.0
2026-02-20,127260000.0
2026-02-21,127260000.0
2026-02-22,127260000.0
2026-02-23,127260000.0
2026-02-24,127260000.0
2026-02-25,127260000.0
2026-02-26,127260000.0
2026-02-27,127260000.0
2026-02-28,127260000.0
2026-03-01,152420000.0
2026-03-02,152420000.0
2026-03-03,152420000.0
2026-03-04,152420000.0
2026-03-05,152420000.0
2026-03-06,152420000.0
2026-03-07,152420000.0
2026-03-08,152420000.0
2026-03-09,152420000.0
2026-03-10,152420000.0
2026-03-11,152420000.0
2026-03-12,152070000.0
2026-03-13,152070000.0
2026-03-14,152070000.0
2026-03-15,152070000.0
2026-03-16,152070000.0
2026-03-17,152070000.0
2026-03-18,152070000.0
2026-03-19,152070000.0
2026-03-20,152070000.0
2026-03-21,152070000.0
2026-03-22,152070000.0
2026-03-23,152070000.0
2026-03-24,152070000.0
2026-03-25,152070000.0
2026-03-26,152070000.0
2026-03-27,152070000.0
2026-03-28,152070000.0
2026-03-29,152070000.0
2026-03-30,152070000.0
2026-03-31,152070000.0
2026-04-01,220840000.0
2026-04-02,220840000.0
2026-04-03,220840000.0
2026-04-04,220840000.0
2026-04-05,220850000.0
2026-04-06,220850000.0
2026-04-07,220850000.0
2026-04-08,220850000.0
2026-04-09,220850000.0
2026-04-10,220850000.0
2026-04-11,220850000.0
2026-04-12,220850000.0
2026-04-13,220850000.0
2026-04-14,220850000.0
2026-04-15,220850000.0
2026-04-16,220850000.0
2026-04-17,220850000.0
2026-04-18,220850000.0
2026-04-19,220850000.0
2026-04-20,220850000.0
2026-04-21,220850000.0
2026-04-22,220850000.0
2026-04-23,220850000.0
2026-04-24,220850000.0
2026-04-25,220850000.0
2026-04-26,220850000.0
2026-04-27,220850000.0
2026-04-28,220850000.0
2026-04-29,220850000.0
2026-04-30,220850000.0
2026-05-01,284300000.0
2026-05-02,284300000.0
2026-05-03,284300000.0
2026-05-04,284300000.0
2026-05-05,284300000.0
2026-05-06,284300000.0
2026-05-07,284300000.0
2026-05-08,284300000.0
2026-05-09,284300000.0
2026-05-10,284300000.0
2026-05-11,284300000.0
2026-05-12,284300000.0
2026-05-13,284300000.0
2026-05-14,284300000.0
2026-05-15,284300000.0
2026-05-16,284300000.0
2026-05-17,284300000.0
2026-05-18,284300000.0
2026-05-19,284300000.0
2026-05-20,284300000.0
2026-05-21,284300000.0
2026-05-22,284300000.0
2026-05-23,284300000.0
2026-05-24,284300000.0
2026-05-25,284300000.0
2026-05-26,284300000.0
2026-05-27,284300000.0
2026-05-28,284300000.0
2026-05-29,284300000.0
2026-05-30,284300000.0
2026-05-31,284390000.0
2026-06-01,279730000.0
2026-06-02,279730000.0
2026-06-03,279730000.0
2026-06-04,279730000.0
2026-06-05,279730000.0
2026-06-06,279730000.0
2026-06-07,280280000.0
2026-06-08,280280000.0
2026-06-09,280280000.0
2026-06-10,280280000.0
2026-06-11,280280000.0
2026-06-12,280280000.0
2026-06-13,280280000.0
2026-06-14,280280000.0
2026-06-15,280280000.0
2026-06-16,280280000.0
2026-06-17,280280000.0
2026-06-18,280280000.0
2026-06-19,280280000.0
2026-06-20,280280000.0
2026-06-21,280280000.0
2026-06-22,280280000.0
2026-06-23,280280000.0
2026-06-24,280280000.0
2026-06-25,280280000.0
2026-06-26,280280000.0
2026-06-27,280280000.0
2026-06-28,280280000.0
2026-06-29,280280000.0
2026-06-30,280280000.0
2026-07-01,252140000.0
2026-07-02,252140000.0
2026-07-03,252140000.0
2026-07-04,252140000.0
2026-07-05,252560000.0
2026-07-06,252560000.0
2026-07-07,252560000.0
2026-07-08,252560000.0
2026-07-09,252560000.0
2026-07-10,252560000.0
2026-07-11,252560000.0
2026-07-12,252560000.0
2026-07-13,252560000.0
2026-07-14,252560000.0
2026-07-15,252560000.0
2026-07-16,252560000.0
2026-07-17,252560000.0
2026-07-18,252560000.0
2026-07-19,252560000.0
2026-07-20,252560000.0
2026-07-21,252560000.0
2026-07-22,252560000.0
2026-07-23,252560000.0
2026-07-24,252560000.0
2026-07-25,252560000.0
2026-07-26,252560000.0
2026-07-27,252560000.0
2026-07-28,252560000.0
2026-07-29,252560000.0
2026-07-30,252560000.0
2026-07-31,252560000.0
2026-08-01,219470000.0
2026-08-02,219470000.0
2026-08-03,219470000.0
2026-08-04,219470000.0
2026-08-05,219470000.0
2026-08-06,219470000.0
2026-08-07,219470000.0
