fecha,valor
2019-01-01,63035900.0
2019-01-02,60901300.0
2019-01-03,64058000.0
2019-01-04,62531300.0
2019-01-05,62769100.0
2019-01-06,68701100.0
2019-01-07,73105400.0
2019-01-08,67340400.0
2019-01-09,78001100.0
2019-01-10,74148600.0
2019-01-11,64123700.0
2019-01-12,67859800.0
2019-01-13,69245800.0
2019-01-14,75249400.0
2019-01-15,76075600.0
2019-01-16,74866300.0
2019-01-17,71206200.0
2019-01-18,74096100.0
2019-01-19,70487500.0
2019-01-20,84715100.0
2019-01-21,99163400.0
2019-01-22,73821300.0
2019-01-23,60833700.0
2019-01-24,59325000.0
2019-01-25,67777100.0
2019-01-26,61176300.0
2019-01-27,63514900.0
2019-01-28,71523500.0
2019-01-29,82082100.0
2019-01-30,63806100.0
2019-01-31,71622300.0
2019-02-01,72548500.0
2019-02-02,72581500.0
2019-02-03,68872600.0
2019-02-04,57683900.0
2019-02-05,67261500.0
2019-02-06,72305600.0
2019-02-07,71710100.0
2019-02-08,84816900.0
2019-02-09,80308600.0
2019-02-10,74978100.0
2019-02-11,65427200.0
2019-02-12,74117300.0
2019-02-13,61372900.0
2019-02-14,67370200.0
2019-02-15,56349400.0
2019-02-16,55495100.0
2019-02-17,66607400.0
2019-02-18,65849000.0
2019-02-19,83709700.0
2019-02-20,81827900.0
2019-02-21,75715300.0
2019-02-22,74940500.0
2019-02-23,87375400.0
2019-02-24,87179100.0
2019-02-25,88485100.0
2019-02-26,84367800.0
2019-02-27,93936600.0
2019-02-28,91820500.0
2019-03-01,80952600.0
2019-03-02,102977300.0
2019-03-03,72481300.0
2019-03-04,74048300.0
2019-03-05,71337100.0
2019-03-06,90965900.0
2019-03-07,71695400.0
2019-03-08,88646000.0
2019-03-09,73123100.0
2019-03-10,100111700.0
2019-03-11,101163800.0
2019-03-12,96258700.0
2019-03-13,78366300.0
2019-03-14,90310000.0
2019-03-15,101980300.0
2019-03-16,83550100.0
2019-03-17,88578800.0
2019-03-18,90007000.0
2019-03-19,142849300.0
2019-03-20,117920900.0
2019-03-21,112401100.0
2019-03-22,141974100.0
2019-03-23,147417300.0
2019-03-24,132084000.0
2019-03-25,114393000.0
2019-03-26,122911200.0
2019-03-27,103777600.0
2019-03-28,109044800.0
2019-03-29,122211400.0
2019-03-30,128964500.0
2019-03-31,100677800.0
2019-04-01,166306600.0
2019-04-02,220839000.0
2019-04-03,132915900.0
2019-04-04,133291000.0
2019-04-05,176725800.0
2019-04-06,202339400.0
2019-04-07,175546600.0
2019-04-08,138754100.0
2019-04-09,138237500.0
2019-04-10,129049200.0
2019-04-11,126166000.0
2019-04-12,138178300.0
2019-04-13,126648600.0
2019-04-14,137831200.0
2019-04-15,231763500.0
2019-04-16,141620600.0
2019-04-17,145394300.0
2019-04-18,173020700.0
2019-04-19,175040600.0
2019-04-20,205677100.0
2019-04-21,252147900.0
2019-04-22,325834500.0
2019-04-23,268829100.0
2019-04-24,293884100.0
2019-04-25,241468200.0
2019-04-26,244059400.0
2019-04-27,194148800.0
2019-04-28,187142700.0
2019-04-29,154055100.0
2019-04-30,126197100.0
2019-05-01,106024600.0
2019-05-02,102251800.0
2019-05-03,98057600.0
2019-05-04,108285100.0
2019-05-05,103885400.0
2019-05-06,106883300.0
2019-05-07,117041500.0
2019-05-08,155376300.0
2019-05-09,185244900.0
2019-05-10,230108500.0
2019-05-11,286151700.0
2019-05-12,237626900.0
2019-05-13,308549900.0
2019-05-14,339965600.0
2019-05-15,269666300.0
2019-05-16,211268800.0
2019-05-17,245991000.0
2019-05-18,214290100.0
2019-05-19,256912000.0
2019-05-20,244695700.0
2019-05-21,260891700.0
2019-05-22,269400900.0
2019-05-23,285674500.0
2019-05-24,334169200.0
2019-05-25,297776600.0
2019-05-26,241603500.0
2019-05-27,326039000.0
2019-05-28,242070400.0
2019-05-29,261505700.0
2019-05-30,298506900.0
2019-05-31,278916700.0
2019-06-01,352801100.0
2019-06-02,293743400.0
2019-06-03,248943500.0
2019-06-04,208728500.0
2019-06-05,257710600.0
2019-06-06,230489200.0
2019-06-07,268013700.0
2019-06-08,212450900.0
2019-06-09,185736700.0
2019-06-10,324148500.0
2019-06-11,276450900.0
2019-06-12,322149400.0
2019-06-13,242207900.0
2019-06-14,272658800.0
2019-06-15,267772100.0
2019-06-16,223636000.0
2019-06-17,232507700.0
2019-06-18,247467600.0
2019-06-19,200615700.0
2019-06-20,318587900.0
2019-06-21,367168400.0
2019-06-22,342664300.0
2019-06-23,316022900.0
2019-06-24,300708700.0
2019-06-25,245270300.0
2019-06-26,196138900.0
2019-06-27,160084300.0
2019-06-28,160804200.0
2019-06-29,200406500.0
2019-06-30,219137100.0
2019-07-01,255283100.0
2019-07-02,238181100.0
2019-07-03,232981700.0
2019-07-04,172502000.0
2019-07-05,198126700.0
2019-07-06,192267600.0
2019-07-07,146858900.0
2019-07-08,161731400.0
2019-07-09,152042100.0
2019-07-10,140789200.0
2019-07-11,155620000.0
2019-07-12,136799400.0
2019-07-13,217924200.0
2019-07-14,294211800.0
2019-07-15,294956900.0
2019-07-16,185197100.0
2019-07-17,151981400.0
2019-07-18,141125300.0
2019-07-19,244327800.0
2019-07-20,265828300.0
2019-07-21,276396900.0
2019-07-22,279440300.0
2019-07-23,368347300.0
2019-07-24,240510900.0
2019-07-25,195991100.0
2019-07-26,221173800.0
2019-07-27,208175900.0
2019-07-28,266803400.0
2019-07-29,184757500.0
2019-07-30,160524600.0
2019-07-31,144930200.0
2019-08-01,134614700.0
2019-08-02,150309300.0
2019-08-03,211800800.0
2019-08-04,179116500.0
2019-08-05,179459400.0
2019-08-06,140936200.0
2019-08-07,119959700.0
2019-08-08,166475200.0
2019-08-09,137772600.0
2019-08-10,127310600.0
2019-08-11,171071200.0
2019-08-12,159735300.0
2019-08-13,255500200.0
2019-08-14,295795600.0
2019-08-15,212284900.0
2019-08-16,161796800.0
2019-08-17,164197700.0
2019-08-18,138895000.0
2019-08-19,199507400.0
2019-08-20,148259200.0
2019-08-21,137154000.0
2019-08-22,112492600.0
2019-08-23,112145400.0
2019-08-24,109857400.0
2019-08-25,98939500.0
2019-08-26,89465600.0
2019-08-27,91196300.0
2019-08-28,137548900.0
2019-08-29,112013100.0
2019-08-30,89144300.0
2019-08-31,88923400.0
2019-09-01,104324600.0
2019-09-02,155531600.0
2019-09-03,103026700.0
2019-09-04,123856100.0
2019-09-05,110635100.0
2019-09-06,132414300.0
2019-09-07,121283400.0
2019-09-08,84545200.0
2019-09-09,82309500.0
2019-09-10,92756000.0
2019-09-11,101181500.0
2019-09-12,103287700.0
2019-09-13,133617800.0
2019-09-14,139305900.0
2019-09-15,108245100.0
2019-09-16,136699700.0
2019-09-17,98257800.0
2019-09-18,134994700.0
2019-09-19,157191800.0
2019-09-20,143569700.0
2019-09-21,172040000.0
2019-09-22,139209300.0
2019-09-23,177902200.0
2019-09-24,118885000.0
2019-09-25,149067100.0
2019-09-26,165258300.0
2019-09-27,101324500.0
2019-09-28,110206800.0
2019-09-29,135755200.0
2019-09-30,124942100.0
2019-10-01,145151500.0
2019-10-02,129060400.0
2019-10-03,244505600.0
2019-10-04,133646900.0
2019-10-05,133793600.0
2019-10-06,125556600.0
2019-10-07,144485200.0
2019-10-08,133320700.0
2019-10-09,115142400.0
2019-10-10,134788700.0
2019-10-11,152220600.0
2019-10-12,193558000.0
2019-10-13,240918000.0
2019-10-14,166105200.0
2019-10-15,123777700.0
2019-10-16,116825200.0
2019-10-17,140781200.0
2019-10-18,149544500.0
2019-10-19,205002600.0
2019-10-20,193702300.0
2019-10-21,187698800.0
2019-10-22,165728600.0
2019-10-23,209217400.0
2019-10-24,219384000.0
2019-10-25,188505200.0
2019-10-26,201078700.0
2019-10-27,208200100.0
2019-10-28,151915300.0
2019-10-29,162299500.0
2019-10-30,214711700.0
2019-10-31,144005000.0
2019-11-01,127352200.0
2019-11-02,136855200.0
2019-11-03,128405200.0
2019-11-04,136596000.0
2019-11-05,139377500.0
2019-11-06,121318700.0
2019-11-07,108403300.0
2019-11-08,107984300.0
2019-11-09,158956700.0
2019-11-10,121045300.0
2019-11-11,188187800.0
2019-11-12,223310200.0
2019-11-13,257022300.0
2019-11-14,215021100.0
2019-11-15,205038500.0
2019-11-16,176881300.0
2019-11-17,152259900.0
2019-11-18,147570100.0
2019-11-19,149836600.0
2019-11-20,172890300.0
2019-11-21,143387100.0
2019-11-22,164901400.0
2019-11-23,165669100.0
2019-11-24,140567800.0
2019-11-25,117887300.0
2019-11-26,113673600.0
2019-11-27,127120200.0
2019-11-28,130444500.0
2019-11-29,121316300.0
2019-11-30,119922800.0
2019-12-01,135369100.0
2019-12-02,111323800.0
2019-12-03,103056100.0
2019-12-04,96976500.0
2019-12-05,107206000.0
2019-12-06,96732400.0
2019-12-07,103591700.0
2019-12-08,104983100.0
2019-12-09,96900900.0
2019-12-10,92846100.0
2019-12-11,94893400.0
2019-12-12,95946200.0
2019-12-13,109395000.0
2019-12-14,142325800.0
2019-12-15,165291500.0
2019-12-16,104956100.0
2019-12-17,99962000.0
2019-12-18,104246000.0
2019-12-19,98450400.0
2019-12-20,129027600.0
2019-12-21,111089600.0
2019-12-22,112768800.0
2019-12-23,102009100.0
2019-12-24,93062800.0
2019-12-25,114902800.0
2019-12-26,138478200.0
2019-12-27,100303900.0
2019-12-28,80942900.0
2019-12-29,78816500.0
2019-12-30,110690400.0
2019-12-31,167617400.0
2020-01-01,132649500.0
2020-01-02,111878500.0
2020-01-03,92009200.0
2020-01-04,80894600.0
2020-01-05,71377000.0
2020-01-06,69214800.0
2020-01-07,62855700.0
2020-01-08,62094000.0
2020-01-09,58098600.0
2020-01-10,57561800.0
2020-01-11,57982900.0
2020-01-12,58500100.0
2020-01-13,54373000.0
2020-01-14,54069500.0
2020-01-15,54008500.0
2020-01-16,56339500.0
2020-01-17,66309700.0
2020-01-18,64646600.0
2020-01-19,64290600.0
2020-01-20,72638900.0
2020-01-21,74891300.0
2020-01-22,77122500.0
2020-01-23,65708900.0
2020-01-24,69752600.0
2020-01-25,61762000.0
2020-01-26,77326200.0
2020-01-27,79654900.0
2020-01-28,68677400.0
2020-01-29,64348600.0
2020-01-30,60157900.0
2020-01-31,66447000.0
2020-02-01,56449200.0
2020-02-02,59766500.0
2020-02-03,60492300.0
2020-02-04,53239100.0
2020-02-05,50275400.0
2020-02-06,48794400.0
2020-02-07,49371700.0
2020-02-08,51933200.0
2020-02-09,56481700.0
2020-02-10,49618800.0
2020-02-11,47103500.0
2020-02-12,45247700.0
2020-02-13,45078800.0
2020-02-14,48736700.0
2020-02-15,65149300.0
2020-02-16,54108000.0
2020-02-17,61923200.0
2020-02-18,46704500.0
2020-02-19,49763800.0
2020-02-20,56057200.0
2020-02-21,65371800.0
2020-02-22,88429300.0
2020-02-23,98867900.0
2020-02-24,91944700.0
2020-02-25,92816600.0
2020-02-26,114023800.0
2020-02-27,88502900.0
2020-02-28,85253100.0
2020-02-29,70650200.0
2020-03-01,69965500.0
2020-03-02,72079200.0
2020-03-03,72556900.0
2020-03-04,67206800.0
2020-03-05,55022800.0
2020-03-06,55398600.0
2020-03-07,61448100.0
2020-03-08,55826700.0
2020-03-09,61974400.0
2020-03-10,71759100.0
2020-03-11,91419700.0
2020-03-12,73389500.0
2020-03-13,77272500.0
2020-03-14,130730400.0
2020-03-15,105923700.0
2020-03-16,98138800.0
2020-03-17,100693800.0
2020-03-18,83390900.0
2020-03-19,80726100.0
2020-03-20,74570000.0
2020-03-21,71060400.0
2020-03-22,61909500.0
2020-03-23,62376500.0
2020-03-24,61646800.0
2020-03-25,66803300.0
2020-03-26,67507500.0
2020-03-27,64579400.0
2020-03-28,75087500.0
2020-03-29,81801900.0
2020-03-30,85715400.0
2020-03-31,104548700.0
2020-04-01,162246400.0
2020-04-02,115710500.0
2020-04-03,89715500.0
2020-04-04,104183800.0
2020-04-05,87625700.0
2020-04-06,85804700.0
2020-04-07,142674700.0
2020-04-08,92465300.0
2020-04-09,106754000.0
2020-04-10,98353100.0
2020-04-11,172999700.0
2020-04-12,109072800.0
2020-04-13,93111100.0
2020-04-14,91614500.0
2020-04-15,89989000.0
2020-04-16,79462200.0
2020-04-17,86427200.0
2020-04-18,101490600.0
2020-04-19,93550600.0
2020-04-20,87617700.0
2020-04-21,106767400.0
2020-04-22,90664100.0
2020-04-23,144036800.0
2020-04-24,105831700.0
2020-04-25,77459700.0
2020-04-26,82921900.0
2020-04-27,80177500.0
2020-04-28,101709900.0
2020-04-29,81634500.0
2020-04-30,94790800.0
2020-05-01,161614800.0
2020-05-02,120038700.0
2020-05-03,141304600.0
2020-05-04,117404500.0
2020-05-05,122861400.0
2020-05-06,110058900.0
2020-05-07,200073200.0
2020-05-08,139381900.0
2020-05-09,122650900.0
2020-05-10,108717700.0
2020-05-11,111236700.0
2020-05-12,98076000.0
2020-05-13,138165700.0
2020-05-14,112522300.0
2020-05-15,99208400.0
2020-05-16,163609500.0
2020-05-17,127914000.0
2020-05-18,144442500.0
2020-05-19,182853700.0
2020-05-20,129052700.0
2020-05-21,101618700.0
2020-05-22,95886800.0
2020-05-23,97358300.0
2020-05-24,87730800.0
2020-05-25,110141600.0
2020-05-26,136242300.0
2020-05-27,181368800.0
2020-05-28,156679200.0
2020-05-29,132723900.0
2020-05-30,211840100.0
2020-05-31,184254400.0
2020-06-01,195499100.0
2020-06-02,141893400.0
2020-06-03,136733100.0
2020-06-04,161315400.0
2020-06-05,118738900.0
2020-06-06,223522300.0
2020-06-07,151585700.0
2020-06-08,116939900.0
2020-06-09,105445300.0
2020-06-10,147340100.0
2020-06-11,186841900.0
2020-06-12,241092700.0
2020-06-13,165061700.0
2020-06-14,188264800.0
2020-06-15,200847000.0
2020-06-16,153504300.0
2020-06-17,196235300.0
2020-06-18,166654800.0
2020-06-19,157623800.0
2020-06-20,271236000.0
2020-06-21,293802500.0
2020-06-22,257779700.0
2020-06-23,220743900.0
2020-06-24,161679100.0
2020-06-25,135619300.0
2020-06-26,201220600.0
2020-06-27,197981300.0
2020-06-28,242160400.0
2020-06-29,163236600.0
2020-06-30,155837500.0
2020-07-01,159927200.0
2020-07-02,311952700.0
2020-07-03,212281600.0
2020-07-04,399701100.0
2020-07-05,330616700.0
2020-07-06,251516500.0
2020-07-07,237438400.0
2020-07-08,226032900.0
2020-07-09,275689500.0
2020-07-10,199630200.0
2020-07-11,282182300.0
2020-07-12,198585800.0
2020-07-13,206378600.0
2020-07-14,229018900.0
2020-07-15,176770100.0
2020-07-16,187097300.0
2020-07-17,178017000.0
2020-07-18,145383100.0
2020-07-19,153098400.0
2020-07-20,150038700.0
2020-07-21,164908300.0
2020-07-22,176466100.0
2020-07-23,159552100.0
2020-07-24,253766400.0
2020-07-25,407014400.0
2020-07-26,252271800.0
2020-07-27,309736300.0
2020-07-28,222300000.0
2020-07-29,169806600.0
2020-07-30,213302100.0
2020-07-31,176868300.0
2020-08-01,150177500.0
2020-08-02,122096400.0
2020-08-03,120089800.0
2020-08-04,111076600.0
2020-08-05,117925200.0
2020-08-06,123565400.0
2020-08-07,117158000.0
2020-08-08,149550100.0
2020-08-09,133826000.0
2020-08-10,119314300.0
2020-08-11,121505200.0
2020-08-12,133148000.0
2020-08-13,176751800.0
2020-08-14,214971200.0
2020-08-15,181175800.0
2020-08-16,156361700.0
2020-08-17,183275200.0
2020-08-18,126728800.0
2020-08-19,137609700.0
2020-08-20,223453200.0
2020-08-21,197675500.0
2020-08-22,249947100.0
2020-08-23,194252300.0
2020-08-24,156274500.0
2020-08-25,201331300.0
2020-08-26,170272700.0
2020-08-27,136654200.0
2020-08-28,158081800.0
2020-08-29,118338500.0
2020-08-30,122255100.0
2020-08-31,103706700.0
2020-09-01,130863800.0
2020-09-02,164685000.0
2020-09-03,152563700.0
2020-09-04,201979200.0
2020-09-05,181774900.0
2020-09-06,182950200.0
2020-09-07,158783200.0
2020-09-08,284870500.0
2020-09-09,154282000.0
2020-09-10,146542400.0
2020-09-11,138013100.0
2020-09-12,151314900.0
2020-09-13,140667300.0
2020-09-14,126624400.0
2020-09-15,114119000.0
2020-09-16,137549900.0
2020-09-17,130954100.0
2020-09-18,171385600.0
2020-09-19,182744700.0
2020-09-20,187046700.0
2020-09-21,173181700.0
2020-09-22,148570700.0
2020-09-23,172019800.0
2020-09-24,146659700.0
2020-09-25,151449200.0
2020-09-26,149150800.0
2020-09-27,155660500.0
2020-09-28,128645200.0
2020-09-29,126512500.0
2020-09-30,163068500.0
2020-10-01,148907700.0
2020-10-02,163058200.0
2020-10-03,138502400.0
2020-10-04,223054400.0
2020-10-05,185077800.0
2020-10-06,185589200.0
2020-10-07,127664400.0
2020-10-08,161096000.0
2020-10-09,156496500.0
2020-10-10,121652300.0
2020-10-11,106635900.0
2020-10-12,110960300.0
2020-10-13,155222100.0
2020-10-14,147450000.0
2020-10-15,125868400.0
2020-10-16,125143000.0
2020-10-17,102551700.0
2020-10-18,111364500.0
2020-10-19,126273100.0
2020-10-20,102836500.0
2020-10-21,109603900.0
2020-10-22,158640900.0
2020-10-23,132488800.0
2020-10-24,165207100.0
2020-10-25,121793700.0
2020-10-26,124359000.0
2020-10-27,115789200.0
2020-10-28,136714100.0
2020-10-29,132981200.0
2020-10-30,123541600.0
2020-10-31,225777500.0
2020-11-01,299751600.0
2020-11-02,161967500.0
2020-11-03,167627900.0
2020-11-04,145290100.0
2020-11-05,168747200.0
2020-11-06,178143500.0
2020-11-07,160815200.0
2020-11-08,162562300.0
2020-11-09,148233900.0
2020-11-10,196916900.0
2020-11-11,340668800.0
2020-11-12,235306600.0
2020-11-13,347286600.0
2020-11-14,319942400.0
2020-11-15,263288200.0
2020-11-16,342009100.0
2020-11-17,304187400.0
2020-11-18,320134600.0
2020-11-19,291002300.0
2020-11-20,256107100.0
2020-11-21,252981600.0
2020-11-22,201638400.0
2020-11-23,164207500.0
2020-11-24,167837200.0
2020-11-25,173978500.0
2020-11-26,155098900.0
2020-11-27,173437400.0
2020-11-28,326447400.0
2020-11-29,253281700.0
2020-11-30,213091800.0
2020-12-01,206927000.0
2020-12-02,214771800.0
2020-12-03,247264300.0
2020-12-04,167811300.0
2020-12-05,136791400.0
2020-12-06,145503300.0
2020-12-07,132784900.0
2020-12-08,126222600.0
2020-12-09,125367800.0
2020-12-10,121002400.0
2020-12-11,118399500.0
2020-12-12,104956300.0
2020-12-13,101368400.0
2020-12-14,94319200.0
2020-12-15,113568600.0
2020-12-16,96078500.0
2020-12-17,94357000.0
2020-12-18,105233700.0
2020-12-19,97947100.0
2020-12-20,111471900.0
2020-12-21,100475300.0
2020-12-22,145119900.0
2020-12-23,90100000.0
2020-12-24,110080200.0
2020-12-25,151050500.0
2020-12-26,158815700.0
2020-12-27,130860000.0
2020-12-28,122573000.0
2020-12-29,102585300.0
2020-12-30,109352800.0
2020-12-31,118550500.0
2021-01-01,118503400.0
2021-01-02,124764300.0
2021-01-03,131550400.0
2021-01-04,106500900.0
2021-01-05,108040700.0
2021-01-06,105571400.0
2021-01-07,114085700.0
2021-01-08,130360000.0
2021-01-09,125371400.0
2021-01-10,158533100.0
2021-01-11,197065200.0
2021-01-12,141975900.0
2021-01-13,112246600.0
2021-01-14,95120100.0
2021-01-15,82782200.0
2021-01-16,80110700.0
2021-01-17,78483200.0
2021-01-18,71193000.0
2021-01-19,69724500.0
2021-01-20,66877500.0
2021-01-21,65280500.0
2021-01-22,70043800.0
2021-01-23,91296300.0
2021-01-24,90754200.0
2021-01-25,98840500.0
2021-01-26,89524400.0
2021-01-27,75010000.0
2021-01-28,70319100.0
2021-01-29,69308700.0
2021-01-30,63453700.0
2021-01-31,59145700.0
2021-02-01,63655700.0
2021-02-02,76760500.0
2021-02-03,72136500.0
2021-02-04,67142400.0
2021-02-05,93293900.0
2021-02-06,79908600.0
2021-02-07,63483600.0
2021-02-08,68374500.0
2021-02-09,95075900.0
2021-02-10,103123200.0
2021-02-11,86854400.0
2021-02-12,80792900.0
2021-02-13,77342000.0
2021-02-14,71599900.0
2021-02-15,90694700.0
2021-02-16,68867800.0
2021-02-17,70178400.0
2021-02-18,77651300.0
2021-02-19,95273600.0
2021-02-20,87340600.0
2021-02-21,94850100.0
2021-02-22,105033500.0
2021-02-23,94881200.0
2021-02-24,85351600.0
2021-02-25,125479800.0
2021-02-26,146325200.0
2021-02-27,145694100.0
2021-02-28,121747000.0
2021-03-01,124939400.0
2021-03-02,152692600.0
2021-03-03,142987900.0
2021-03-04,122754300.0
2021-03-05,132600900.0
2021-03-06,111096500.0
2021-03-07,157266900.0
2021-03-08,220456000.0
2021-03-09,130382600.0
2021-03-10,138812100.0
2021-03-11,131012700.0
2021-03-12,186390100.0
2021-03-13,188166300.0
2021-03-14,154475700.0
2021-03-15,186683600.0
2021-03-16,240933200.0
2021-03-17,223884200.0
2021-03-18,284907600.0
2021-03-19,238886500.0
2021-03-20,258302200.0
2021-03-21,227078600.0
2021-03-22,228588800.0
2021-03-23,191755300.0
2021-03-24,262503500.0
2021-03-25,176273000.0
2021-03-26,209694800.0
2021-03-27,221206200.0
2021-03-28,160922800.0
2021-03-29,181142000.0
2021-03-30,235420900.0
2021-03-31,185303000.0
2021-04-01,165209700.0
2021-04-02,147235900.0
2021-04-03,186873600.0
2021-04-04,186255800.0
2021-04-05,210957000.0
2021-04-06,248382800.0
2021-04-07,180898500.0
2021-04-08,171884000.0
2021-04-09,274950300.0
2021-04-10,178208600.0
2021-04-11,164527000.0
2021-04-12,320549600.0
2021-04-13,172993800.0
2021-04-14,153917500.0
2021-04-15,179134300.0
2021-04-16,177048600.0
2021-04-17,214620000.0
2021-04-18,176269600.0
2021-04-19,156016500.0
2021-04-20,121929400.0
2021-04-21,131231700.0
2021-04-22,118293600.0
2021-04-23,152045200.0
2021-04-24,142287100.0
2021-04-25,115137000.0
2021-04-26,124970500.0
2021-04-27,182031100.0
2021-04-28,184299900.0
2021-04-29,255343400.0
2021-04-30,394223400.0
2021-05-01,238916500.0
2021-05-02,318501300.0
2021-05-03,413270000.0
2021-05-04,389435100.0
2021-05-05,373716300.0
2021-05-06,311073900.0
2021-05-07,315431000.0
2021-05-08,344864400.0
2021-05-09,324682400.0
2021-05-10,423162400.0
2021-05-11,291080000.0
2021-05-12,259072100.0
2021-05-13,251926800.0
2021-05-14,213602200.0
2021-05-15,223782800.0
2021-05-16,277389400.0
2021-05-17,415405600.0
2021-05-18,417090700.0
2021-05-19,260530800.0
2021-05-20,200419500.0
2021-05-21,169180700.0
2021-05-22,210899400.0
2021-05-23,248263800.0
2021-05-24,241222100.0
2021-05-25,379544700.0
2021-05-26,310287200.0
2021-05-27,276701900.0
2021-05-28,228735400.0
2021-05-29,265619000.0
2021-05-30,294494600.0
2021-05-31,330626100.0
2021-06-01,495449700.0
2021-06-02,360748600.0
2021-06-03,301846200.0
2021-06-04,250811700.0
2021-06-05,210502300.0
2021-06-06,264772500.0
2021-06-07,261841900.0
2021-06-08,372710000.0
2021-06-09,413482000.0
2021-06-10,305502300.0
2021-06-11,305733900.0
2021-06-12,393185100.0
2021-06-13,386568900.0
2021-06-14,399132700.0
2021-06-15,335383200.0
2021-06-16,288336100.0
2021-06-17,273551900.0
2021-06-18,261166100.0
2021-06-19,280880400.0
2021-06-20,491662800.0
2021-06-21,438969200.0
2021-06-22,333034600.0
2021-06-23,254005100.0
2021-06-24,352162100.0
2021-06-25,253305300.0
2021-06-26,242158800.0
2021-06-27,207514000.0
2021-06-28,224426000.0
2021-06-29,231684900.0
2021-06-30,214517800.0
2021-07-01,198009800.0
2021-07-02,207381600.0
2021-07-03,156586300.0
2021-07-04,148281000.0
2021-07-05,142101900.0
2021-07-06,143278500.0
2021-07-07,156559300.0
2021-07-08,237783000.0
2021-07-09,314943500.0
2021-07-10,253045200.0
2021-07-11,339572500.0
2021-07-12,230149700.0
2021-07-13,240981700.0
2021-07-14,218433900.0
2021-07-15,191511800.0
2021-07-16,239679400.0
2021-07-17,304791400.0
2021-07-18,301408500.0
2021-07-19,214477200.0
2021-07-20,185706700.0
2021-07-21,285327600.0
2021-07-22,351696700.0
2021-07-23,346203500.0
2021-07-24,240814600.0
2021-07-25,255725100.0
2021-07-26,239860100.0
2021-07-27,264597500.0
2021-07-28,203791800.0
2021-07-29,194441000.0
2021-07-30,276329200.0
2021-07-31,191150600.0
2021-08-01,150921400.0
2021-08-02,185839100.0
2021-08-03,216116800.0
2021-08-04,165165200.0
2021-08-05,147655900.0
2021-08-06,142840200.0
2021-08-07,131284400.0
2021-08-08,135469200.0
2021-08-09,158615900.0
2021-08-10,265760600.0
2021-08-11,220523700.0
2021-08-12,242586300.0
2021-08-13,274481200.0
2021-08-14,265025500.0
2021-08-15,275976000.0
2021-08-16,242919900.0
2021-08-17,372576600.0
2021-08-18,279224000.0
2021-08-19,260670100.0
2021-08-20,270186500.0
2021-08-21,224561400.0
2021-08-22,227307100.0
2021-08-23,258795400.0
2021-08-24,223994200.0
2021-08-25,231277400.0
2021-08-26,216862600.0
2021-08-27,166944000.0
2021-08-28,255839000.0
2021-08-29,176158200.0
2021-08-30,244917100.0
2021-08-31,231455600.0
2021-09-01,219804800.0
2021-09-02,185790600.0
2021-09-03,146633400.0
2021-09-04,161816300.0
2021-09-05,225241900.0
2021-09-06,203397700.0
2021-09-07,206958300.0
2021-09-08,210807400.0
2021-09-09,165101300.0
2021-09-10,177278700.0
2021-09-11,258241900.0
2021-09-12,270898700.0
2021-09-13,172009700.0
2021-09-14,172969600.0
2021-09-15,195237500.0
2021-09-16,152351100.0
2021-09-17,140128300.0
2021-09-18,125732900.0
2021-09-19,149688500.0
2021-09-20,132885400.0
2021-09-21,214598200.0
2021-09-22,250147000.0
2021-09-23,414874700.0
2021-09-24,238029200.0
2021-09-25,195312900.0
2021-09-26,152501100.0
2021-09-27,146132700.0
2021-09-28,145661500.0
2021-09-29,173859900.0
2021-09-30,216922100.0
2021-10-01,198363000.0
2021-10-02,217868100.0
2021-10-03,181268300.0
2021-10-04,159184300.0
2021-10-05,177431900.0
2021-10-06,219631200.0
2021-10-07,239819600.0
2021-10-08,178925400.0
2021-10-09,166152900.0
2021-10-10,180554800.0
2021-10-11,203895900.0
2021-10-12,164703100.0
2021-10-13,181814300.0
2021-10-14,192585500.0
2021-10-15,175831900.0
2021-10-16,228148000.0
2021-10-17,236173800.0
2021-10-18,181328200.0
2021-10-19,190427200.0
2021-10-20,191939300.0
2021-10-21,191489000.0
2021-10-22,188637900.0
2021-10-23,166833000.0
2021-10-24,162236500.0
2021-10-25,158627500.0
2021-10-26,239686100.0
2021-10-27,301362200.0
2021-10-28,245749100.0
2021-10-29,238320900.0
2021-10-30,256518200.0
2021-10-31,291785300.0
2021-11-01,248719900.0
2021-11-02,233893000.0
2021-11-03,259427300.0
2021-11-04,359163400.0
2021-11-05,231672000.0
2021-11-06,205027500.0
2021-11-07,222255900.0
2021-11-08,196694900.0
2021-11-09,220343200.0
2021-11-10,212165100.0
2021-11-11,201373800.0
2021-11-12,171944300.0
2021-11-13,215451800.0
2021-11-14,182581600.0
2021-11-15,168041000.0
2021-11-16,149167000.0
2021-11-17,132896800.0
2021-11-18,128167500.0
2021-11-19,147021700.0
2021-11-20,151289500.0
2021-11-21,165428100.0
2021-11-22,165469900.0
2021-11-23,197240700.0
2021-11-24,250376000.0
2021-11-25,289005400.0
2021-11-26,276508200.0
2021-11-27,247440400.0
2021-11-28,174282100.0
2021-11-29,170979200.0
2021-11-30,185318500.0
2021-12-01,198627300.0
2021-12-02,145687200.0
2021-12-03,146824400.0
2021-12-04,158923500.0
2021-12-05,138994200.0
2021-12-06,128261800.0
2021-12-07,124337000.0
2021-12-08,108149400.0
2021-12-09,111476600.0
2021-12-10,106666900.0
2021-12-11,118970900.0
2021-12-12,135896600.0
2021-12-13,123430400.0
2021-12-14,105531300.0
2021-12-15,101561200.0
2021-12-16,101274800.0
2021-12-17,108422600.0
2021-12-18,124073200.0
2021-12-19,112722800.0
2021-12-20,115131700.0
2021-12-21,110985300.0
2021-12-22,119317400.0
2021-12-23,110012400.0
2021-12-24,97504100.0
2021-12-25,96733800.0
2021-12-26,113922500.0
2021-12-27,117925800.0
2021-12-28,115501100.0
2021-12-29,123399800.0
2021-12-30,122339200.0
2021-12-31,101737100.0
2022-01-01,109609400.0
2022-01-02,110956100.0
2022-01-03,104047200.0
2022-01-04,98714700.0
2022-01-05,94102800.0
2022-01-06,107883100.0
2022-01-07,125123100.0
2022-01-08,96209500.0
2022-01-09,92680900.0
2022-01-10,88366400.0
2022-01-11,87275800.0
2022-01-12,85620900.0
2022-01-13,93587700.0
2022-01-14,138339500.0
2022-01-15,93725500.0
2022-01-16,80157300.0
2022-01-17,86931300.0
2022-01-18,80557200.0
2022-01-19,73558900.0
2022-01-20,70640900.0
2022-01-21,70042000.0
2022-01-22,78506900.0
2022-01-23,81458100.0
2022-01-24,72761800.0
2022-01-25,100598600.0
2022-01-26,84326600.0
2022-01-27,80802900.0
2022-01-28,78290100.0
2022-01-29,68878100.0
2022-01-30,60692800.0
2022-01-31,65619000.0
2022-02-01,67352500.0
2022-02-02,65271000.0
2022-02-03,60698400.0
2022-02-04,67715100.0
2022-02-05,82523700.0
2022-02-06,100014100.0
2022-02-07,102395800.0
2022-02-08,123537500.0
2022-02-09,126545300.0
2022-02-10,98034600.0
2022-02-11,89067100.0
2022-02-12,87808000.0
2022-02-13,87754300.0
2022-02-14,98853400.0
2022-02-15,87968700.0
2022-02-16,87287300.0
2022-02-17,84291900.0
2022-02-18,113955500.0
2022-02-19,111075200.0
2022-02-20,124664900.0
2022-02-21,144132700.0
2022-02-22,123505200.0
2022-02-23,104080600.0
2022-02-24,97925400.0
2022-02-25,117181200.0
2022-02-26,131397800.0
2022-02-27,142256300.0
2022-02-28,208868300.0
2022-03-01,203873900.0
2022-03-02,196579600.0
2022-03-03,179940300.0
2022-03-04,167678600.0
2022-03-05,174234500.0
2022-03-06,253982000.0
2022-03-07,217864900.0
2022-03-08,168226400.0
2022-03-09,138829300.0
2022-03-10,147686500.0
2022-03-11,123444700.0
2022-03-12,164611200.0
2022-03-13,140345300.0
2022-03-14,158938400.0
2022-03-15,160006900.0
2022-03-16,140978600.0
2022-03-17,142267800.0
2022-03-18,134070700.0
2022-03-19,121652900.0
2022-03-20,149143800.0
2022-03-21,132954400.0
2022-03-22,149150900.0
2022-03-23,135982700.0
2022-03-24,125903700.0
2022-03-25,139475200.0
2022-03-26,141236700.0
2022-03-27,204897100.0
2022-03-28,172222300.0
2022-03-29,192294400.0
2022-03-30,200737500.0
2022-03-31,207134500.0
2022-04-01,225915300.0
2022-04-02,202460500.0
2022-04-03,153416200.0
2022-04-04,179709400.0
2022-04-05,178659800.0
2022-04-06,183871100.0
2022-04-07,294078200.0
2022-04-08,219345400.0
2022-04-09,189101100.0
2022-04-10,176524200.0
2022-04-11,148095400.0
2022-04-12,188023200.0
2022-04-13,159374100.0
2022-04-14,116476200.0
2022-04-15,120432900.0
2022-04-16,139880700.0
2022-04-17,162387100.0
2022-04-18,196197100.0
2022-04-19,261310600.0
2022-04-20,290791600.0
2022-04-21,337314800.0
2022-04-22,357252900.0
2022-04-23,332769600.0
2022-04-24,261539500.0
2022-04-25,339062400.0
2022-04-26,227311000.0
2022-04-27,288351100.0
2022-04-28,255816100.0
2022-04-29,290964400.0
2022-04-30,194332000.0
2022-05-01,174273700.0
2022-05-02,187929300.0
2022-05-03,147385900.0
2022-05-04,131231200.0
2022-05-05,210806300.0
2022-05-06,173321800.0
2022-05-07,326641300.0
2022-05-08,257666200.0
2022-05-09,221308900.0
2022-05-10,199836500.0
2022-05-11,249409800.0
2022-05-12,229605300.0
2022-05-13,228972200.0
2022-05-14,285444400.0
2022-05-15,214193600.0
2022-05-16,267067100.0
2022-05-17,255487300.0
2022-05-18,299151800.0
2022-05-19,338946200.0
2022-05-20,308183100.0
2022-05-21,256870100.0
2022-05-22,208059800.0
2022-05-23,208723400.0
2022-05-24,201089000.0
2022-05-25,239320700.0
2022-05-26,206881000.0
2022-05-27,260751500.0
2022-05-28,189575200.0
2022-05-29,225639300.0
2022-05-30,265861400.0
2022-05-31,231906400.0
2022-06-01,228601800.0
2022-06-02,241718600.0
2022-06-03,224152300.0
2022-06-04,249816300.0
2022-06-05,266473500.0
2022-06-06,268928500.0
2022-06-07,355761100.0
2022-06-08,294306900.0
2022-06-09,272928100.0
2022-06-10,268338100.0
2022-06-11,380407200.0
2022-06-12,315042000.0
2022-06-13,275095800.0
2022-06-14,303437100.0
2022-06-15,329900400.0
2022-06-16,306903200.0
2022-06-17,230027100.0
2022-06-18,238318600.0
2022-06-19,284245800.0
2022-06-20,239614300.0
2022-06-21,211259300.0
2022-06-22,214031800.0
2022-06-23,249531100.0
2022-06-24,233024200.0
2022-06-25,280321900.0
2022-06-26,388276700.0
2022-06-27,296244300.0
2022-06-28,373755800.0
2022-06-29,340860300.0
2022-06-30,310777500.0
2022-07-01,274960500.0
2022-07-02,322783600.0
2022-07-03,266606100.0
2022-07-04,389980200.0
2022-07-05,306330200.0
2022-07-06,278858000.0
2022-07-07,238973800.0
2022-07-08,325892300.0
2022-07-09,246869900.0
2022-07-10,232338500.0
2022-07-11,313165200.0
2022-07-12,234840400.0
2022-07-13,348791900.0
2022-07-14,219408700.0
2022-07-15,185286300.0
2022-07-16,172517400.0
2022-07-17,199034000.0
2022-07-18,227123500.0
2022-07-19,157324700.0
2022-07-20,221613000.0
2022-07-21,201107700.0
2022-07-22,193997100.0
2022-07-23,227066900.0
2022-07-24,208897200.0
2022-07-25,258123900.0
2022-07-26,267213700.0
2022-07-27,254482600.0
2022-07-28,427840700.0
2022-07-29,332192600.0
2022-07-30,201689600.0
2022-07-31,233675300.0
2022-08-01,329372700.0
2022-08-02,385679900.0
2022-08-03,254233200.0
2022-08-04,236573700.0
2022-08-05,345870100.0
2022-08-06,530449800.0
2022-08-07,259869500.0
2022-08-08,205816700.0
2022-08-09,239185100.0
2022-08-10,240508400.0
2022-08-11,220052200.0
2022-08-12,173563600.0
2022-08-13,204676800.0
2022-08-14,267486800.0
2022-08-15,291423700.0
2022-08-16,254214300.0
2022-08-17,185730900.0
2022-08-18,162340700.0
2022-08-19,148334600.0
2022-08-20,209171100.0
2022-08-21,182574900.0
2022-08-22,231196700.0
2022-08-23,160633400.0
2022-08-24,134197600.0
2022-08-25,127896700.0
2022-08-26,134505800.0
2022-08-27,137211500.0
2022-08-28,185483400.0
2022-08-29,244481300.0
2022-08-30,141321300.0
2022-08-31,188491300.0
2022-09-01,175546400.0
2022-09-02,191317800.0
2022-09-03,266579500.0
2022-09-04,206190000.0
2022-09-05,157702600.0
2022-09-06,176290900.0
2022-09-07,182392200.0
2022-09-08,164041000.0
2022-09-09,183813700.0
2022-09-10,161284300.0
2022-09-11,159905300.0
2022-09-12,191182800.0
2022-09-13,210313700.0
2022-09-14,210542700.0
2022-09-15,161093300.0
2022-09-16,333511200.0
2022-09-17,192141900.0
2022-09-18,234411300.0
2022-09-19,211413700.0
2022-09-20,212373300.0
2022-09-21,206866400.0
2022-09-22,228951300.0
2022-09-23,218397800.0
2022-09-24,256813900.0
2022-09-25,249584300.0
2022-09-26,197265400.0
2022-09-27,173531600.0
2022-09-28,188855000.0
2022-09-29,201086000.0
2022-09-30,217822300.0
2022-10-01,299709100.0
2022-10-02,226736300.0
2022-10-03,184002300.0
2022-10-04,193901700.0
2022-10-05,208128600.0
2022-10-06,229918700.0
2022-10-07,252416500.0
2022-10-08,326270900.0
2022-10-09,277988000.0
2022-10-10,257625500.0
2022-10-11,239034100.0
2022-10-12,214905900.0
2022-10-13,233036300.0
2022-10-14,227242400.0
2022-10-15,233477200.0
2022-10-16,256546200.0
2022-10-17,291019000.0
2022-10-18,293193800.0
2022-10-19,343953300.0
2022-10-20,416423200.0
2022-10-21,344780900.0
2022-10-22,375108800.0
2022-10-23,406396000.0
2022-10-24,432843800.0
2022-10-25,362825700.0
2022-10-26,365189100.0
2022-10-27,394530500.0
2022-10-28,515982000.0
2022-10-29,495121400.0
2022-10-30,373702000.0
2022-10-31,302999800.0
2022-11-01,307389100.0
2022-11-02,348171200.0
2022-11-03,332700400.0
2022-11-04,311349300.0
2022-11-05,306774900.0
2022-11-06,316543900.0
2022-11-07,302072000.0
2022-11-08,376806500.0
2022-11-09,407586700.0
2022-11-10,465896300.0
2022-11-11,390678500.0
2022-11-12,417809800.0
2022-11-13,465587400.0
2022-11-14,423540900.0
2022-11-15,411772000.0
2022-11-16,370796900.0
2022-11-17,331054700.0
2022-11-18,370154600.0
2022-11-19,354378600.0
2022-11-20,339151600.0
2022-11-21,319459200.0
2022-11-22,329202200.0
2022-11-23,338536000.0
2022-11-24,331315700.0
2022-11-25,302396100.0
2022-11-26,319011400.0
2022-11-27,286885400.0
2022-11-28,357829500.0
2022-11-29,381915200.0
2022-11-30,365468200.0
2022-12-01,282982000.0
2022-12-02,254897900.0
2022-12-03,254558900.0
2022-12-04,264055000.0
2022-12-05,257258400.0
2022-12-06,260930100.0
2022-12-07,267689900.0
2022-12-08,293749000.0
2022-12-09,272516800.0
2022-12-10,236343800.0
2022-12-11,235862900.0
2022-12-12,261588200.0
2022-12-13,243522300.0
2022-12-14,225803200.0
2022-12-15,198015900.0
2022-12-16,175042800.0
2022-12-17,167475600.0
2022-12-18,174373400.0
2022-12-19,166743000.0
2022-12-20,162181100.0
2022-12-21,151421300.0
2022-12-22,151149300.0
2022-12-23,137369100.0
2022-12-24,169060400.0
2022-12-25,146748000.0
2022-12-26,154789300.0
2022-12-27,175677200.0
2022-12-28,165261000.0
2022-12-29,150082100.0
2022-12-30,139303200.0
2022-12-31,148298100.0
2023-01-01,142902400.0
2023-01-02,163554100.0
2023-01-03,184089600.0
2023-01-04,191457700.0
2023-01-05,163447800.0
2023-01-06,175940900.0
2023-01-07,221653600.0
2023-01-08,226277100.0
2023-01-09,192152100.0
2023-01-10,255699200.0
2023-01-11,276620800.0
2023-01-12,312216900.0
2023-01-13,264530500.0
2023-01-14,256570500.0
2023-01-15,251334100.0
2023-01-16,229221400.0
2023-01-17,206372500.0
2023-01-18,228911700.0
2023-01-19,216311500.0
2023-01-20,214946300.0
2023-01-21,190704800.0
2023-01-22,186519000.0
2023-01-23,166885400.0
2023-01-24,169915100.0
2023-01-25,146147100.0
2023-01-26,138420600.0
2023-01-27,129038900.0
2023-01-28,122285700.0
2023-01-29,113027300.0
2023-01-30,114688100.0
2023-01-31,113140300.0
2023-02-01,108792500.0
2023-02-02,115285000.0
2023-02-03,103379000.0
2023-02-04,111097600.0
2023-02-05,97617000.0
2023-02-06,96513700.0
2023-02-07,105952100.0
2023-02-08,98372700.0
2023-02-09,103082400.0
2023-02-10,102633300.0
2023-02-11,119329200.0
2023-02-12,110952900.0
2023-02-13,134761200.0
2023-02-14,117576700.0
2023-02-15,166305400.0
2023-02-16,138034400.0
2023-02-17,135484500.0
2023-02-18,145143700.0
2023-02-19,141297500.0
2023-02-20,150183400.0
2023-02-21,141937000.0
2023-02-22,154747700.0
2023-02-23,128006900.0
2023-02-24,117405900.0
2023-02-25,103100900.0
2023-02-26,98688800.0
2023-02-27,104303500.0
2023-02-28,128150100.0
2023-03-01,120339800.0
2023-03-02,117196200.0
2023-03-03,112028300.0
2023-03-04,164866200.0
2023-03-05,229283700.0
2023-03-06,225796400.0
2023-03-07,175819800.0
2023-03-08,217683400.0
2023-03-09,300383400.0
2023-03-10,229825800.0
2023-03-11,419131800.0
2023-03-12,394117800.0
2023-03-13,429220500.0
2023-03-14,356622900.0
2023-03-15,338865500.0
2023-03-16,343215300.0
2023-03-17,316313500.0
2023-03-18,293717600.0
2023-03-19,298759400.0
2023-03-20,253965400.0
2023-03-21,220874500.0
2023-03-22,210584100.0
2023-03-23,222494200.0
2023-03-24,234994400.0
2023-03-25,264039800.0
2023-03-26,251057200.0
2023-03-27,226837300.0
2023-03-28,234914600.0
2023-03-29,232014500.0
2023-03-30,211036700.0
2023-03-31,241632000.0
2023-04-01,218497300.0
2023-04-02,282921700.0
2023-04-03,228398800.0
2023-04-04,199095700.0
2023-04-05,277738300.0
2023-04-06,211064100.0
2023-04-07,236831100.0
2023-04-08,243732500.0
2023-04-09,214651500.0
2023-04-10,192918300.0
2023-04-11,196731300.0
2023-04-12,204237600.0
2023-04-13,185117100.0
2023-04-14,173621900.0
2023-04-15,167753800.0
2023-04-16,224020100.0
2023-04-17,306831500.0
2023-04-18,328312200.0
2023-04-19,237016700.0
2023-04-20,224194100.0
2023-04-21,247698000.0
2023-04-22,270054200.0
2023-04-23,255046800.0
2023-04-24,263848600.0
2023-04-25,251881100.0
2023-04-26,297054500.0
2023-04-27,250168900.0
2023-04-28,383768500.0
2023-04-29,317061100.0
2023-04-30,316593200.0
2023-05-01,230344500.0
2023-05-02,201608200.0
2023-05-03,168209600.0
2023-05-04,155560000.0
2023-05-05,143810200.0
2023-05-06,146703300.0
2023-05-07,139726000.0
2023-05-08,129208100.0
2023-05-09,137786200.0
2023-05-10,156708700.0
2023-05-11,149898000.0
2023-05-12,147524000.0
2023-05-13,145952400.0
2023-05-14,153538600.0
2023-05-15,164297200.0
2023-05-16,165785300.0
2023-05-17,224612900.0
2023-05-18,149064500.0
2023-05-19,160097400.0
2023-05-20,191365000.0
2023-05-21,187854700.0
2023-05-22,209950600.0
2023-05-23,328961900.0
2023-05-24,306842900.0
2023-05-25,358444000.0
2023-05-26,419452900.0
2023-05-27,313276100.0
2023-05-28,394653600.0
2023-05-29,359710700.0
2023-05-30,387905100.0
2023-05-31,279574800.0
2023-06-01,417034200.0
2023-06-02,313209700.0
2023-06-03,228785300.0
2023-06-04,203802600.0
2023-06-05,327713700.0
2023-06-06,306826000.0
2023-06-07,241265200.0
2023-06-08,304688300.0
2023-06-09,275109700.0
2023-06-10,225022800.0
2023-06-11,281782100.0
2023-06-12,197539200.0
2023-06-13,171370900.0
2023-06-14,197799200.0
2023-06-15,232197800.0
2023-06-16,254465800.0
2023-06-17,236781300.0
2023-06-18,220171200.0
2023-06-19,181099900.0
2023-06-20,157685400.0
2023-06-21,179288600.0
2023-06-22,182335400.0
2023-06-23,196344600.0
2023-06-24,217898000.0
2023-06-25,251988600.0
2023-06-26,301293200.0
2023-06-27,202860100.0
2023-06-28,184710600.0
2023-06-29,187026700.0
2023-06-30,185646100.0
2023-07-01,171982500.0
2023-07-02,252214200.0
2023-07-03,198082000.0
2023-07-04,220246100.0
2023-07-05,188575400.0
2023-07-06,229441300.0
2023-07-07,285696000.0
2023-07-08,268017500.0
2023-07-09,218068100.0
2023-07-10,261648700.0
2023-07-11,208309800.0
2023-07-12,198531700.0
2023-07-13,174811300.0
2023-07-14,316972300.0
2023-07-15,247899100.0
2023-07-16,293437400.0
2023-07-17,416736400.0
2023-07-18,347191500.0
2023-07-19,326654000.0
2023-07-20,238712600.0
2023-07-21,285810600.0
2023-07-22,249850000.0
2023-07-23,197991200.0
2023-07-24,228213700.0
2023-07-25,181204100.0
2023-07-26,172060100.0
2023-07-27,177671000.0
2023-07-28,168166000.0
2023-07-29,158391500.0
2023-07-30,190950300.0
2023-07-31,182671600.0
2023-08-01,227473900.0
2023-08-02,212559000.0
2023-08-03,175503100.0
2023-08-04,163961300.0
2023-08-05,207083100.0
2023-08-06,164105400.0
2023-08-07,212050400.0
2023-08-08,180413300.0
2023-08-09,238061200.0
2023-08-10,163909800.0
2023-08-11,184950300.0
2023-08-12,186975200.0
2023-08-13,218014500.0
2023-08-14,158954900.0
2023-08-15,213896200.0
2023-08-16,173689500.0
2023-08-17,162023300.0
2023-08-18,175300000.0
2023-08-19,140105200.0
2023-08-20,187976500.0
2023-08-21,206192300.0
2023-08-22,375386800.0
2023-08-23,234825500.0
2023-08-24,171939900.0
2023-08-25,185529000.0
2023-08-26,169558400.0
2023-08-27,136816800.0
2023-08-28,123925200.0
2023-08-29,138709800.0
2023-08-30,115233600.0
2023-08-31,104909500.0
2023-09-01,100726100.0
2023-09-02,109175200.0
2023-09-03,113959300.0
2023-09-04,147524400.0
2023-09-05,116252700.0
2023-09-06,102923700.0
2023-09-07,102282100.0
2023-09-08,93512900.0
2023-09-09,99672600.0
2023-09-10,144484500.0
2023-09-11,257835200.0
2023-09-12,184491700.0
2023-09-13,145306400.0
2023-09-14,154476700.0
2023-09-15,131802100.0
2023-09-16,106285100.0
2023-09-17,139260300.0
2023-09-18,111024900.0
2023-09-19,98885900.0
2023-09-20,91061000.0
2023-09-21,92349700.0
2023-09-22,89218000.0
2023-09-23,110422100.0
2023-09-24,106884600.0
2023-09-25,121821100.0
2023-09-26,109394600.0
2023-09-27,90163500.0
2023-09-28,97944800.0
2023-09-29,94631900.0
2023-09-30,95552600.0
2023-10-01,133645500.0
2023-10-02,108228100.0
2023-10-03,111560700.0
2023-10-04,141244500.0
2023-10-05,138341300.0
2023-10-06,145582800.0
2023-10-07,167576800.0
2023-10-08,192754100.0
2023-10-09,132377900.0
2023-10-10,151323900.0
2023-10-11,152375300.0
2023-10-12,123860000.0
2023-10-13,130289000.0
2023-10-14,136957300.0
2023-10-15,122624600.0
2023-10-16,121221100.0
2023-10-17,117327000.0
2023-10-18,114567000.0
2023-10-19,110499700.0
2023-10-20,107624900.0
2023-10-21,107681700.0
2023-10-22,109987000.0
2023-10-23,142724300.0
2023-10-24,177018000.0
2023-10-25,151789800.0
2023-10-26,198510400.0
2023-10-27,213546700.0
2023-10-28,192318900.0
2023-10-29,200642600.0
2023-10-30,224467900.0
2023-10-31,255567100.0
2023-11-01,277557900.0
2023-11-02,308069100.0
2023-11-03,320878000.0
2023-11-04,335305300.0
2023-11-05,258984000.0
2023-11-06,254521400.0
2023-11-07,254784000.0
2023-11-08,194584200.0
2023-11-09,180180200.0
2023-11-10,180031000.0
2023-11-11,173460600.0
2023-11-12,200091400.0
2023-11-13,157722700.0
2023-11-14,171323400.0
2023-11-15,236243400.0
2023-11-16,169218000.0
2023-11-17,190111200.0
2023-11-18,255460600.0
2023-11-19,224764800.0
2023-11-20,230662300.0
2023-11-21,201619800.0
2023-11-22,179661500.0
2023-11-23,157437700.0
2023-11-24,161893600.0
2023-11-25,195573100.0
2023-11-26,152716400.0
2023-11-27,137498000.0
2023-11-28,141733800.0
2023-11-29,123904500.0
2023-11-30,123471900.0
2023-12-01,108539500.0
2023-12-02,103783800.0
2023-12-03,99216000.0
2023-12-04,94405700.0
2023-12-05,92867600.0
2023-12-06,100058900.0
2023-12-07,99459500.0
2023-12-08,97799900.0
2023-12-09,93255400.0
2023-12-10,120248400.0
2023-12-11,97586700.0
2023-12-12,102419800.0
2023-12-13,87087200.0
2023-12-14,87007600.0
2023-12-15,104304100.0
2023-12-16,125186600.0
2023-12-17,165335300.0
2023-12-18,137040700.0
2023-12-19,128180200.0
2023-12-20,129011400.0
2023-12-21,129149600.0
2023-12-22,118919900.0
2023-12-23,114187600.0
2023-12-24,112835600.0
2023-12-25,111514600.0
2023-12-26,134318300.0
2023-12-27,134196000.0
2023-12-28,170482100.0
2023-12-29,159616600.0
2023-12-30,143280000.0
2023-12-31,143690800.0
2024-01-01,113953000.0
2024-01-02,107441500.0
2024-01-03,104709700.0
2024-01-04,96512400.0
2024-01-05,94223400.0
2024-01-06,92639100.0
2024-01-07,84182700.0
2024-01-08,79861500.0
2024-01-09,77384900.0
2024-01-10,80260100.0
2024-01-11,79514700.0
2024-01-12,84508800.0
2024-01-13,81670600.0
2024-01-14,75244100.0
2024-01-15,72823700.0
2024-01-16,71431100.0
2024-01-17,69539200.0
2024-01-18,65297000.0
2024-01-19,65100300.0
2024-01-20,63234700.0
2024-01-21,64067100.0
2024-01-22,65290200.0
2024-01-23,63370900.0
2024-01-24,59400500.0
2024-01-25,57323400.0
2024-01-26,57789800.0
2024-01-27,61824600.0
2024-01-28,58352500.0
2024-01-29,55824700.0
2024-01-30,56651300.0
2024-01-31,63838600.0
2024-02-01,73514800.0
2024-02-02,78787200.0
2024-02-03,117509800.0
2024-02-04,119721800.0
2024-02-05,122669400.0
2024-02-06,128870700.0
2024-02-07,114225000.0
2024-02-08,96330500.0
2024-02-09,91603500.0
2024-02-10,96342400.0
2024-02-11,82639600.0
2024-02-12,77355200.0
2024-02-13,68233400.0
2024-02-14,75611500.0
2024-02-15,67637200.0
2024-02-16,73235800.0
2024-02-17,71230200.0
2024-02-18,72107300.0
2024-02-19,61707200.0
2024-02-20,63676500.0
2024-02-21,65225100.0
2024-02-22,70220400.0
2024-02-23,67668200.0
2024-02-24,59359400.0
2024-02-25,63111300.0
2024-02-26,63744900.0
2024-02-27,62663900.0
2024-02-28,60294700.0
2024-02-29,60417100.0
2024-03-01,61720800.0
2024-03-02,63020800.0
2024-03-03,64725800.0
2024-03-04,73105800.0
2024-03-05,70430900.0
2024-03-06,67121900.0
2024-03-07,60933600.0
2024-03-08,69237000.0
2024-03-09,80522600.0
2024-03-10,67767600.0
2024-03-11,92765000.0
2024-03-12,83443800.0
2024-03-13,63794900.0
2024-03-14,88123400.0
2024-03-15,66347900.0
2024-03-16,60062200.0
2024-03-17,66897500.0
2024-03-18,61367800.0
2024-03-19,75342800.0
2024-03-20,68679500.0
2024-03-21,77489500.0
2024-03-22,77256700.0
2024-03-23,63960200.0
2024-03-24,56055600.0
2024-03-25,70352000.0
2024-03-26,77876900.0
2024-03-27,72693500.0
2024-03-28,65809800.0
2024-03-29,67556600.0
2024-03-30,66343100.0
2024-03-31,77779900.0
2024-04-01,92990100.0
2024-04-02,139612300.0
2024-04-03,123729300.0
2024-04-04,169249900.0
2024-04-05,148355900.0
2024-04-06,138336700.0
2024-04-07,103202300.0
2024-04-08,96362500.0
2024-04-09,91784300.0
2024-04-10,78443900.0
2024-04-11,70623700.0
2024-04-12,68514900.0
2024-04-13,65146200.0
2024-04-14,62796200.0
2024-04-15,65502900.0
2024-04-16,63683300.0
2024-04-17,67793900.0
2024-04-18,84331800.0
2024-04-19,123280100.0
2024-04-20,140721300.0
2024-04-21,173855300.0
2024-04-22,214617000.0
2024-04-23,192210300.0
2024-04-24,165158200.0
2024-04-25,168278300.0
2024-04-26,175197100.0
2024-04-27,190925700.0
2024-04-28,206187700.0
2024-04-29,303206200.0
2024-04-30,204872300.0
2024-05-01,212009400.0
2024-05-02,230236700.0
2024-05-03,199967600.0
2024-05-04,316463600.0
2024-05-05,350512500.0
2024-05-06,257521500.0
2024-05-07,205696100.0
2024-05-08,315640600.0
2024-05-09,468731500.0
2024-05-10,394791000.0
2024-05-11,293322000.0
2024-05-12,288970400.0
2024-05-13,335064900.0
2024-05-14,261290000.0
2024-05-15,374121300.0
2024-05-16,337663700.0
2024-05-17,249148000.0
2024-05-18,244952200.0
2024-05-19,222439800.0
2024-05-20,207462400.0
2024-05-21,217396900.0
2024-05-22,206367000.0
2024-05-23,202814800.0
2024-05-24,226819800.0
2024-05-25,242552800.0
2024-05-26,198248700.0
2024-05-27,197166200.0
2024-05-28,269604200.0
2024-05-29,447210300.0
2024-05-30,359839600.0
2024-05-31,398208300.0
2024-06-01,274562900.0
2024-06-02,218214700.0
2024-06-03,236130600.0
2024-06-04,571654500.0
2024-06-05,336807100.0
2024-06-06,275483800.0
2024-06-07,230699700.0
2024-06-08,243227300.0
2024-06-09,281959700.0
2024-06-10,277395800.0
2024-06-11,327983700.0
2024-06-12,229893300.0
2024-06-13,223460200.0
2024-06-14,248330000.0
2024-06-15,414058600.0
2024-06-16,643404200.0
2024-06-17,364806300.0
2024-06-18,324208600.0
2024-06-19,341390000.0
2024-06-20,364549600.0
2024-06-21,307908300.0
2024-06-22,263890000.0
2024-06-23,388481200.0
2024-06-24,300617100.0
2024-06-25,333435700.0
2024-06-26,471128900.0
2024-06-27,375340900.0
2024-06-28,383568700.0
2024-06-29,333400400.0
2024-06-30,282234500.0
2024-07-01,279201400.0
2024-07-02,291625700.0
2024-07-03,336697600.0
2024-07-04,340458600.0
2024-07-05,455697600.0
2024-07-06,370462600.0
2024-07-07,294943200.0
2024-07-08,255486500.0
2024-07-09,256429700.0
2024-07-10,220544200.0
2024-07-11,197351200.0
2024-07-12,195596200.0
2024-07-13,222692400.0
2024-07-14,201550700.0
2024-07-15,209934400.0
2024-07-16,190165600.0
2024-07-17,178222800.0
2024-07-18,170867800.0
2024-07-19,161896900.0
2024-07-20,156788500.0
2024-07-21,239612100.0
2024-07-22,223575300.0
2024-07-23,204941400.0
2024-07-24,171954800.0
2024-07-25,180805900.0
2024-07-26,162863300.0
2024-07-27,194535400.0
2024-07-28,286297300.0
2024-07-29,178013600.0
2024-07-30,209198500.0
2024-07-31,233384000.0
2024-08-01,180122000.0
2024-08-02,163241800.0
2024-08-03,146664700.0
2024-08-04,140576800.0
2024-08-05,180817400.0
2024-08-06,199844500.0
2024-08-07,188227200.0
2024-08-08,139841100.0
2024-08-09,173198000.0
2024-08-10,177523500.0
2024-08-11,192073400.0
2024-08-12,165865200.0
2024-08-13,218022900.0
2024-08-14,163513100.0
2024-08-15,127260400.0
2024-08-16,150406700.0
2024-08-17,137504900.0
2024-08-18,108292300.0
2024-08-19,113278600.0
2024-08-20,107045700.0
2024-08-21,101873200.0
2024-08-22,114831000.0
2024-08-23,150738900.0
2024-08-24,146103600.0
2024-08-25,153825900.0
2024-08-26,122598200.0
2024-08-27,113475300.0
2024-08-28,108806700.0
2024-08-29,132316000.0
2024-08-30,105552500.0
2024-08-31,94749600.0
2024-09-01,150333500.0
2024-09-02,142781400.0
2024-09-03,129653700.0
2024-09-04,128190100.0
2024-09-05,224231500.0
2024-09-06,111290600.0
2024-09-07,135644100.0
2024-09-08,101816100.0
2024-09-09,94599600.0
2024-09-10,108768000.0
2024-09-11,90735800.0
2024-09-12,94571800.0
2024-09-13,128432400.0
2024-09-14,98236400.0
2024-09-15,94735200.0
2024-09-16,94201400.0
2024-09-17,148583800.0
2024-09-18,93796300.0
2024-09-19,88377800.0
2024-09-20,91032100.0
2024-09-21,108282400.0
2024-09-22,127219900.0
2024-09-23,168703400.0
2024-09-24,99837100.0
2024-09-25,109327400.0
2024-09-26,126144500.0
2024-09-27,120360000.0
2024-09-28,125872900.0
2024-09-29,196398200.0
2024-09-30,169409900.0
2024-10-01,151688400.0
2024-10-02,149839100.0
2024-10-03,144925800.0
2024-10-04,128217200.0
2024-10-05,150645700.0
2024-10-06,140415200.0
2024-10-07,155065700.0
2024-10-08,192996500.0
2024-10-09,196061300.0
2024-10-10,251539500.0
2024-10-11,171598300.0
2024-10-12,142217300.0
2024-10-13,172936200.0
2024-10-14,119897000.0
2024-10-15,122646800.0
2024-10-16,122431200.0
2024-10-17,125345600.0
2024-10-18,108708200.0
2024-10-19,136574000.0
2024-10-20,149082000.0
2024-10-21,164808900.0
2024-10-22,182963300.0
2024-10-23,186815200.0
2024-10-24,199017500.0
2024-10-25,158038200.0
2024-10-26,132720200.0
2024-10-27,180789500.0
2024-10-28,147329100.0
2024-10-29,120980900.0
2024-10-30,125725400.0
2024-10-31,161233600.0
2024-11-01,155425300.0
2024-11-02,161445600.0
2024-11-03,144003100.0
2024-11-04,184711900.0
2024-11-05,181546800.0
2024-11-06,170449700.0
2024-11-07,190856500.0
2024-11-08,226662900.0
2024-11-09,267807400.0
2024-11-10,365226500.0
2024-11-11,342563900.0
2024-11-12,293147300.0
2024-11-13,284772000.0
2024-11-14,331701500.0
2024-11-15,285349000.0
2024-11-16,279854000.0
2024-11-17,251361500.0
2024-11-18,236598600.0
2024-11-19,268120900.0
2024-11-20,254003800.0
2024-11-21,317703100.0
2024-11-22,344722900.0
2024-11-23,320967100.0
2024-11-24,299235200.0
2024-11-25,225744600.0
2024-11-26,220411000.0
2024-11-27,232876100.0
2024-11-28,207649300.0
2024-11-29,190964100.0
2024-11-30,161347300.0
2024-12-01,148711600.0
2024-12-02,152342900.0
2024-12-03,149698600.0
2024-12-04,137071000.0
2024-12-05,137746100.0
2024-12-06,141257200.0
2024-12-07,139814700.0
2024-12-08,131761600.0
2024-12-09,117770300.0
2024-12-10,116464900.0
2024-12-11,111757900.0
2024-12-12,109060300.0
2024-12-13,119756000.0
2024-12-14,117388700.0
2024-12-15,152436100.0
2024-12-16,154584400.0
2024-12-17,125009300.0
2024-12-18,119228200.0
2024-12-19,124753100.0
2024-12-20,111862000.0
2024-12-21,139782100.0
2024-12-22,154464800.0
2024-12-23,197255000.0
2024-12-24,154788100.0
2024-12-25,128536900.0
2024-12-26,171658800.0
2024-12-27,184248800.0
2024-12-28,181352500.0
2024-12-29,199109900.0
2024-12-30,208920500.0
2024-12-31,209550400.0
2025-01-01,192466100.0
2025-01-02,175322300.0
2025-01-03,216588700.0
2025-01-04,232210600.0
2025-01-05,273548300.0
2025-01-06,212102300.0
2025-01-07,174947100.0
2025-01-08,169746500.0
2025-01-09,160689300.0
2025-01-10,152291000.0
2025-01-11,138123800.0
2025-01-12,121138800.0
2025-01-13,109843700.0
2025-01-14,105419600.0
2025-01-15,107201400.0
2025-01-16,99772100.0
2025-01-17,101321500.0
2025-01-18,95518100.0
2025-01-19,98509400.0
2025-01-20,89250000.0
2025-01-21,83526000.0
2025-01-22,82371200.0
2025-01-23,81779700.0
2025-01-24,79463100.0
2025-01-25,80752300.0
2025-01-26,105680400.0
2025-01-27,99343300.0
2025-01-28,102422200.0
2025-01-29,108877500.0
2025-01-30,112874800.0
2025-01-31,115985700.0
2025-02-01,96508000.0
2025-02-02,88775300.0
2025-02-03,95534500.0
2025-02-04,102562800.0
2025-02-05,127063300.0
2025-02-06,105218300.0
2025-02-07,112409600.0
2025-02-08,132795000.0
2025-02-09,147178500.0
2025-02-10,127670600.0
2025-02-11,136142900.0
2025-02-12,137356800.0
2025-02-13,141648500.0
2025-02-14,190909000.0
2025-02-15,185030600.0
2025-02-16,209537800.0
2025-02-17,260718100.0
2025-02-18,262338800.0
2025-02-19,212512100.0
2025-02-20,204840300.0
2025-02-21,196574900.0
2025-02-22,235916500.0
2025-02-23,214869200.0
2025-02-24,188257700.0
2025-02-25,214439100.0
2025-02-26,186502100.0
2025-02-27,178348000.0
2025-02-28,186293400.0
2025-03-01,178102000.0
2025-03-02,167054200.0
2025-03-03,177033000.0
2025-03-04,205659600.0
2025-03-05,208140200.0
2025-03-06,231715800.0
2025-03-07,232776200.0
2025-03-08,203255000.0
2025-03-09,167512500.0
2025-03-10,164151800.0
2025-03-11,168314800.0
2025-03-12,212941200.0
2025-03-13,203667100.0
2025-03-14,222780800.0
2025-03-15,201087900.0
2025-03-16,216830200.0
2025-03-17,293449600.0
2025-03-18,315454100.0
2025-03-19,232097100.0
2025-03-20,221625600.0
2025-03-21,245027500.0
2025-03-22,226524000.0
2025-03-23,179812500.0
2025-03-24,154684500.0
2025-03-25,145053700.0
2025-03-26,140063700.0
2025-03-27,164833900.0
2025-03-28,181076300.0
2025-03-29,212270400.0
2025-03-30,207392000.0
2025-03-31,265484300.0
2025-04-01,277727300.0
2025-04-02,269131000.0
2025-04-03,258049000.0
2025-04-04,278917100.0
2025-04-05,310244000.0
2025-04-06,285431400.0
2025-04-07,302836800.0
2025-04-08,352811200.0
2025-04-09,298834800.0
2025-04-10,443408700.0
2025-04-11,575534900.0
2025-04-12,404191900.0
2025-04-13,292411300.0
2025-04-14,257350500.0
2025-04-15,221652500.0
2025-04-16,196667700.0
2025-04-17,219535900.0
2025-04-18,186772500.0
2025-04-19,230771600.0
2025-04-20,348640400.0
2025-04-21,267937700.0
2025-04-22,258036300.0
2025-04-23,273315500.0
2025-04-24,333902600.0
2025-04-25,329676900.0
2025-04-26,402887100.0
2025-04-27,383619300.0
2025-04-28,494129700.0
2025-04-29,421121600.0
2025-04-30,536803500.0
2025-05-01,437821800.0
2025-05-02,376247200.0
2025-05-03,442959900.0
2025-05-04,369731900.0
2025-05-05,527135600.0
2025-05-06,572447400.0
2025-05-07,558869300.0
2025-05-08,433226700.0
2025-05-09,437721300.0
2025-05-10,349876700.0
2025-05-11,340631200.0
2025-05-12,315853900.0
2025-05-13,316577200.0
2025-05-14,315254200.0
2025-05-15,376042300.0
2025-05-16,338235400.0
2025-05-17,557996200.0
2025-05-18,480075700.0
2025-05-19,515046100.0
2025-05-20,620241100.0
2025-05-21,477614400.0
2025-05-22,508164600.0
2025-05-23,380537800.0
2025-05-24,376930700.0
2025-05-25,302894200.0
2025-05-26,294549100.0
2025-05-27,340037600.0
2025-05-28,285876300.0
2025-05-29,250496800.0
2025-05-30,324852600.0
2025-05-31,317219200.0
2025-06-01,309188500.0
2025-06-02,353733000.0
2025-06-03,307904100.0
2025-06-04,355185600.0
2025-06-05,337651800.0
2025-06-06,507126500.0
2025-06-07,398064700.0
2025-06-08,284144500.0
2025-06-09,417549400.0
2025-06-10,448343900.0
2025-06-11,405161000.0
2025-06-12,348659800.0
2025-06-13,475489700.0
2025-06-14,482783600.0
2025-06-15,427348000.0
2025-06-16,348999800.0
2025-06-17,495948700.0
2025-06-18,464625900.0
2025-06-19,319396500.0
2025-06-20,343771600.0
2025-06-21,283264200.0
2025-06-22,304928600.0
2025-06-23,415096400.0
2025-06-24,503049800.0
2025-06-25,361995700.0
2025-06-26,285397100.0
2025-06-27,371589100.0
2025-06-28,452804600.0
2025-06-29,326761500.0
2025-06-30,352854500.0
2025-07-01,428816000.0
2025-07-02,390051600.0
2025-07-03,468464700.0
2025-07-04,355325800.0
2025-07-05,350662600.0
2025-07-06,276383900.0
2025-07-07,245060900.0
2025-07-08,230623700.0
2025-07-09,232731700.0
2025-07-10,255908000.0
2025-07-11,450637800.0
2025-07-12,375577300.0
2025-07-13,343770200.0
2025-07-14,368346900.0
2025-07-15,274483000.0
2025-07-16,246156700.0
2025-07-17,223165200.0
2025-07-18,308494900.0
2025-07-19,375568200.0
2025-07-20,270035800.0
2025-07-21,305239600.0
2025-07-22,260943200.0
2025-07-23,269647800.0
2025-07-24,243086400.0
2025-07-25,239471200.0
2025-07-26,245989700.0
2025-07-27,256482800.0
2025-07-28,277483600.0
2025-07-29,305451100.0
2025-07-30,291666700.0
2025-07-31,193123654.39
2025-08-01,213159892.08
2025-08-02,231531716.84
2025-08-03,278200181.34
2025-08-04,286446724.42
2025-08-05,200963815.25
2025-08-06,166634515.41
2025-08-07,196266441.63
2025-08-08,251201755.58
2025-08-09,296616002.3
2025-08-10,231004865.13
2025-08-11,255422727.36
2025-08-12,222122759.22
2025-08-13,199654712.13
2025-08-14,171559257.23
2025-08-15,202914175.85
2025-08-16,243459441.7
2025-08-17,193943518.38
2025-08-18,304110629.19
2025-08-19,226319627.48
2025-08-20,171375036.73
2025-08-21,239092104.0
2025-08-22,211467465.03
2025-08-23,211810982.75
2025-08-24,195533888.13
2025-08-25,205618366.95
2025-08-26,180032086.89
2025-08-27,234831546.57
2025-08-28,226465911.72
2025-08-29,175034510.82
2025-08-30,167444302.76
2025-08-31,187069073.62
2025-09-01,235692126.33
2025-09-02,253492621.56
2025-09-03,284926181.1
2025-09-04,293813200.46
2025-09-05,266914106.77
2025-09-06,237638748.12
2025-09-07,353459351.56
2025-09-08,273899223.18
2025-09-09,223642326.38
2025-09-10,169296475.72
2025-09-11,207403068.35
2025-09-12,157658098.68
2025-09-13,142607319.29
2025-09-14,171991742.74
2025-09-15,168397816.96
2025-09-16,144842128.52
2025-09-17,151579545.4
2025-09-18,205051892.62
2025-09-19,190918382.31
2025-09-20,209969932.74
2025-09-21,160769100.76
2025-09-22,142448492.88
2025-09-23,141654278.27
2025-09-24,141345175.37
2025-09-25,170371194.06
2025-09-26,147179644.77
2025-09-27,152577667.33
2025-09-28,181136776.46
2025-09-29,167982468.18
2025-09-30,214142286.72
2025-10-01,181708429.93
2025-10-02,199244643.45
2025-10-03,201901612.16
2025-10-04,163371296.21
2025-10-05,185073686.6
2025-10-06,200857023.01
2025-10-07,189561482.28
2025-10-08,231811209.41
2025-10-09,183085197.91
2025-10-10,244620505.55
2025-10-11,224506033.64
2025-10-12,317220718.01
2025-10-13,234637238.64
2025-10-14,217548538.3
2025-10-15,191461954.65
2025-10-16,249576876.83
2025-10-17,256607459.99
2025-10-18,278455410.71
2025-10-19,213027136.11
2025-10-20,226373831.95
2025-10-21,228788658.29
2025-10-22,242100823.48
2025-10-23,255318128.69
2025-10-24,274414756.42
2025-10-25,262702342.43
2025-10-26,277858733.87
2025-10-27,320521724.6
2025-10-28,248262226.07
2025-10-29,239135407.79
2025-10-30,221416026.91
2025-10-31,234226410.71
2025-11-01,196743107.81
2025-11-02,199610413.25
2025-11-03,219757587.2
2025-11-04,200144843.98
2025-11-05,197497892.19
2025-11-06,242946451.55
2025-11-07,184506450.71
2025-11-08,153045361.12
2025-11-09,186969108.91
2025-11-10,228848439.52
2025-11-11,183135738.78
2025-11-12,173126386.15
2025-11-13,214509951.23
2025-11-14,314244560.63
2025-11-15,256101379.33
2025-11-16,409918475.22
2025-11-17,402331544.2
2025-11-18,265894802.85
2025-11-19,261901796.0
2025-11-20,258413956.81
2025-11-21,237517871.57
2025-11-22,205927247.24
2025-11-23,221008457.85
2025-11-24,219914857.81
2025-11-25,207457972.2
2025-11-26,190628541.21
2025-11-27,204572602.37
2025-11-28,240171923.05
2025-11-29,234669029.5
2025-11-30,250299543.77
2025-12-01,290961217.57
2025-12-02,265516449.9
2025-12-03,235279492.04
2025-12-04,247499503.77
2025-12-05,278019832.25
2025-12-06,237760712.3
2025-12-07,245636988.04
2025-12-08,221124981.42
2025-12-09,200336394.08
2025-12-10,176474982.6
2025-12-11,167120675.51
2025-12-12,192116421.78
2025-12-13,164465209.79
2025-12-14,151276772.33
2025-12-15,165775278.24
2025-12-16,177888747.38
2025-12-17,173594606.05
2025-12-18,169932877.66
2025-12-19,164253134.72
2025-12-20,171384794.77
2025-12-21,148959887.46
2025-12-22,165115299.64
2025-12-23,144275051.35
2025-12-24,142713229.72
2025-12-25,166781081.45
2025-12-26,141683574.01
2025-12-27,145748424.15
2025-12-28,140505174.3
2025-12-29,128361613.37
2025-12-30,128293023.21
2025-12-31,132489587.33
