fecha_hora,compras_arranque_parada
2019-01-01,481371053.91785
2019-01-02,490634415.03589
2019-01-03,221437429.86972
2019-01-04,959553.25132
2019-01-05,89932079.17907
2019-01-06,9517366.63662
2019-01-07,5866254.44067
2019-01-08,1498308.47401
2019-01-09,7602271.47404
2019-01-10,50160218.01528
2019-01-11,15377441.355
2019-01-12,39610131.86466
2019-01-13,146447799.6227
2019-01-14,102506078.24792
2019-01-15,86912962.46504
2019-01-16,144056782.11529
2019-01-17,168638368.90819
2019-01-18,313646668.05138
2019-01-19,396116887.60167
2019-01-20,788700048.47305
2019-01-21,541784868.63483
2019-01-22,433706190.03817
2019-01-23,39671580.27551
2019-01-24,314984179.41983
2019-01-25,230702116.887
2019-01-26,129630103.17193
2019-01-27,63713306.08675
2019-01-28,73112548.65314
2019-01-29,154745167.48917
2019-01-30,120648985.9908
2019-01-31,75535074.9882
2019-02-01,75936482.95688
2019-02-02,472857388.43776
2019-02-03,484388215.44184
2019-02-04,388597272.21492
2019-02-05,95874208.35482
2019-02-06,84206066.25608
2019-02-07,492015990.52462
2019-02-08,418130744.24147
2019-02-09,236459116.54972
2019-02-10,85771309.5791
2019-02-11,143241340.47236
2019-02-12,312362474.77589
2019-02-13,61598926.16779
2019-02-14,11091066.14901
2019-02-15,103847209.25203
2019-02-16,21009009.17793
2019-02-17,36274193.73496
2019-02-18,116743268.6575
2019-02-19,238534008.04921
2019-02-20,249561913.75422
2019-02-21,580147408.96712
2019-02-22,308089842.05482
2019-02-23,27552900.89218
2019-02-24,426836040.81992
2019-02-25,442077374.86212
2019-02-26,669960518.24361
2019-02-27,191100412.11164
2019-02-28,203368350.77857
2019-03-01,189313314.18928
2019-03-02,126743678.91364
2019-03-03,9372166.44587
2019-03-04,37442239.58902
2019-03-05,84996955.777
2019-03-06,304875413.89534
2019-03-07,44929036.19546
2019-03-08,6636671.88875
2019-03-09,26847796.12868
2019-03-10,26997366.64442
2019-03-11,68637692.84787
2019-03-12,18550445.41201
2019-03-13,182200209.049
2019-03-14,237059149.45518
2019-03-15,242405840.51605
2019-03-16,135381122.98541
2019-03-17,145909616.64675
2019-03-18,97278221.26583
2019-03-19,165266401.39064
2019-03-20,67003784.64438
2019-03-21,56648079.49624
2019-03-22,78897906.23995
2019-03-23,112972431.76181
2019-03-24,832047189.63023
2019-03-25,133257935.90113
2019-03-26,104588568.56845
2019-03-27,503828439.24013
2019-03-28,422484476.83549
2019-03-29,43758295.86329
2019-03-30,77746757.03663
2019-03-31,122357940.51936
2019-04-01,292020363.36258
2019-04-02,91704484.55236
2019-04-03,288146765.46323
2019-04-04,158627993.21985
2019-04-05,328601767.10425
2019-04-06,104384527.84054
2019-04-07,23616539.38877
2019-04-08,96563265.73501
2019-04-09,34948005.736
2019-04-10,58762559.84834
2019-04-11,249619029.69506
2019-04-12,298224581.96164
2019-04-13,64748191.67239
2019-04-14,608314252.58215
2019-04-15,74948084.56794
2019-04-16,28561843.16818
2019-04-17,253956075.99063
2019-04-18,44762459.43045
2019-04-19,1866916166.84717
2019-04-20,318465742.10479
2019-04-21,152459539.68845
2019-04-22,41295429.0067
2019-04-23,94490745.60929
2019-04-24,173163604.16018
2019-04-25,727894149.52999
2019-04-26,539429676.39067
2019-04-27,411827849.44493
2019-04-28,287596605.45461
2019-04-29,112978617.63767
2019-04-30,109567473.55204
2019-05-02,333349034.96419
2019-05-03,67327399.59197
2019-05-04,19636905.59383
2019-05-05,874762492.21592
2019-05-06,909276538.27938
2019-05-07,412729926.41523
2019-05-08,432199630.7555
2019-05-09,302623181.01498
2019-05-10,91632788.24411
2019-05-11,358385999.01812
2019-05-12,432421532.45456
2019-05-13,408272155.11557
2019-05-14,210543991.60691
2019-05-15,117375269.21171
2019-05-16,338700493.73275
2019-05-17,169554427.88893
2019-05-18,236556183.89797
2019-05-19,468517132.09106
2019-05-20,1200145568.84077
2019-05-21,387060560.05548
2019-05-22,115431347.00016
2019-05-23,256910959.09992
2019-05-24,209008612.3066
2019-05-25,87168300.78455
2019-05-26,777836779.26392
2019-05-27,640812082.87591
2019-05-28,47403901.12803
2019-05-29,31374971.13601
2019-05-30,39214288.87077
2019-05-31,113266618.25719
2019-06-02,807862346.85008
2019-06-03,775410712.73749
2019-06-04,310411530.0646
2019-06-05,226526643.92916
2019-06-06,91146592.43523
2019-06-07,154882658.95473
2019-06-08,136399727.84062
2019-06-09,1405529776.80851
2019-06-10,674152707.13164
2019-06-11,82454558.34673
2019-06-12,69348881.99544
2019-06-13,267057079.32265
2019-06-14,475293325.89011
2019-06-15,401673009.14031
2019-06-16,623701253.19938
2019-06-17,1028632026.26408
2019-06-18,594642832.07353
2019-06-19,101087702.1523
2019-06-20,694974559.65969
2019-06-21,687718235.71983
2019-06-22,155954364.62461
2019-06-23,232024207.58814
2019-06-24,36146566.9762
2019-06-25,531857407.43283
2019-06-26,209230764.23237
2019-06-27,335312036.26788
2019-06-28,287278324.01122
2019-06-29,82102700.9214
2019-06-30,60366537.26389
2019-07-01,235351210.06821
2019-07-02,91648269.55982
2019-07-03,193871846.09483
2019-07-04,79654385.18922
2019-07-05,91497249.88108
2019-07-06,216028024.19411
2019-07-07,91471944.33993
2019-07-08,211779721.95592
2019-07-09,104279142.69675
2019-07-10,128254816.80354
2019-07-11,320671573.34766
2019-07-12,67220836.45623
2019-07-13,50446294.40592
2019-07-14,64800834.13693
2019-07-15,47983679.42874
2019-07-16,60680198.91512
2019-07-17,59588274.6851
2019-07-18,52984509.74199
2019-07-19,289673073.65367
2019-07-20,367733488.91215
2019-07-21,83815652.34666
2019-07-22,166199178.27452
2019-07-23,400208148.63187
2019-07-24,381202410.71361
2019-07-25,911934596.39924
2019-07-26,266784815.88238
2019-07-27,93199991.47462
2019-07-28,88118310.55207
2019-07-29,71955074.23869
2019-07-30,136440047.69711
2019-07-31,109416130.72891
2019-08-01,109993235.79163
2019-08-02,93247300.07536
2019-08-03,98350112.63388
2019-08-04,73392492.41466
2019-08-05,132614690.31522
2019-08-06,76785238.00938
2019-08-07,83507194.57362
2019-08-08,181166807.24686
2019-08-09,491741533.89298
2019-08-10,640193037.31375
2019-08-11,96965350.9915
2019-08-12,194942268.91377
2019-08-13,518421667.3441
2019-08-14,434286936.52031
2019-08-15,68044371.85608
2019-08-16,264992752.92331
2019-08-17,120558913.20686
2019-08-18,105257847.48609
2019-08-19,93212398.95265
2019-08-20,590208260.84984
2019-08-21,126475279.38106
2019-08-22,143377428.57046
2019-08-23,179622728.91214
2019-08-24,165201657.6935
2019-08-25,234282411.33244
2019-08-26,194939732.66852
2019-08-27,382973181.63063
2019-08-28,456674271.17062
2019-08-29,385871649.94327
2019-08-30,85434993.22521
2019-08-31,207117302.09029
2019-09-01,135734662.11529
2019-09-02,52614873.42721
2019-09-03,217211630.80003
2019-09-04,95057279.68386
2019-09-05,489094994.77891
2019-09-06,220062289.87438
2019-09-07,66792532.78193
2019-09-08,75772464.66619
2019-09-09,34979251.48641
2019-09-10,60300797.79913
2019-09-11,85335678.53606
2019-09-12,148639910.88606
2019-09-13,151048292.70853
2019-09-14,450978088.52439
2019-09-15,342182798.6502
2019-09-16,27144162.1366
2019-09-17,2660323.26907
2019-09-18,7074346.72263
2019-09-19,96050638.53263
2019-09-20,204333212.45084
2019-09-21,149597310.01956
2019-09-22,8357327.02988
2019-09-23,18181042.50878
2019-09-24,14796928.81003
2019-09-25,12127898.3057
2019-09-26,134261379.82161
2019-09-27,88130541.46176
2019-09-28,134485750.75469
2019-09-29,168589542.82087
2019-09-30,77026715.87863
2019-10-01,349530874.6556
2019-10-02,166865617.94738
2019-10-03,351361997.49441
2019-10-04,460753631.73725
2019-10-05,79273960.01765
2019-10-06,56972545.01815
2019-10-07,126738945.58043
2019-10-08,171483794.56738
2019-10-09,141210603.39954
2019-10-10,177586436.04912
2019-10-11,76182281.94626
2019-10-12,42846851.56204
2019-10-13,4696959.72963
2019-10-14,37243562.27859
2019-10-15,105963212.59149
2019-10-16,226364530.69206
2019-10-17,559881529.06842
2019-10-18,360818439.71361
2019-10-19,579806243.7522
2019-10-20,65301205.33182
2019-10-21,41004114.54094
2019-10-22,356677045.73944
2019-10-23,569922265.95829
2019-10-24,384878690.74156
2019-10-25,308533745.42071
2019-10-26,29175400.44622
2019-10-27,103707711.53544
2019-10-28,136590269.678
2019-10-29,124304923.1562
2019-10-30,48115603.91208
2019-10-31,140933278.05792
2019-11-02,63823581.47081
2019-11-03,187426302.63229
2019-11-04,21645840.6295
2019-11-05,139430726.66464
2019-11-06,101318375.65528
2019-11-07,172913130.53666
2019-11-08,97551638.00053
2019-11-09,119896630.72025
2019-11-10,9676334.58888
2019-11-11,12930140.63233
2019-11-12,141845598.5775
2019-11-13,399615139.49023
2019-11-14,34498097.99442
2019-11-15,157181958.52978
2019-11-16,51377440.12941
2019-11-17,36467612.56309
2019-11-18,65024649.63622
2019-11-19,79583305.66413
2019-11-20,53016919.09573
2019-11-21,242330259.03528
2019-11-22,178186025.29356
2019-11-23,41720606.74985
2019-11-24,32406522.88646
2019-11-25,19804131.26123
2019-11-26,72053661.04841
2019-11-27,242505073.21761
2019-11-28,439346380.53235
2019-11-29,231907893.37795
2019-11-30,284235236.19053
2019-12-02,93494770.20588
2019-12-03,66865113.65773
2019-12-04,44194608.62199
2019-12-05,271583566.12155
2019-12-06,121037376.96649
2019-12-07,217173601.24937
2019-12-08,115020878.31616
2019-12-09,77798019.58482
2019-12-10,54519639.22864
2019-12-11,75418138.68847
2019-12-12,2340173.77788
2019-12-13,2814221.81707
2019-12-14,79702768.67479
2019-12-15,58221601.39155
2019-12-16,99882604.26829
2019-12-17,600374787.46692
2019-12-18,179522976.89654
2019-12-19,82717753.54084
2019-12-20,165977858.14328
2019-12-21,23085125.392
2019-12-22,8375164.20673
2019-12-23,158215109.52831
2019-12-24,343499689.82934
2019-12-25,46472190.83099
2019-12-26,220281894.49856
2019-12-27,287153594.77108
2019-12-28,70068329.60445
2019-12-29,44590472.93894
2019-12-30,47652686.23476
2019-12-31,5055551.80828
2020-01-02,599575042.62389
2020-01-03,271317820.95994
2020-01-04,114097338.72557
2020-01-05,67423070.88378
2020-01-06,248306272.20184
2020-01-07,206309744.97549
2020-01-08,113909394.41369
2020-01-09,37515204.47703
2020-01-10,30388054.43857
2020-01-11,37497509.32535
2020-01-12,59567531.98212
2020-01-13,41654394.46819
2020-01-14,11374465.91706
2020-01-15,72852539.0389
2020-01-16,174229678.47826
2020-01-17,287280521.35308
2020-01-18,151440496.36346
2020-01-19,3378207.99256
2020-01-20,3707283.2885
2020-01-21,106483298.14499
2020-01-22,73624077.36348
2020-01-23,159975073.6086
2020-01-24,2975171.94373
2020-01-25,12112542.5616
2020-01-26,14722942.70517
2020-01-27,443858.07227
2020-01-28,27606166.02584
2020-01-29,24285259.45829
2020-01-30,7661552.66091
2020-01-31,1125199.11525
2020-02-02,32825486.05833
2020-02-03,3790581.6889
2020-02-04,20164778.50373
2020-02-06,57185947.37097
2020-02-07,151285426.8235
2020-02-08,59444943.36232
2020-02-09,12760272.96612
2020-02-10,40203609.88798
2020-02-11,133021062.85186
2020-02-12,5697681.53889
2020-02-13,18536165.1011
2020-02-14,44506.27704
2020-02-15,152963540.66864
2020-02-16,76740812.10305
2020-02-20,7356137.35182
2020-02-22,1223063.17754
2020-02-23,162459276.67475
2020-02-24,89518197.66177
2020-02-25,249366586.99749
2020-02-26,578306826.41664
2020-02-27,457975159.0936
2020-02-28,208957067.37447
2020-02-29,57572524.48736
2020-03-02,1514226.55767
2020-03-03,9463133.59563
2020-03-04,84548494.79407
2020-03-05,3818307.44571
2020-03-07,20070364.0536
2020-03-08,11772663.30523
2020-03-09,18522573.25596
2020-03-10,25834055.81958
2020-03-11,93989459.62047
2020-03-12,67374492.42488
2020-03-13,40709544.90782
2020-03-14,113437984.24831
2020-03-15,52620327.16752
2020-03-16,115710430.92581
2020-03-17,91796889.79745
2020-03-18,72092295.21604
2020-03-19,36841941.25855
2020-03-20,192803968.69677
2020-03-21,165522155.49087
2020-03-22,53840243.56196
2020-03-23,39881719.31135
2020-03-24,7812954.45751
2020-03-25,128096134.95853
2020-03-26,265338729.2204
2020-03-27,494460670.61808
2020-03-28,419054494.96546
2020-03-29,406097150.79181
2020-03-30,412345920.4341
2020-03-31,371185628.22279
2020-04-02,228680349.39961
2020-04-03,99844599.97014
2020-04-04,75121562.02642
2020-04-05,27499551.1812
2020-04-06,88841439.31401
2020-04-07,85829702.86676
2020-04-08,72843829.57933
2020-04-09,32414531.38914
2020-04-10,271468584.70611
2020-04-11,131793017.81513
2020-04-12,132125287.36978
2020-04-13,430646432.66112
2020-04-14,79868247.93147
2020-04-15,56495184.01757
2020-04-16,189113755.98209
2020-04-17,911235723.93768
2020-04-18,119619064.31254
2020-04-19,427457541.73184
2020-04-20,540932197.73681
2020-04-21,46598686.82095
2020-04-22,113843506.82961
2020-04-23,860246732.34039
2020-04-24,85906361.96417
2020-04-25,132825088.50246
2020-04-26,291965522.31742
2020-04-27,165079201.4733
2020-04-28,36462235.35774
2020-04-29,11257640.0729
2020-04-30,58456847.01464
2020-05-01,271681681.0228
2020-05-02,406943824.2517
2020-05-03,168727739.2153
2020-05-04,24492465.61826
2020-05-05,46905152.29328
2020-05-06,95307192.72808
2020-05-07,120355124.83927
2020-05-08,293061186.20386
2020-05-09,125378521.87913
2020-05-10,368542498.33984
2020-05-11,92681533.4019
2020-05-12,35266272.35417
2020-05-13,37319476.03141
2020-05-14,14716722.98252
2020-05-15,74179011.63477
2020-05-16,86007042.03515
2020-05-17,99412637.49845
2020-05-18,151106946.87192
2020-05-19,235665184.42491
2020-05-20,544602914.84333
2020-05-21,260934258.33354
2020-05-22,87169502.61389
2020-05-23,52239141.52638
2020-05-24,87026385.31484
2020-05-25,44973323.32019
2020-05-26,127821853.20154
2020-05-27,273526649.85901
2020-05-28,67136855.36073
2020-05-29,31346332.1839
2020-05-30,55792717.45229
2020-05-31,85303104.47619
2020-06-01,237816677.57299
2020-06-02,72085226.73558
2020-06-03,45993161.90856
2020-06-04,53900030.06548
2020-06-05,35953824.17525
2020-06-06,17851056.36383
2020-06-07,29419668.23311
2020-06-08,22822960.42675
2020-06-09,4410320.29411
2020-06-10,1343651.79989
2020-06-11,76678672.63734
2020-06-12,14839838.8254
2020-06-13,102232452.27518
2020-06-14,28665175.4913
2020-06-15,49768662.03167
2020-06-16,180460366.43755
2020-06-17,124662279.31742
2020-06-18,99102329.87211
2020-06-19,107954840.68105
2020-06-20,68932716.82298
2020-06-21,117968412.37513
2020-06-22,87869968.8094
2020-06-23,35658361.22659
2020-06-24,127397168.72227
2020-06-25,892864355.60146
2020-06-26,227534059.07879
2020-06-27,704410217.08367
2020-06-28,379597260.14573
2020-06-29,760801818.19747
2020-06-30,67314335.66862
2020-07-02,678078973.04375
2020-07-03,250850518.68539
2020-07-04,60197981.34661
2020-07-05,260852703.42508
2020-07-06,233347523.08348
2020-07-07,193791506.61703
2020-07-08,343270878.34091
2020-07-09,500788881.02825
2020-07-10,283637321.65228
2020-07-11,166013609.33657
2020-07-12,642869474.59525
2020-07-13,347825427.84424
2020-07-14,138227235.57873
2020-07-15,234071542.26623
2020-07-16,110177312.96323
2020-07-17,221632276.17065
2020-07-18,224496989.31939
2020-07-19,115582811.06035
2020-07-20,94254241.89196
2020-07-21,104866691.30947
2020-07-22,134981388.31376
2020-07-23,103665321.16532
2020-07-24,245771947.62902
2020-07-25,146208003.47794
2020-07-26,385651266.47645
2020-07-27,410585451.46281
2020-07-28,444914515.98067
2020-07-29,197387154.90393
2020-07-30,154916984.95115
2020-07-31,173836173.28831
2020-08-01,462095513.43371
2020-08-02,467590099.29122
2020-08-03,273933437.71007
2020-08-04,355530886.40152
2020-08-05,102522560.5397
2020-08-06,280134200.03644
2020-08-07,393795341.40645
2020-08-08,354691486.48899
2020-08-09,175922501.84728
2020-08-10,158864435.74527
2020-08-11,108343093.18223
2020-08-12,167930776.0436
2020-08-13,226707894.85244
2020-08-14,142729340.7485
2020-08-15,252437995.81159
2020-08-16,139014745.17131
2020-08-17,146315330.17969
2020-08-18,114928563.44299
2020-08-19,276816585.80993
2020-08-20,133312763.53208
2020-08-21,351408924.19514
2020-08-22,165120313.37353
2020-08-23,97214178.51427
2020-08-24,322949781.75365
2020-08-25,115262221.59038
2020-08-26,168945237.89726
2020-08-27,124641681.14992
2020-08-28,85909916.49305
2020-08-29,230520295.2854
2020-08-30,318708256.99252
2020-08-31,275250314.97418
2020-09-01,289947630.38891
2020-09-02,90538338.14586
2020-09-03,99213469.35627
2020-09-04,88990084.70576
2020-09-05,243250365.16665
2020-09-06,106531496.60991
2020-09-07,133274635.02365
2020-09-08,521765618.12901
2020-09-09,732951308.49085
2020-09-10,487396189.43939
2020-09-11,565463551.20707
2020-09-12,332950660.36729
2020-09-13,198973403.38772
2020-09-14,966841902.2131
2020-09-15,1331319147.61953
2020-09-16,306872793.50936
2020-09-17,469355971.49454
2020-09-18,1627699866.69833
2020-09-19,1265524933.44845
2020-09-20,392309040.02495
2020-09-21,813524114.85658
2020-09-22,659158090.27542
2020-09-23,377051916.15302
2020-09-24,1164854739.83017
2020-09-25,1622485011.71798
2020-09-26,601946633.13094
2020-09-27,332453430.77826
2020-09-28,440435750.98042
2020-09-29,673422683.13343
2020-09-30,351907441.65073
2020-10-01,598359440.32408
2020-10-02,863285325.32049
2020-10-03,945783202.59316
2020-10-04,1162195884.58448
2020-10-05,291283271.70456
2020-10-06,998837096.36451
2020-10-07,1207021865.48336
2020-10-08,1062241823.87856
2020-10-09,836787062.61583
2020-10-10,480819749.98894
2020-10-11,109186791.77783
2020-10-12,74997385.60242
2020-10-13,305241636.59668
2020-10-14,410138879.05383
2020-10-15,133727666.23572
2020-10-16,400550580.54578
2020-10-17,135218787.82104
2020-10-18,203177335.68198
2020-10-19,827933708.66989
2020-10-20,319654247.20868
2020-10-21,136274281.76365
2020-10-22,72446248.38184
2020-10-23,57864251.3123
2020-10-24,84038836.7301
2020-10-25,160976313.84641
2020-10-26,210343987.63516
2020-10-27,272787451.46899
2020-10-28,101908804.90578
2020-10-29,560298196.7962
2020-10-30,265634993.15554
2020-10-31,164543791.24587
2020-11-01,138341713.27864
2020-11-02,134963451.02147
2020-11-03,211942439.37144
2020-11-04,292208527.23575
2020-11-05,287196238.64422
2020-11-06,316115715.55645
2020-11-07,526980580.49818
2020-11-08,163644711.49958
2020-11-09,62812066.59123
2020-11-10,64134744.28289
2020-11-11,64164391.57765
2020-11-12,734987316.02661
2020-11-13,229662259.5748
2020-11-14,430025330.25447
2020-11-15,722530983.8277
2020-11-16,380110239.50636
2020-11-17,490215872.77424
2020-11-18,1341766131.68909
2020-11-19,1080578556.55704
2020-11-20,373323864.3654
2020-11-21,133457040.20148
2020-11-22,265675515.29402
2020-11-23,249855130.8801
2020-11-24,338749731.01873
2020-11-25,231984094.45758
2020-11-26,148214691.23851
2020-11-27,161748544.2594
2020-11-28,120273507.8162
2020-11-29,341375631.73864
2020-11-30,520163572.32774
2020-12-01,130078666.49842
2020-12-02,343994851.31576
2020-12-03,353098892.6759
2020-12-04,189784722.89444
2020-12-05,164084232.2041
2020-12-06,273915780.18523
2020-12-07,682997308.69053
2020-12-08,413359425.35242
2020-12-09,835716038.49108
2020-12-10,567007007.73996
2020-12-11,329291848.5898
2020-12-12,88220802.89366
2020-12-13,421587564.37616
2020-12-14,233676732.81597
2020-12-15,170844487.54877
2020-12-16,212473598.39696
2020-12-17,415871090.73517
2020-12-18,187873392.87734
2020-12-19,64124362.5298
2020-12-20,313163912.83989
2020-12-21,55988170.05411
2020-12-22,52505475.38778
2020-12-23,73892431.98137
2020-12-24,48183212.64565
2020-12-25,93030391.57943
2020-12-26,328936292.21431
2020-12-27,352110688.17929
2020-12-28,182665334.54481
2020-12-29,161162062.62817
2020-12-30,167890336.18681
2020-12-31,222159683.92945
2021-01-01,70967940.06352
2021-01-02,503074168.0081
2021-01-03,213887266.16118
2021-01-04,112686481.31509
2021-01-05,113949035.72237
2021-01-06,76157034.38532
2021-01-07,105327010.55283
2021-01-08,375172733.41801
2021-01-09,490248841.99026
2021-01-10,218956405.57392
2021-01-11,295775191.20657
2021-01-12,190422859.45076
2021-01-13,117446105.57506
2021-01-14,325692136.7829
2021-01-15,189302909.41125
2021-01-16,116610245.87643
2021-01-17,135913624.50872
2021-01-18,108133458.77377
2021-01-19,117898322.25226
2021-01-20,105429522.04077
2021-01-21,90036138.43407
2021-01-22,237617014.35554
2021-01-23,471930727.87532
2021-01-24,208758732.54353
2021-01-25,45205546.3239
2021-01-26,51290095.25272
2021-01-27,58720675.3214
2021-01-28,164689443.42505
2021-01-29,62956635.09747
2021-01-30,63864005.377
2021-01-31,49217742.38505
2021-02-01,146036459.29147
2021-02-02,165946884.50658
2021-02-03,235002536.76876
2021-02-04,38541801.28221
2021-02-05,40953236.86641
2021-02-06,143525038.47621
2021-02-07,38901536.63137
2021-02-08,53333886.00177
2021-02-09,34432195.58012
2021-02-10,32989917.35641
2021-02-11,31367883.10933
2021-02-12,36117557.7272
2021-02-13,28213775.59426
2021-02-14,82740828.429
2021-02-15,64503209.62936
2021-02-16,74104600.12376
2021-02-17,101032577.52751
2021-02-18,188521191.65048
2021-02-19,51717866.72076
2021-02-20,83497171.9623
2021-02-21,177419591.2632
2021-02-22,232606810.10583
2021-02-23,348684766.02253
2021-02-24,201425519.19899
2021-02-25,206830531.99709
2021-02-26,184100163.90097
2021-02-27,60549307.01432
2021-02-28,47224940.01619
2021-03-01,310619585.25869
2021-03-02,230069178.58692
2021-03-03,481348678.89974
2021-03-04,625058313.43507
2021-03-05,140637547.53698
2021-03-06,112290888.11068
2021-03-07,169893686.18339
2021-03-08,145924926.32531
2021-03-09,247894322.53789
2021-03-10,176506281.87576
2021-03-11,139952060.54368
2021-03-12,141848159.74622
2021-03-13,152768002.4429
2021-03-14,111852327.41297
2021-03-15,384646427.87933
2021-03-16,298221711.43238
2021-03-17,304450651.40532
2021-03-18,253604256.36417
2021-03-19,536094718.40254
2021-03-20,518037835.29553
2021-03-21,74626097.7359
2021-03-22,200105782.78382
2021-03-23,95924406.60163
2021-03-24,104610213.05238
2021-03-25,101944060.82376
2021-03-26,112948009.47994
2021-03-27,121944423.49688
2021-03-28,313933090.54356
2021-03-29,448092250.59333
2021-03-30,166876993.09864
2021-03-31,87425774.87335
2021-04-01,99048399.58819
2021-04-02,89971279.4223
2021-04-03,151543589.32434
2021-04-04,413015812.3233
2021-04-05,704734495.56915
2021-04-06,178837167.04202
2021-04-07,291712374.34039
2021-04-08,373765980.61085
2021-04-09,249614315.12574
2021-04-10,539575383.98483
2021-04-11,311811949.71228
2021-04-12,162800257.40901
2021-04-13,121411737.91704
2021-04-14,213961564.1111
2021-04-15,69987897.79297
2021-04-16,234305013.73352
2021-04-17,252396158.64479
2021-04-18,311096736.27382
2021-04-19,420221296.74255
2021-04-20,116484848.10312
2021-04-21,57589393.35013
2021-04-22,76361363.87363
2021-04-23,567098973.62304
2021-04-24,68688363.17974
2021-04-25,76242952.53901
2021-04-26,260687073.27806
2021-04-27,193433309.71403
2021-04-28,496069607.70905
2021-04-29,287515192.5757
2021-04-30,158461271.3751
2021-05-01,100007990.53319
2021-05-02,350934609.90048
2021-05-03,147404952.09279
2021-05-04,421488976.80139
2021-05-05,115934352.09981
2021-05-06,141171222.39878
2021-05-07,374352920.88144
2021-05-08,522296043.06428
2021-05-09,165198077.71411
2021-05-10,102213027.81083
2021-05-11,91724016.59602
2021-05-12,185299631.05876
2021-05-13,356742600.69988
2021-05-14,466143159.53297
2021-05-15,520819754.29569
2021-05-16,363348576.84386
2021-05-17,171120550.10836
2021-05-18,155391955.21615
2021-05-19,539185056.34474
2021-05-20,204440023.11065
2021-05-21,161438510.13319
2021-05-22,137074006.84333
2021-05-23,166483097.20109
2021-05-24,266133183.30733
2021-05-25,393868168.7549
2021-05-26,324757626.46324
2021-05-27,457211076.20108
2021-05-28,565357878.62535
2021-05-29,774699602.84013
2021-05-30,540022137.49154
2021-05-31,236149192.39238
2021-06-02,150275744.74252
2021-06-03,228929178.63589
2021-06-04,225149980.59271
2021-06-05,592019314.53308
2021-06-06,629013036.92853
2021-06-07,346136841.7346
2021-06-08,291849735.04252
2021-06-09,319099704.56032
2021-06-10,298901990.04651
2021-06-11,164775689.60969
2021-06-12,376571619.49869
2021-06-13,149869813.7801
2021-06-14,225414766.95812
2021-06-15,395111870.69907
2021-06-16,672577649.61563
2021-06-17,471450189.99121
2021-06-18,771624493.01213
2021-06-19,706788464.95634
2021-06-20,480802654.84997
2021-06-21,266953411.04638
2021-06-22,241292494.93394
2021-06-23,250834115.85557
2021-06-24,433706219.99393
2021-06-25,598019623.84347
2021-06-26,374492653.36044
2021-06-27,243117095.71352
2021-06-28,567606106.96182
2021-06-29,486551695.76774
2021-06-30,767185683.45481
2021-07-01,1103242784.72791
2021-07-02,358659335.79774
2021-07-03,732427134.83624
2021-07-04,242178944.36439
2021-07-05,102301161.65034
2021-07-06,174155142.20165
2021-07-07,151425936.2249
2021-07-08,310855723.96683
2021-07-09,217563184.07076
2021-07-10,153074573.05301
2021-07-11,132488796.67125
2021-07-12,424120769.22967
2021-07-13,253150948.22756
2021-07-14,173104454.73204
2021-07-15,107470892.98907
2021-07-16,134048457.44873
2021-07-17,384722275.77557
2021-07-18,212392960.2902
2021-07-19,185334478.55936
2021-07-20,392044083.36235
2021-07-21,196001475.8059
2021-07-22,665375447.15834
2021-07-23,909124796.90643
2021-07-24,458275504.8282
2021-07-25,116022219.3434
2021-07-26,125003452.01141
2021-07-27,746059475.71452
2021-07-28,470826366.48465
2021-07-29,153478658.39571
2021-07-30,393772384.2531
2021-07-31,120375983.29246
2021-08-02,493216019.20642
2021-08-03,366591593.89719
2021-08-04,166174244.64679
2021-08-05,551192008.27221
2021-08-06,513963525.09965
2021-08-07,344746289.91364
2021-08-08,166169979.65603
2021-08-09,200828754.56031
2021-08-10,166911604.73638
2021-08-11,157743939.24348
2021-08-12,1381228444.66363
2021-08-13,314029615.73769
2021-08-14,440354255.50623
2021-08-15,615962347.55721
2021-08-16,182882265.23103
2021-08-17,790314277.19873
2021-08-18,1195953185.02843
2021-08-19,1076693403.46684
2021-08-20,794283962.05333
2021-08-21,961530664.57647
2021-08-22,639485057.4927
2021-08-23,341466666.66496
2021-08-24,337336039.88838
2021-08-25,437809508.28803
2021-08-26,177217384.44944
2021-08-27,243001007.35981
2021-08-28,146244248.17569
2021-08-29,219905823.61594
2021-08-30,251290825.47305
2021-08-31,586895930.31074
2021-09-01,431948956.91866
2021-09-02,406589077.28708
2021-09-03,263739319.39199
2021-09-04,579064400.09453
2021-09-05,134822813.24177
2021-09-06,122545800.87174
2021-09-07,239101274.48285
2021-09-08,298476448.90583
2021-09-09,348366857.8017
2021-09-10,819163701.33595
2021-09-11,994019308.93932
2021-09-12,434649159.68717
2021-09-13,120324366.64013
2021-09-14,152261136.41651
2021-09-15,469884360.88265
2021-09-16,452790349.97018
2021-09-17,299729528.45702
2021-09-18,193715758.84483
2021-09-19,130904071.26745
2021-09-20,980688669.78541
2021-09-21,311356391.46221
2021-09-22,218631269.66994
2021-09-23,1003701910.92262
2021-09-24,159590248.25017
2021-09-25,981944336.25055
2021-09-26,122650646.26748
2021-09-27,1003422915.05854
2021-09-28,995174159.71071
2021-09-29,691023826.50161
2021-09-30,205113871.55397
2021-10-01,828712879.78508
2021-10-02,1451291676.15448
2021-10-03,758678795.96371
2021-10-04,171957864.83967
2021-10-05,933205497.12046
2021-10-06,767063753.55998
2021-10-07,230128620.51423
2021-10-08,349749606.70312
2021-10-09,312681137.31908
2021-10-10,169708462.49951
2021-10-11,216411561.11039
2021-10-12,180259866.56262
2021-10-13,270566996.49731
2021-10-14,223040301.66175
2021-10-15,400963398.52878
2021-10-16,226991045.28195
2021-10-17,184977398.53844
2021-10-18,223865716.42509
2021-10-19,519368771.02441
2021-10-20,887735809.87228
2021-10-21,522308808.82547
2021-10-22,415024576.70029
2021-10-23,175414289.26643
2021-10-24,155231246.40264
2021-10-25,176833710.19576
2021-10-26,672001970.26289
2021-10-27,572784497.3584
2021-10-28,270615165.81166
2021-10-29,353598429.19969
2021-10-30,272501306.52911
2021-10-31,307867850.54312
2021-11-01,258842105.37357
2021-11-02,192280983.35526
2021-11-03,447691431.64256
2021-11-04,467684783.68931
2021-11-05,198244241.7219
2021-11-06,598027127.33567
2021-11-07,397377538.35859
2021-11-08,222234002.10079
2021-11-09,198490131.49917
2021-11-10,251562366.22126
2021-11-11,544576100.07519
2021-11-12,400371868.87874
2021-11-13,169042884.09155
2021-11-14,188313737.50146
2021-11-15,57880908.53849
2021-11-16,211454020.45058
2021-11-17,458848863.98479
2021-11-18,268556030.95291
2021-11-19,357720920.51528
2021-11-20,379192659.74816
2021-11-21,402203745.26097
2021-11-22,217452058.6803
2021-11-23,275342173.26547
2021-11-24,231181332.99464
2021-11-25,271253225.42482
2021-11-26,246596921.79986
2021-11-27,199630514.05227
2021-11-28,538581549.19678
2021-11-29,273981033.50825
2021-11-30,227806471.52466
2021-12-01,387438008.03273
2021-12-02,295144995.24987
2021-12-03,250214156.45271
2021-12-04,211382878.5831
2021-12-05,486551715.31467
2021-12-06,177195859.48668
2021-12-07,198281825.97462
2021-12-08,221796787.86713
2021-12-09,133672720.24859
2021-12-10,381494638.52496
2021-12-11,680424522.68204
2021-12-12,273644882.60893
2021-12-13,77895730.97602
2021-12-14,85227218.5587
2021-12-15,191490009.51755
2021-12-16,125603263.07196
2021-12-17,216540643.35004
2021-12-18,142990593.43466
2021-12-19,10613685.34624
2021-12-20,3726188.41202
2021-12-21,3067777.55571
2021-12-22,115664882.55395
2021-12-23,17565661.73359
2021-12-24,539707753.78514
2021-12-25,206310880.95819
2021-12-26,112207891.26458
2021-12-27,175665978.72532
2021-12-28,42539869.9394
2021-12-29,58216576.96435
2021-12-30,93163922.47411
2021-12-31,190522780.99523
2022-01-01,101807204.13708
2022-01-02,275199801.53093
2022-01-03,219735369.90211
2022-01-04,414943993.89115
2022-01-05,243072637.95406
2022-01-06,120269727.00652
2022-01-07,138194332.74958
2022-01-08,232509574.10452
2022-01-09,207348388.17642
2022-01-10,225353432.39748
2022-01-11,102826262.2429
2022-01-12,120293907.07147
2022-01-13,95796232.04871
2022-01-14,85314887.69708
2022-01-15,87375517.1141
2022-01-16,91849774.46522
2022-01-17,104443985.86623
2022-01-18,85613452.11613
2022-01-19,96247953.63833
2022-01-20,93239123.39978
2022-01-21,427235967.73291
2022-01-22,789912852.13313
2022-01-23,343695537.87943
2022-01-24,84833921.69299
2022-01-25,91949332.6823
2022-01-26,67869593.72194
2022-01-27,145196114.28996
2022-01-28,61082306.40757
2022-01-29,51091330.77733
2022-01-30,83816477.43383
2022-01-31,64490569.94769
2022-02-01,30024423.01708
2022-02-02,110181676.85227
2022-02-03,48863989.3878
2022-02-04,11426890.55721
2022-02-05,16191031.63116
2022-02-06,40373512.69142
2022-02-07,120984264.5774
2022-02-08,287916597.63853
2022-02-09,155209186.84535
2022-02-10,95250005.58535
2022-02-11,105561380.1829
2022-02-12,217149476.79922
2022-02-13,446428088.07901
2022-02-14,149662555.91899
2022-02-15,223172175.20177
2022-02-16,398670955.13524
2022-02-17,113309505.30372
2022-02-18,454959339.43842
2022-02-19,808030549.24096
2022-02-20,368045746.10678
2022-02-21,149823601.2926
2022-02-22,175725977.92613
2022-02-23,114765093.62456
2022-02-24,118027394.40007
2022-02-25,132648489.69995
2022-02-26,177452797.83003
2022-02-27,152823011.92013
2022-02-28,198198281.52187
2022-03-01,136796092.01264
2022-03-02,502784218.12358
2022-03-03,653891479.60497
2022-03-04,1433415964.28614
2022-03-05,1113270086.23581
2022-03-06,349569861.43615
2022-03-07,273081271.2009
2022-03-08,632360574.82594
2022-03-09,391635897.9067
2022-03-10,196666887.5358
2022-03-11,908540788.69762
2022-03-12,493074394.657
2022-03-13,435314051.04404
2022-03-14,413631535.62543
2022-03-15,859793545.35992
2022-03-16,2290676575.79179
2022-03-17,1040302211.24619
2022-03-18,380781122.90495
2022-03-19,154037767.33806
2022-03-20,306192495.97123
2022-03-21,193180541.2334
2022-03-22,479737394.09359
2022-03-23,1123255899.45148
2022-03-24,448117937.20707
2022-03-25,482401257.8292
2022-03-26,473686810.44185
2022-03-27,706788128.2844
2022-03-28,219025146.15591
2022-03-29,440588569.78403
2022-03-30,656278127.63089
2022-03-31,374034333.38051
2022-04-01,474221035.10453
2022-04-02,304061502.91954
2022-04-03,995610782.28535
2022-04-04,337837594.93724
2022-04-05,733373533.56788
2022-04-06,360861220.05689
2022-04-07,719080085.49786
2022-04-08,567373765.47129
2022-04-09,171987255.55447
2022-04-10,329347428.84046
2022-04-11,227690570.13218
2022-04-12,325373905.46621
2022-04-13,648364400.73827
2022-04-14,870116948.45457
2022-04-15,870389869.65037
2022-04-16,155809329.21759
2022-04-17,182147810.37955
2022-04-18,155352576.29944
2022-04-19,213898218.1854
2022-04-20,213284305.59969
2022-04-21,201177030.43681
2022-04-22,977565014.40897
2022-04-23,1835619724.12634
2022-04-24,1004314699.63823
2022-04-25,209949420.72137
2022-04-26,777837681.83764
2022-04-27,333898431.02691
2022-04-28,159981121.0503
2022-04-29,428382105.835
2022-04-30,228853567.50197
2022-05-01,165744639.08971
2022-05-02,175025395.12783
2022-05-03,361475161.60255
2022-05-04,342873731.98009
2022-05-05,314321789.55375
2022-05-06,1251388309.41577
2022-05-07,841286628.25402
2022-05-08,160597609.52437
2022-05-09,813572395.59212
2022-05-10,743563801.44558
2022-05-11,167323960.66901
2022-05-12,829786415.9719
2022-05-13,1814931875.08166
2022-05-14,655063160.06085
2022-05-15,195013694.4205
2022-05-16,382005784.50974
2022-05-17,337692932.28202
2022-05-18,199463590.98528
2022-05-19,186642682.57648
2022-05-20,414218188.71446
2022-05-21,232969849.78989
2022-05-22,227512558.21359
2022-05-23,210162800.41832
2022-05-24,2479299066.62
2022-05-25,1633067793.61188
2022-05-26,1254736184.46798
2022-05-27,702439985.21153
2022-05-28,309017276.44208
2022-05-29,257545923.11943
2022-05-30,346965085.56954
2022-05-31,183799174.17422
2022-06-01,189562591.06992
2022-06-02,1184197975.00613
2022-06-03,2045488909.03888
2022-06-04,811093270.00119
2022-06-05,208311394.21664
2022-06-06,189425967.14171
2022-06-07,434609912.73393
2022-06-08,261559014.51637
2022-06-09,190950188.0144
2022-06-10,546317656.16325
2022-06-11,852022508.82649
2022-06-12,723297416.31328
2022-06-13,228953591.38448
2022-06-14,173595984.39786
2022-06-15,227073924.076
2022-06-16,181428546.14731
2022-06-17,189554102.09884
2022-06-18,177586335.05561
2022-06-19,746315092.54091
2022-06-20,142863150.07388
2022-06-21,312013200.44593
2022-06-22,726064226.93497
2022-06-23,706537186.2752
2022-06-24,440967290.27033
2022-06-25,167627091.83097
2022-06-26,166009343.11224
2022-06-27,156677571.26111
2022-06-28,468168211.79175
2022-06-29,594917329.0804
2022-06-30,638848793.83227
2022-07-02,219046885.85235
2022-07-03,210503997.24137
2022-07-04,218625265.04398
2022-07-05,218674777.44923
2022-07-06,865529055.42852
2022-07-07,675216376.80636
2022-07-08,784710293.76251
2022-07-09,1327698581.49472
2022-07-10,1020138928.74409
2022-07-11,453881231.13038
2022-07-12,1096538450.22266
2022-07-13,961795527.38168
2022-07-14,1605025698.67595
2022-07-15,1870383569.40185
2022-07-16,835963120.69388
2022-07-17,359067926.61719
2022-07-18,207374964.41658
2022-07-19,262826254.87712
2022-07-20,408633735.43248
2022-07-21,400743558.99672
2022-07-22,258432801.01766
2022-07-23,186694819.2039
2022-07-24,1521551716.48825
2022-07-25,1527151197.59959
2022-07-26,552821604.51587
2022-07-27,669846965.1005
2022-07-28,399822357.78447
2022-07-29,1151079778.42925
2022-07-30,543476229.27479
2022-07-31,3037446700.17872
2022-08-01,307182404.4411
2022-08-02,279089308.73287
2022-08-03,404266895.32197
2022-08-04,1510183417.41022
2022-08-05,913126074.53796
2022-08-06,563442393.94174
2022-08-07,93785018.74193
2022-08-08,180783795.83366
2022-08-09,297493608.25027
2022-08-10,297756625.83076
2022-08-11,235800767.87085
2022-08-12,189126349.94313
2022-08-13,526976251.55895
2022-08-14,429392573.07568
2022-08-15,346411939.92406
2022-08-16,184362378.83498
2022-08-17,274038087.46155
2022-08-18,291980049.89161
2022-08-19,286609155.54246
2022-08-20,214860795.07878
2022-08-21,183493015.27667
2022-08-22,1305927778.90394
2022-08-23,173171009.71766
2022-08-24,670154587.86253
2022-08-25,906641292.39691
2022-08-26,1080292210.2434
2022-08-27,782152332.15608
2022-08-28,714023819.30457
2022-08-29,428885855.62469
2022-08-30,573892797.24655
2022-08-31,1535920684.50442
2022-09-02,159647479.5976
2022-09-03,170145839.04708
2022-09-04,178678140.3134
2022-09-05,4404393682.30497
2022-09-06,2866608263.81758
2022-09-07,429221898.51994
2022-09-08,373889249.40622
2022-09-09,261654610.21557
2022-09-10,1061726632.02577
2022-09-11,1005357453.02485
2022-09-12,246822003.36965
2022-09-13,1020533658.46307
2022-09-14,2704601500.70365
2022-09-15,2418055022.80465
2022-09-16,503035745.32106
2022-09-17,262398868.88752
2022-09-18,144569071.94359
2022-09-19,155996589.04495
2022-09-20,267588343.03684
2022-09-21,193687496.86147
2022-09-22,446437226.61368
2022-09-23,246227304.77379
2022-09-24,151827101.22117
2022-09-25,147084679.16187
2022-09-26,146539899.66706
2022-09-27,197076862.71428
2022-09-28,262488070.79197
2022-09-29,252960978.48649
2022-09-30,463135106.85742
2022-10-01,175561190.62954
2022-10-02,171401802.55635
2022-10-03,422793676.42749
2022-10-04,338347619.66592
2022-10-05,576336621.48734
2022-10-06,345209308.61364
2022-10-07,278979159.66409
2022-10-08,254425687.70924
2022-10-09,204967590.47237
2022-10-10,2843119664.448
2022-10-11,297539423.93631
2022-10-12,420177934.30969
2022-10-13,262221348.15161
2022-10-14,233702424.99739
2022-10-15,168674693.41622
2022-10-16,129569506.04909
2022-10-17,147486505.59605
2022-10-18,643541071.41817
2022-10-19,649109895.54145
2022-10-20,334963042.97786
2022-10-21,557826135.01416
2022-10-22,364409065.70496
2022-10-23,207856057.65788
2022-10-24,305313149.4958
2022-10-25,289311137.20722
2022-10-26,175321094.33575
2022-10-27,193167703.46896
2022-10-28,189555399.93498
2022-10-29,168231464.25527
2022-10-30,175731308.67495
2022-10-31,214994597.38374
2022-11-01,216283461.21204
2022-11-02,185185973.72745
2022-11-03,192177863.89704
2022-11-04,748315384.7154
2022-11-05,297842557.85586
2022-11-06,332118017.06809
2022-11-07,291819679.81999
2022-11-08,204805755.49606
2022-11-09,678689362.34387
2022-11-10,282668385.83898
2022-11-11,288107869.22742
2022-11-12,186070280.50163
2022-11-13,160757235.30283
2022-11-14,440790362.06244
2022-11-15,215419259.68684
2022-11-16,309772535.83528
2022-11-17,363786556.32799
2022-11-18,354036356.51321
2022-11-19,203702666.64565
2022-11-20,186685626.49362
2022-11-21,1140492053.2836
2022-11-22,1396569662.48489
2022-11-23,591697738.80017
2022-11-24,168930987.01596
2022-11-25,174845340.40877
2022-11-26,215921828.10848
2022-11-27,231176259.19618
2022-11-28,170257238.37507
2022-11-29,1101974715.72571
2022-11-30,1057576721.74393
2022-12-01,1096706750.17546
2022-12-02,429772412.88457
2022-12-03,492026608.71342
2022-12-04,191686387.3402
2022-12-05,87754395.93949
2022-12-06,628397988.95379
2022-12-07,186075109.7195
2022-12-08,347891571.44044
2022-12-09,383483572.25038
2022-12-10,184642101.17756
2022-12-11,678541135.45123
2022-12-12,58972252.98585
2022-12-13,135068493.04103
2022-12-14,149319610.59144
2022-12-15,90933924.8326
2022-12-16,272567650.81742
2022-12-17,96641419.51884
2022-12-18,69106107.27188
2022-12-19,336471024.15483
2022-12-20,110042102.26452
2022-12-21,1161425110.26578
2022-12-22,489431418.56912
2022-12-23,210551950.80817
2022-12-24,83388494.81947
2022-12-25,85316009.53299
2022-12-26,373360042.44795
2022-12-27,62388224.18973
2022-12-28,52167949.40702
2022-12-29,57097979.61911
2022-12-30,336443994.47065
2022-12-31,51647605.0925
2023-01-01,52741434.38532
2023-01-02,50428213.68664
2023-01-03,76497699.23991
2023-01-04,55160994.5658
2023-01-05,50152971.89602
2023-01-06,61815416.20872
2023-01-07,54698111.63729
2023-01-08,145865779.10049
2023-01-09,167250659.76822
2023-01-10,783568558.03718
2023-01-11,97010657.35866
2023-01-12,1636220929.00543
2023-01-13,190165916.16553
2023-01-14,159041275.33913
2023-01-15,905895949.10676
2023-01-16,351202904.82897
2023-01-17,336447352.46456
2023-01-18,1118994465.21413
2023-01-19,2197764686.09206
2023-01-20,862893144.17973
2023-01-21,321741751.60704
2023-01-22,195245743.52581
2023-01-23,313637202.09414
2023-01-24,130832683.73028
2023-01-25,302795668.0384
2023-01-26,133176995.34645
2023-01-27,266066254.89653
2023-01-28,91972924.21859
2023-01-29,84644746.77557
2023-01-30,291788850.13955
2023-01-31,24679859.42991
2023-02-01,467702129.00299
2023-02-02,1523226243.63301
2023-02-03,265486629.73118
2023-02-04,7621216.46691
2023-02-05,537548856.5288
2023-02-06,1075242418.67394
2023-02-07,559901346.4296
2023-02-08,67549005.41309
2023-02-09,66817346.92081
2023-02-10,59560556.69862
2023-02-11,974942944.36257
2023-02-12,282739914.95818
2023-02-13,61244868.40023
2023-02-14,64136257.47807
2023-02-15,70946960.82025
2023-02-16,106982593.87634
2023-02-17,137322118.34601
2023-02-18,89260967.09549
2023-02-19,101130671.2296
2023-02-20,1410631884.95545
2023-02-21,211953689.04753
2023-02-22,947674412.92478
2023-02-23,863057705.12284
2023-02-24,140359183.48414
2023-02-25,207275717.44583
2023-02-26,152985705.15644
2023-02-27,148642090.13595
2023-02-28,157074191.71437
2023-03-01,159813340.16163
2023-03-02,671134937.73121
2023-03-03,161141779.05347
2023-03-04,111048651.0264
2023-03-05,67765417.66764
2023-03-06,167386907.52808
2023-03-07,140025742.74287
2023-03-08,87124303.51442
2023-03-09,260858721.78899
2023-03-10,835829322.68413
2023-03-11,434035578.13115
2023-03-12,770282142.44319
2023-03-13,202109850.94096
2023-03-14,627464527.74122
2023-03-15,232472562.99748
2023-03-16,1439394939.54229
2023-03-17,872226614.14564
2023-03-18,423285956.59548
2023-03-19,2341414460.09742
2023-03-20,818543579.34517
2023-03-21,312644550.95971
2023-03-22,457670673.86808
2023-03-23,734278470.10817
2023-03-24,276199917.51422
2023-03-25,498291816.07362
2023-03-26,221970980.81952
2023-03-27,305667948.36657
2023-03-28,482219388.00041
2023-03-29,1237806933.08565
2023-03-30,1269909982.87551
2023-03-31,753282262.69793
2023-04-01,958490086.08334
2023-04-02,1071185406.16966
2023-04-03,684282381.72115
2023-04-04,536102930.7093
2023-04-05,1257374077.74816
2023-04-06,2105775537.48197
2023-04-07,636228917.89805
2023-04-08,579824692.65587
2023-04-09,352553895.51901
2023-04-10,434835877.33769
2023-04-11,354014145.67912
2023-04-12,380177096.36615
2023-04-13,605745470.1494
2023-04-14,622358674.53926
2023-04-15,500243971.72447
2023-04-16,244386496.70053
2023-04-17,1107764035.72238
2023-04-18,169049583.43473
2023-04-19,218694809.14964
2023-04-20,178679658.72775
2023-04-21,412956623.87148
2023-04-22,940401933.73364
2023-04-23,557017659.0189
2023-04-24,287816641.47346
2023-04-25,1036106667.3372
2023-04-26,1079163861.52049
2023-04-27,859386165.88929
2023-04-28,381938598.39668
2023-04-29,666204088.18222
2023-04-30,524043467.0254
2023-05-01,609332355.1418
2023-05-02,498622558.1261
2023-05-03,1131458454.43346
2023-05-04,1884615101.45142
2023-05-05,904505995.82242
2023-05-06,476369635.84692
2023-05-07,288491946.03823
2023-05-08,313972028.8896
2023-05-09,391621367.2152
2023-05-10,337057638.70812
2023-05-11,379670858.73374
2023-05-12,871108105.14462
2023-05-13,888954276.3282
2023-05-14,206328621.93232
2023-05-15,119508809.84754
2023-05-16,223558287.22054
2023-05-17,559839694.14471
2023-05-18,161113087.25044
2023-05-19,37849699.76161
2023-05-20,36300699.54919
2023-05-21,419953809.90779
2023-05-22,130097986.26282
2023-05-23,367936973.41529
2023-05-24,847174412.7292
2023-05-25,323252705.01498
2023-05-26,321286620.49852
2023-05-27,349506045.26598
2023-05-28,316681347.56312
2023-05-29,1187448571.33878
2023-05-30,322477010.36932
2023-05-31,489376320.31024
2023-06-02,1208814832.1794
2023-06-03,1170457238.23201
2023-06-04,319183522.5743
2023-06-05,1480180492.93854
2023-06-06,838898711.96142
2023-06-07,1063615360.64328
2023-06-08,1208300052.92303
2023-06-09,480696524.57676
2023-06-10,276873821.127
2023-06-11,848691952.77693
2023-06-12,267665476.39724
2023-06-13,895781082.05824
2023-06-14,662433097.65016
2023-06-15,1380920446.16897
2023-06-16,671850203.48088
2023-06-17,399320189.0676
2023-06-18,607647336.09034
2023-06-19,191200416.0597
2023-06-20,205299149.02696
2023-06-21,23171201.59408
2023-06-22,21917220.68905
2023-06-23,18079823.30001
2023-06-24,300174084.40014
2023-06-25,1012692691.4019
2023-06-26,992712490.89596
2023-06-27,1579736728.84841
2023-06-28,231303034.85353
2023-06-29,394688140.34015
2023-06-30,151916678.6902
2023-07-01,108113369.69805
2023-07-02,91320984.58653
2023-07-03,701723295.69987
2023-07-04,246017978.57048
2023-07-05,961758127.31124
2023-07-06,145510575.4342
2023-07-07,864351556.36039
2023-07-08,776797140.33339
2023-07-09,369364458.03722
2023-07-10,282909098.75989
2023-07-11,404287886.35506
2023-07-12,147228990.89113
2023-07-13,164949404.5556
2023-07-14,81395493.2445
2023-07-15,282280679.72469
2023-07-16,24803349.56741
2023-07-17,284590961.39732
2023-07-18,234687574.76579
2023-07-19,823247917.88424
2023-07-20,528913718.62593
2023-07-21,388451412.3728
2023-07-22,302542582.04339
2023-07-23,338965937.06812
2023-07-24,237262130.18015
2023-07-25,330708061.50728
2023-07-26,549811487.65824
2023-07-27,388742885.00289
2023-07-28,399704419.37781
2023-07-29,216225351.93442
2023-07-30,375258900.34262
2023-07-31,473434424.98218
2023-08-01,948587406.92978
2023-08-02,1402985938.8394
2023-08-03,587987175.81558
2023-08-04,228180749.41778
2023-08-05,196262886.13464
2023-08-06,245918482.80026
2023-08-07,520613978.60523
2023-08-08,197804571.60581
2023-08-09,183537606.74663
2023-08-10,524398281.0003
2023-08-11,433707021.15762
2023-08-12,21270369.92719
2023-08-13,679788657.10074
2023-08-14,894589113.72124
2023-08-15,878239279.36297
2023-08-16,1262064159.08813
2023-08-17,617486428.46595
2023-08-18,242885174.86715
2023-08-19,185605931.79403
2023-08-20,299502813.69363
2023-08-21,801071719.46341
2023-08-22,1118266828.59838
2023-08-23,1158094512.12257
2023-08-24,933765515.65626
2023-08-25,756238316.46113
2023-08-26,384355806.59637
2023-08-27,548461808.15483
2023-08-28,319151481.13976
2023-08-29,270871437.00336
2023-08-30,3287783.27508
2023-08-31,71555483.12958
2023-09-01,450380472.16931
2023-09-02,224130306.59647
2023-09-03,16634932.16791
2023-09-05,264211438.66843
2023-09-06,225888884.0677
2023-09-07,11185455.93835
2023-09-16,74440945.60096
2023-09-17,408978301.61532
2023-09-18,248952089.36064
2023-09-19,4941072.70549
2023-09-23,2268.70437
2023-09-24,183729314.99225
2023-09-27,35832.90108
2023-09-28,182270616.03909
2023-09-29,299084459.32155
2023-09-30,10099367.48278
2023-10-01,116190754.08647
2023-10-03,73632191.9445
2023-10-07,38635201.72583
2023-10-08,159126527.39652
2023-10-09,66135890.47976
2023-10-10,24056651.5747
2023-10-11,2350795.93759
2023-10-12,51429671.96494
2023-10-13,26519660.54734
2023-10-15,17933310.5738
2023-10-17,21990734.05834
2023-10-18,2206057.38434
2023-10-19,329409.94448
2023-10-20,10586033.71892
2023-10-21,37562592.98492
2023-10-22,16055330.81814
2023-10-24,22519977.58323
2023-10-25,1167466501.18496
2023-10-26,549764118.12127
2023-10-27,1428154704.34747
2023-10-28,2298165798.95958
2023-10-29,1307556174.05051
2023-10-30,1741746668.52784
2023-10-31,1989918250.34491
2023-11-01,2400152113.53361
2023-11-02,1744560003.41027
2023-11-03,1814297896.00833
2023-11-04,1594989352.24766
2023-11-05,1582137734.38532
2023-11-06,1954803735.16421
2023-11-07,2727910699.84035
2023-11-08,1545169491.4383
2023-11-09,922652406.11519
2023-11-10,288624802.21665
2023-11-11,1361135842.3913
2023-11-12,187363005.10153
2023-11-13,169973729.58294
2023-11-14,58661552.04913
2023-11-15,328337737.10608
2023-11-16,1313378183.65401
2023-11-17,742620974.21598
2023-11-18,423492805.537
2023-11-19,374638507.71842
2023-11-20,1361776496.21581
2023-11-21,2459477231.92952
2023-11-22,2102771641.47165
2023-11-23,1141298380.24027
2023-11-24,1480528678.22283
2023-11-25,1226435918.75237
2023-11-26,314607938.86406
2023-11-27,1522264243.88838
2023-11-28,1240901122.40386
2023-11-29,740628357.53439
2023-11-30,492508163.78456
2023-12-01,480769609.49102
2023-12-02,398888721.60355
2023-12-03,735807612.20803
2023-12-04,577853279.94233
2023-12-05,172192097.78356
2023-12-06,403128550.43614
2023-12-07,227413987.59638
2023-12-08,289954828.27723
2023-12-09,222318823.58871
2023-12-10,372965974.57528
2023-12-11,152546807.31871
2023-12-12,192953046.59994
2023-12-13,205757134.69932
2023-12-14,336545789.13478
2023-12-15,239039787.13484
2023-12-16,558770397.36935
2023-12-17,372337539.17029
2023-12-18,185355435.47455
2023-12-19,200607091.82047
2023-12-20,1030642535.31198
2023-12-21,282951781.74986
2023-12-22,141129429.98777
2023-12-23,106575674.76586
2023-12-24,98006079.34787
2023-12-25,391559386.90927
2023-12-26,1420384475.99509
2023-12-27,377916263.3272
2023-12-28,594156923.72047
2023-12-29,463391192.36752
2023-12-30,1220615695.48317
2023-12-31,75110482.13155
2024-01-02,65105236.74412
2024-01-03,103182556.96941
2024-01-04,197991553.46841
2024-01-05,109791800.44214
2024-01-06,123804387.4806
2024-01-07,47365491.83478
2024-01-08,30175987.52218
2024-01-09,34648013.62756
2024-01-10,6377667.53537
2024-01-11,7498218.65811
2024-01-12,5853588.33762
2024-01-13,6509497.63683
2024-01-14,41131348.06917
2024-01-15,329120172.01753
2024-01-16,275051219.26269
2024-01-17,260988777.98067
2024-01-18,23165063.1606
2024-01-19,39265776.40335
2024-01-20,56232492.19035
2024-01-21,76258868.13572
2024-01-22,293775856.08431
2024-01-23,279272394.26374
2024-01-24,11121877.23505
2024-01-25,13208355.57918
2024-01-26,142451526.74209
2024-01-27,67121595.28841
2024-01-28,86929949.38951
2024-01-29,9433270.69398
2024-01-30,552610263.39562
2024-01-31,278568953.35792
2024-02-01,204009654.366
2024-02-02,6899829.24256
2024-02-03,7253129.65453
2024-02-04,112483029.14617
2024-02-05,195297973.72859
2024-02-06,1276487529.6263
2024-02-07,10576588.21461
2024-02-08,1457444226.82918
2024-02-09,87755013.97134
2024-02-10,27613407.01165
2024-02-11,438874732.32665
2024-02-12,138263018.59804
2024-02-13,8720844.68735
2024-02-14,30456433.34822
2024-02-15,295221667.27609
2024-02-16,262652274.62021
2024-02-17,15116505.37229
2024-02-18,55372524.92229
2024-02-19,26053930.09851
2024-02-20,8029144.45278
2024-02-21,8290100.6499
2024-02-22,344540593.16684
2024-02-23,34901033.17999
2024-02-24,8838965.74115
2024-02-25,9488779.24204
2024-02-26,8888670.64151
2024-02-27,46450542.41484
2024-02-28,1423645278.83351
2024-02-29,11048783.71979
2024-03-01,46272829.4495
2024-03-02,55094647.50917
2024-03-03,35331551.83835
2024-03-04,254038500.22327
2024-03-05,11126768.21822
2024-03-06,128249318.50507
2024-03-07,112150519.7572
2024-03-08,158886915.164
2024-03-09,99536268.02718
2024-03-10,18270297.83793
2024-03-11,125714572.45848
2024-03-12,68664798.1823
2024-03-13,17609804.26832
2024-03-14,63685908.94876
2024-03-15,64512820.09655
2024-03-16,58913739.03962
2024-03-17,80775843.22481
2024-03-18,625674307.64494
2024-03-19,233850498.84712
2024-03-20,881180798.44258
2024-03-21,63734429.92523
2024-03-22,19368569.99492
2024-03-23,46578069.03297
2024-03-24,81793482.44969
2024-03-25,23325022.95564
2024-03-26,17123977.92554
2024-03-27,1480727.50833
2024-03-28,172277401.85693
2024-03-29,6290727.90065
2024-03-30,65454961.24019
2024-03-31,111631328.97876
2024-04-01,154379620.74075
2024-04-02,4222738.1798
2024-04-04,228005127.62848
2024-04-05,366614172.55293
2024-04-06,555549755.22339
2024-04-07,137317197.27954
2024-04-08,101906918.24749
2024-04-09,7553364.23423
2024-04-10,486640784.08657
2024-04-11,191612156.05241
2024-04-12,4013656.0112
2024-04-13,3808250.52769
2024-04-14,17313470.84804
2024-04-15,55241833.32661
2024-04-16,55017724.97339
2024-04-17,231161760.8046
2024-04-18,180802470.56198
2024-04-19,225281578.34477
2024-04-20,126670433.11568
2024-04-21,973045139.36675
2024-04-22,2366812374.47015
2024-04-23,1910669436.71892
2024-04-24,3296180456.82476
2024-04-25,3577895332.17986
2024-04-26,2419432520.52538
2024-04-27,2196686746.07977
2024-04-28,2152949176.42679
2024-04-29,1813407468.1716
2024-04-30,1285234543.2032
2024-05-02,876394980.167
2024-05-03,356143272.77063
2024-05-04,467738378.08985
2024-05-05,305724093.05721
2024-05-06,90745316.7348
2024-05-07,216639773.25164
2024-05-08,207742062.5252
2024-05-09,624367990.0263
2024-05-10,323988691.08551
2024-05-11,752100130.57226
2024-05-12,745791604.57338
2024-05-13,734040867.38832
2024-05-14,719505667.8729
2024-05-15,600545126.911
2024-05-16,556842235.09364
2024-05-17,490320203.06013
2024-05-18,989846413.3799
2024-05-19,698916083.49188
2024-05-20,582087370.23438
2024-05-21,1206484569.88994
2024-05-22,972265389.80188
2024-05-23,80695781.53005
2024-05-24,200429478.48106
2024-05-25,431417558.05503
2024-05-26,817088311.71194
2024-05-27,540371074.9418
2024-05-28,496963549.19424
2024-05-29,444474664.90201
2024-05-30,421049451.50965
2024-05-31,578821756.93946
2024-06-01,610699244.45941
2024-06-02,539148139.46827
2024-06-03,1297775260.37543
2024-06-04,354743870.11561
2024-06-05,949251055.79828
2024-06-06,376005703.35164
2024-06-07,396308365.62626
2024-06-08,385898534.2691
2024-06-09,364819966.70367
2024-06-10,773957794.8008
2024-06-11,644730691.55278
2024-06-12,318854110.79646
2024-06-13,171763515.70409
2024-06-14,235767117.87702
2024-06-15,349840661.88873
2024-06-16,454082474.56354
2024-06-17,864272737.00153
2024-06-18,1059991738.61286
2024-06-19,1140772618.63678
2024-06-20,477676728.73351
2024-06-21,727061515.58166
2024-06-22,357921461.25946
2024-06-23,505456631.76458
2024-06-24,534251507.69296
2024-06-25,677038165.94454
2024-06-26,1095603579.06612
2024-06-27,791426440.01834
2024-06-28,923945284.74885
2024-06-29,816439912.41285
2024-06-30,637944550.60512
2024-07-01,619851084.65058
2024-07-02,730912780.46268
2024-07-03,593974338.86479
2024-07-04,477862108.49438
2024-07-05,563210061.0133
2024-07-06,677570167.08844
2024-07-07,486548873.0705
2024-07-08,764041213.54859
2024-07-09,831413319.7388
2024-07-10,931844644.7347
2024-07-11,591130780.39666
2024-07-12,384970569.41381
2024-07-13,495575826.82265
2024-07-14,443647874.48761
2024-07-15,682665799.93345
2024-07-16,475060986.12744
2024-07-17,823554154.65442
2024-07-18,284737238.25794
2024-07-19,572983391.2535
2024-07-20,530137033.21343
2024-07-21,742486845.33681
2024-07-22,306249914.41408
2024-07-23,1274683557.07082
2024-07-24,717704796.48887
2024-07-25,320777312.1878
2024-07-26,1061375704.82252
2024-07-27,547180131.48379
2024-07-28,706038877.81951
2024-07-29,170979004.88464
2024-07-30,152871540.48378
2024-07-31,558692497.58396
2024-08-01,213456239.01002
2024-08-02,752249989.0338
2024-08-03,186283082.96411
2024-08-04,150136317.27768
2024-08-05,97951092.89498
2024-08-06,191132858.33174
2024-08-07,124813875.08627
2024-08-08,87743132.2403
2024-08-09,353701588.24619
2024-08-10,73467394.28135
2024-08-11,922039550.93859
2024-08-12,98267358.22488
2024-08-13,86270466.10344
2024-08-14,50032337.94761
2024-08-15,22740583.54356
2024-08-16,591288556.50507
2024-08-17,176597746.81974
2024-08-18,29059753.98253
2024-08-19,13322394.43918
2024-08-20,21205186.22576
2024-08-21,147615098.92212
2024-08-22,94502329.05412
2024-08-23,24994957.62632
2024-08-24,91121155.3742
2024-08-25,292841386.06343
2024-08-26,1806476931.00814
2024-08-27,770939853.31141
2024-08-28,411708885.47894
2024-08-29,466904071.65025
2024-08-30,229163120.24361
2024-08-31,313084324.47676
2024-09-01,89418095.5243
2024-09-02,200831339.70647
2024-09-03,103434103.69804
2024-09-04,113613566.74919
2024-09-05,24333967.96937
2024-09-06,118508472.84173
2024-09-07,70788643.81701
2024-09-08,253318251.1059
2024-09-09,401955149.95727
2024-09-10,51232107.26746
2024-09-11,104227900.49769
2024-09-12,4163623.43355
2024-09-13,149993654.09579
2024-09-14,49256785.18797
2024-09-15,109528622.3766
2024-09-16,49321150.28053
2024-09-17,5325175.22681
2024-09-18,1485955.36847
2024-09-19,13566239.41045
2024-09-20,1145485.82335
2024-09-21,48285.13225
2024-09-22,39811235.21329
2024-09-23,2640454.24193
2024-09-24,50428667.45076
2024-09-25,45071919.32067
2024-09-27,7110557.87445
2024-09-28,13820000.01099
2024-09-29,2552953.28975
2024-10-02,231467286.94823
2024-10-06,7175856.65083
2024-10-10,35047935.18524
2024-10-11,177177725.73429
2024-10-12,465916376.19116
2024-10-13,707629918.81275
2024-10-14,84246200.22238
2024-10-19,137187531.24477
2024-10-20,22412287.14746
2024-10-21,338569540.63338
2024-10-22,398571960.69147
2024-10-23,237602680.96675
2024-10-24,195896232.75067
2024-10-26,5053552.10558
2024-10-27,473850512.03525
2024-10-28,23191723.41151
2024-11-05,606670705.18321
2024-11-06,198833745.68023
2024-11-08,2069953.62171
2024-11-09,131115581.23674
2024-11-10,202263734.66026
2024-11-11,214530480.88467
2024-11-12,403065001.65427
2024-11-13,555726327.52836
2024-11-14,735136022.85799
2024-11-15,1412804445.36527
2024-11-16,835894013.03685
2024-11-17,2595839299.07445
2024-11-18,2351783150.77512
2024-11-19,1326291302.64186
2024-11-20,711786562.70533
2024-11-21,2322443832.4661
2024-11-22,1220912297.03209
2024-11-23,1552219738.92848
2024-11-24,846291350.89444
2024-11-25,1829050809.82477
2024-11-26,2165555515.33745
2024-11-27,1082236509.52455
2024-11-28,10532447.69573
2024-11-29,1229660308.9633
2024-11-30,859479140.7897
2024-12-01,404543176.62243
2024-12-02,153241465.25604
2024-12-03,440763962.40302
2024-12-04,335458256.12921
2024-12-05,145380888.47057
2024-12-06,154279241.63849
2024-12-07,12669367.78422
2024-12-08,874718726.23428
2024-12-09,9148532.78648
2024-12-10,146319576.56784
2024-12-11,15670690.21241
2024-12-12,115768336.70863
2024-12-13,146414233.1494
2024-12-14,17576615.42693
2024-12-15,194771111.9276
2024-12-16,503643642.52556
2024-12-17,376691667.71619
2024-12-18,274865625.0172
2024-12-19,297737107.64143
2024-12-20,233682418.37362
2024-12-21,141372293.79392
2024-12-22,306907585.70851
2024-12-23,2668142391.12888
2024-12-24,1464570920.02569
2024-12-25,995054639.91667
2024-12-26,1356452884.98681
2024-12-27,1408036639.02762
2024-12-28,84873047.23546
2024-12-29,920181447.18223
2024-12-30,751083946.61352
2024-12-31,883662279.87721
2025-01-01,631998254.51331
2025-01-02,213437431.34484
2025-01-03,272510335.31135
2025-01-04,339918748.24144
2025-01-05,2233000598.37731
2025-01-06,509763781.38116
2025-01-07,574129293.7565
2025-01-08,915072616.99804
2025-01-09,601671655.90445
2025-01-10,570271661.26272
2025-01-11,337225241.78736
2025-01-12,572056827.05508
2025-01-13,493189402.99377
2025-01-14,346087170.21146
2025-01-15,181768021.87107
2025-01-16,98948444.16668
2025-01-17,118329708.00769
2025-01-18,219101703.40664
2025-01-19,80146126.72718
2025-01-20,276885583.20667
2025-01-21,615675531.80558
2025-01-22,500164264.48707
2025-01-23,175883082.32935
2025-01-24,643838465.6982
2025-01-25,343049523.95128
2025-01-26,17064671.0285
2025-01-27,774683089.83813
2025-01-28,400606422.93665
2025-01-29,473501942.11517
2025-01-30,197579123.60993
2025-01-31,449849788.38753
2025-02-01,96980889.98013
2025-02-02,708135846.78194
2025-02-03,488225913.5111
2025-02-04,239492030.26899
2025-02-05,559502074.96773
2025-02-06,314264114.55849
2025-02-07,494258035.36425
2025-02-08,469702202.33188
2025-02-09,189979360.03421
2025-02-10,351078099.20154
2025-02-11,1280979380.2654
2025-02-12,606555220.31258
2025-02-13,386017917.25123
2025-02-14,324152056.62491
2025-02-15,1206903258.42546
2025-02-16,1120842766.64353
2025-02-17,1217876078.6646
2025-02-18,918218230.16549
2025-02-19,642199233.41787
2025-02-20,353869715.02964
2025-02-21,404371278.58656
2025-02-22,468119821.16488
2025-02-23,1122007464.55624
2025-02-24,754999761.93218
2025-02-25,1357793153.39533
2025-02-26,1416498949.24905
2025-02-27,1318179921.99061
2025-02-28,563767221.51614
2025-03-01,1667161773.84035
2025-03-02,939087358.55143
2025-03-03,883935253.86607
2025-03-04,772127969.4156
2025-03-05,840998578.10157
2025-03-06,1292681421.98574
2025-03-07,591820108.76384
2025-03-08,968177946.89818
2025-03-09,908994173.78106
2025-03-10,762464546.29925
2025-03-11,1580968803.41717
2025-03-12,1292042824.64238
2025-03-13,852075931.50718
2025-03-14,1042140263.16703
2025-03-15,1276310915.7033
2025-03-16,743238770.98603
2025-03-17,1056095689.72342
2025-03-18,1144236444.97286
2025-03-19,1239202311.04226
2025-03-20,959650985.1581
2025-03-21,1740324911.49778
2025-03-22,608093884.39013
2025-03-23,704859121.37853
2025-03-24,1787307281.08223
2025-03-25,1390156221.3335
2025-03-26,937481402.11815
2025-03-27,1217600472.89019
2025-03-28,1039933482.29156
2025-03-29,1312106772.50726
2025-03-30,892536085.35482
2025-03-31,966594763.69517
2025-04-01,593037894.2186
2025-04-02,681507481.88669
2025-04-03,961763867.00066
2025-04-04,597552603.27115
2025-04-05,886129651.03988
2025-04-06,1652306957.32338
2025-04-07,1219219473.82322
2025-04-08,611368042.92358
2025-04-09,1174758441.06729
2025-04-10,1310352772.76341
2025-04-11,1054071952.34675
2025-04-12,653170901.99365
2025-04-13,750543938.07619
2025-04-14,613467659.37398
2025-04-15,980006283.92333
2025-04-16,675975958.10144
2025-04-17,582349728.43074
2025-04-18,499343525.81843
2025-04-19,1012668103.02223
2025-04-20,441414495.23077
2025-04-21,328469356.30995
2025-04-22,691207850.02565
2025-04-23,1108918684.91181
2025-04-24,646489300.30692
2025-04-25,930360418.33347
2025-04-26,910916948.73667
2025-04-27,1194862108.71607
2025-04-28,967431011.39603
2025-04-29,614525391.92616
2025-04-30,678806567.63081
2025-05-01,1011071270.30619
2025-05-02,1196742281.69113
2025-05-03,1220225026.48682
2025-05-04,485226427.0755
2025-05-05,911149467.1923
2025-05-06,1500622403.13831
2025-05-07,1678004062.88777
2025-05-08,914611393.04832
2025-05-09,551402054.74907
2025-05-10,498191364.83912
2025-05-11,1401428136.02115
2025-05-12,1045238661.10209
2025-05-13,937675828.21722
2025-05-14,2963789796.64709
2025-05-15,2851170299.51384
2025-05-16,1284529145.53481
2025-05-17,1258164362.67687
2025-05-18,819973589.58128
2025-05-19,699936662.64273
2025-05-20,1791001721.69608
2025-05-21,945374976.88365
2025-05-22,1321120535.19422
2025-05-23,2479069258.69726
2025-05-24,1197862424.97732
2025-05-25,1216566746.1816
2025-05-26,1390981175.04589
2025-05-27,786036361.91762
2025-05-28,611545459.57746
2025-05-29,675648475.90943
2025-05-30,1051527098.5454
2025-05-31,702753645.24691
2025-06-01,1121109660.82888
2025-06-02,1009071865.95738
2025-06-03,1157025740.15552
2025-06-04,864551352.57195
2025-06-05,1822203815.84285
2025-06-06,1068336830.83104
2025-06-07,843836650.29619
2025-06-08,1486898514.95152
2025-06-09,1387299234.03043
2025-06-10,1767578572.36769
2025-06-11,1597279670.83198
2025-06-12,2054515881.49055
2025-06-13,1811994963.16448
2025-06-14,1807321559.58072
2025-06-15,2257984304.40851
2025-06-16,2051044931.2523
2025-06-17,1040001123.21948
2025-06-18,913172210.51836
2025-06-19,1523355000.64459
2025-06-20,1002838820.65701
2025-06-21,1069494829.28797
2025-06-22,1028850372.13028
2025-06-23,1675065816.62372
2025-06-24,1423082409.91828
2025-06-25,886206486.89981
2025-06-26,1576630160.71265
2025-06-27,1983258706.45976
2025-06-28,1055317145.53571
2025-06-29,611794656.4209
2025-06-30,1013589604.59111
2025-07-01,779757845.02369
2025-07-02,1674494668.67629
2025-07-03,1847340640.46526
2025-07-04,1414856330.76749
2025-07-05,998193351.41934
2025-07-06,1560494343.82491
2025-07-07,1040051526.09175
2025-07-08,1642654192.77706
2025-07-09,2581361177.95718
2025-07-10,1556341886.39951
2025-07-11,1001382864.48238
2025-07-12,1099712332.32795
2025-07-13,1821572985.56545
2025-07-14,1076072081.7108
2025-07-15,1358390757.96634
2025-07-16,1166726357.9787
2025-07-17,930383498.05332
2025-07-18,953379156.42174
2025-07-19,747036056.7851
2025-07-20,886596657.06905
2025-07-21,880849076.96011
2025-07-22,1307695331.68673
2025-07-23,1666771682.26704
2025-07-24,1395085608.11387
2025-07-25,1666181089.98431
2025-07-26,2822957530.62291
2025-07-27,517554109.92449
2025-07-28,1722200934.86447
2025-07-29,1196230808.44551
2025-07-30,1994289115.55881
2025-07-31,872674487.13753
2025-08-01,1973876106.09607
2025-08-02,1035328842.9964
2025-08-03,913205830.52044
2025-08-04,1620292365.37251
2025-08-05,1534979722.58801
2025-08-06,901644107.33788
2025-08-07,1618043407.07498
2025-08-08,960913747.31544
2025-08-09,842121001.32309
2025-08-10,1133100014.92994
2025-08-11,835404280.2621
2025-08-12,1533347379.50752
2025-08-13,1661152828.92092
2025-08-14,1790409120.83411
2025-08-15,1014308651.35715
2025-08-16,1177708065.41118
2025-08-17,531683995.97243
2025-08-18,465951093.1395
2025-08-19,809241473.59411
2025-08-20,1462273615.88391
2025-08-21,964394929.70148
2025-08-22,544294761.59649
2025-08-23,442232892.23629
2025-08-24,720194786.11941
2025-08-25,583952703.85712
2025-08-26,277894369.25156
2025-08-27,797166469.51628
2025-08-28,447868308.26074
2025-08-29,620644183.16128
2025-08-30,439031946.53204
2025-08-31,633823902.60558
2025-09-01,1278784869.02204
2025-09-02,2131470577.88062
2025-09-03,1857930091.76555
2025-09-04,2401934547.76193
2025-09-05,1824671784.94896
2025-09-06,1642260704.62723
2025-09-07,881981944.29624
2025-09-08,1445899499.16915
2025-09-09,1332467190.3455
2025-09-10,2388439185.67011
2025-09-11,1762591479.38813
2025-09-12,1689785819.17319
2025-09-13,1282394014.09118
2025-09-14,1014707997.49311
2025-09-15,1124216607.9585
2025-09-16,1096127495.61947
2025-09-17,1066750509.02519
2025-09-18,1214939416.59895
2025-09-19,938134086.94684
2025-09-20,877244789.15449
2025-09-21,899810407.32658
2025-09-22,1369225692.04397
2025-09-23,1144791606.39222
2025-09-24,951417635.24201
2025-09-25,395838251.6892
2025-09-26,442343554.29558
2025-09-27,788148679.03611
2025-09-28,476547097.11242
2025-09-29,1513668036.42102
2025-09-30,1395709330.06921
2025-10-01,1232881826.90723
2025-10-02,1455144052.08834
2025-10-03,700947648.41947
2025-10-04,614472921.79378
2025-10-05,1231288347.76136
2025-10-06,1329182898.22493
2025-10-07,1401129685.91921
2025-10-08,1422969902.80709
2025-10-09,783810319.13588
2025-10-10,3084006973.44903
2025-10-11,1454040447.93131
2025-10-12,1416135538.48538
2025-10-13,1502861924.9356
2025-10-14,1981730725.332
2025-10-15,759554283.50053
2025-10-16,2080966853.98133
2025-10-17,1483246992.91687
2025-10-18,1676121264.11437
2025-10-19,850186486.8018
2025-10-20,1379179470.14899
2025-10-21,1538767862.11281
2025-10-22,2076681447.50876
2025-10-23,1338795469.48445
2025-10-24,961541532.87764
2025-10-25,1535501730.93598
2025-10-26,846368561.27163
2025-10-27,1533470236.83464
2025-10-28,2625290019.55504
2025-10-29,777351888.54239
2025-10-30,1577636421.80422
2025-10-31,1213639799.74792
2025-11-01,1143804535.06047
2025-11-02,992159660.45484
2025-11-03,1088336642.69775
2025-11-04,1433882218.17339
2025-11-05,1773862403.99261
2025-11-06,985484730.6781
2025-11-07,739029277.81118
2025-11-08,1109963216.53208
2025-11-09,619216062.67555
2025-11-10,864258811.93731
2025-11-11,311821989.1296
2025-11-12,358520673.63963
2025-11-13,2169279699.26008
2025-11-14,2161749875.16054
2025-11-15,2150426857.46088
2025-11-16,2376871739.88583
2025-11-17,806050400.51644
2025-11-18,2296587611.0205
2025-11-19,711246417.10503
2025-11-20,2481455895.15916
2025-11-21,1990675435.96553
2025-11-22,1836000457.29715
2025-11-23,1187586206.25557
2025-11-24,1501557557.85487
2025-11-25,1586185894.51118
2025-11-26,1676518320.72919
2025-11-27,2473808661.00234
2025-11-28,1940085438.21115
2025-11-29,1570936971.95382
2025-11-30,1783347199.71553
2025-12-01,2363992859.92337
2025-12-02,2968717463.39609
2025-12-03,2808453929.37764
2025-12-04,1689076756.62078
2025-12-05,2700514110.93207
2025-12-06,3643391234.07167
2025-12-07,2486138960.09231
2025-12-08,1176202835.90565
2025-12-09,2258894671.95765
2025-12-10,2796041621.08729
2025-12-11,2429309079.81429
2025-12-12,911098977.10886
2025-12-13,2183542982.82763
2025-12-14,2261861809.29792
2025-12-15,2010403293.22699
2025-12-16,711990456.2147
2025-12-17,1596282136.03578
2025-12-18,1851738290.6716
2025-12-19,1365150454.84578
2025-12-20,454311130.60849
2025-12-21,1037382482.51986
2025-12-22,1141742643.95048
2025-12-23,976895496.05962
2025-12-24,976567105.8668
2025-12-25,3088103533.43291
2025-12-26,2772630139.61964
2025-12-27,2477631016.79717
2025-12-28,747267533.03338
2025-12-29,1932946490.72937
2025-12-30,1682389090.81828
2025-12-31,2326987063.14553
2026-01-01,790413157.65341
2026-01-03,1896470031.19756
2026-01-04,1807399967.5826
2026-01-05,2294483282.15717
2026-01-06,1966429083.15657
2026-01-07,2108461510.52428
2026-01-08,1099363006.37127
2026-01-09,1521847418.32441
2026-01-10,2955284905.0036
2026-01-11,3185982471.92635
2026-01-12,2682559540.80785
2026-01-13,1095616565.62728
2026-01-14,3401582564.84476
2026-01-15,3983882411.22806
2026-01-16,3466727890.81336
2026-01-17,1328829534.12577
2026-01-18,634785110.74355
2026-01-19,1329758796.90805
2026-01-20,717028290.10214
2026-01-21,616129160.67288
2026-01-22,608555664.94527
2026-01-23,2930266095.78908
2026-01-24,4050155061.75039
2026-01-25,2974625053.8269
2026-01-26,1700547467.45941
2026-01-27,957338867.00694
2026-01-28,855610098.84094
2026-01-29,1015947534.7916
2026-01-30,3147328350.53432
2026-01-31,3381266673.7665
2026-02-01,3320106658.6217
2026-02-02,1220109243.43895
2026-02-03,4329612538.65364
2026-02-04,3515463449.47323
2026-02-05,3779899535.9781
2026-02-06,3709293236.05309
2026-02-07,1458877767.96669
2026-02-08,798849356.83252
2026-02-09,1455684870.68127
2026-02-10,3229377208.99915
2026-02-11,6189457062.81655
2026-02-12,4839592804.3038
2026-02-13,2714427547.58862
2026-02-14,2086716669.69878
2026-02-15,1101699838.66825
2026-02-16,859350045.93953
2026-02-17,1284066669.34914
2026-02-18,5548653132.33153
2026-02-19,5932324552.13613
2026-02-20,4834884204.51219
2026-02-21,1697385640.94921
2026-02-22,1657803430.21886
2026-02-23,1424037650.9229
2026-02-24,4692443832.08392
2026-02-25,4908916389.68294
2026-02-26,4907622977.66896
2026-02-27,3120641349.51786
2026-02-28,3871464096.55771
2026-03-02,929735269.16934
2026-03-03,3237349861.45994
2026-03-04,3777016125.29136
2026-03-05,4144234928.91941
2026-03-06,2991117545.41521
2026-03-07,3150654162.48196
2026-03-08,1586848307.28876
2026-03-09,1873333437.64024
2026-03-10,3212093649.77984
2026-03-11,4032933398.89546
2026-03-12,3639319494.96885
2026-03-13,2052884385.89721
2026-03-14,3014656513.05715
2026-03-15,3463353318.22292
2026-03-16,1770136133.47336
2026-03-17,709484103.11844
2026-03-18,1757311761.46832
2026-03-19,1804604138.35875
2026-03-20,1594716908.42732
2026-03-21,641077510.26854
2026-03-22,1757435842.68425
2026-03-23,2721122684.91071
2026-03-24,3028773178.3332
2026-03-25,957294296.84918
2026-03-26,2504113970.54033
2026-03-27,3179509793.75829
2026-03-28,3677008109.4309
2026-03-29,1733326690.68065
2026-03-30,990776009.38731
2026-03-31,3919046956.73405
2026-04-01,3617058851.48595
2026-04-02,5091130307.8551
2026-04-03,4968232826.82132
2026-04-04,4545171485.64972
2026-04-05,2411903916.08147
2026-04-06,4708126357.30083
2026-04-07,4396173361.84962
2026-04-08,4007094975.1353
2026-04-09,1598420018.39216
2026-04-10,4237192692.81709
2026-04-11,4420078035.23753
2026-04-12,3720670710.56692
2026-04-13,2157771667.99307
2026-04-14,3145086780.32017
2026-04-15,3548272596.00336
2026-04-16,2736769016.60506
2026-04-19,5286445742.06507
2026-04-20,4466146095.29782
2026-04-21,3437683038.59845
2026-04-22,1892563156.06654
2026-04-23,4118684798.03276
2026-04-24,3256053909.18473
2026-04-25,3535255978.97184
2026-04-26,1610946077.53713
2026-04-27,1497659554.66476
2026-04-28,1566064314.05863
2026-04-29,5584659594.89193
2026-04-30,5952214018.99216
2026-05-01,6876458598.90833
2026-05-02,1381937600.71728
2026-05-03,1250205736.6355
2026-05-04,1521781192.7245
2026-05-05,3351994323.91446
2026-05-06,3052926556.25532
2026-05-07,3275168558.3646
2026-05-08,1345259500.10498
2026-05-09,1509591113.55786
2026-05-10,1348327792.58982
2026-05-11,1467008535.18279
2026-05-12,523028852.5546
2026-05-13,258549685.4577
2026-05-14,28865229.88078
2026-05-15,70168916.41651
2026-05-16,110214153.46348
2026-05-17,314574099.21086
2026-05-18,167274627.98221
2026-05-19,14924313.2352
2026-05-20,8583407.62487
2026-05-21,339898463.93169
2026-05-22,894498254.1333
2026-05-23,65867749.41183
2026-05-24,466518507.99783
2026-05-25,757147079.35885
2026-05-26,885606658.49111
2026-05-27,947467997.35588
2026-05-28,3149377698.88947
2026-05-29,2302536635.8091
2026-05-30,2614359445.26073
2026-05-31,1718359308.86368
2026-06-01,1256521659.17135
2026-06-02,689290527.03125
2026-06-03,1382533408.04601
2026-06-04,1472369164.6303
2026-06-05,956918636.68663
2026-06-06,1036207735.55714
2026-06-07,1847329015.59681
2026-06-08,1309953242.94907
2026-06-09,1751018898.18346
2026-06-10,2243482293.06594
2026-06-11,2770264514.91567
2026-06-12,2148558179.18684
2026-06-13,841980101.48459
2026-06-14,1039256691.28671
2026-06-15,1882574033.44971
2026-06-16,2640826265.73565
2026-06-17,3355460501.47534
2026-06-18,2412459035.28899
2026-06-19,1711513868.54322
2026-06-20,1309908748.09465
2026-06-21,1073011110.88965
2026-06-22,896247018.09107
2026-06-23,1057405202.68208
2026-06-24,1126230491.25069
2026-06-25,169190155.1934
2026-06-26,116810490.85214
2026-06-27,107619510.71764
2026-06-28,48014937.02999
2026-06-29,42095974.24188
2026-06-30,28551417.99952
2026-07-02,127303788.60397
2026-07-03,80552013.33031
2026-07-04,56396768.2925
2026-07-05,156589967.16685
2026-07-06,31985141.88226
2026-07-07,27242182.65773
2026-07-08,38957705.19003
2026-07-09,620612453.55796
2026-07-10,499522302.66302
2026-07-11,57177876.91044
2026-07-12,19671471.74474
2026-07-13,520013324.34515
2026-07-14,440662029.78822
2026-07-15,164769246.34435
2026-07-16,470536773.47234
2026-07-17,109608962.06476
2026-07-18,98017307.62491
2026-07-19,137079655.81496
2026-07-20,136676838.57248
2026-07-21,95382192.94129
2026-07-22,5680058.58384
2026-07-23,9293268.19031
2026-07-24,78976716.59993
2026-07-25,840276400.42611
2026-07-26,854005334.36001
2026-07-27,398409849.46956
2026-07-28,467760168.74261
2026-07-29,168514003.48539
2026-07-30,302890628.52735
2026-07-31,270617748.17335
2026-08-01,90135251.71074
2026-08-02,521730952.50425
2026-08-03,5355619.30108
2026-08-04,635720535.15024
2026-08-05,675096.28821
2026-08-06,355564733.16371
2026-08-07,47130915.58464
