fecha_hora,porcentaje_volumen_util
2019-01-01,0.71411
2019-01-02,0.71015
2019-01-03,0.70524
2019-01-04,0.70056
2019-01-05,0.69619
2019-01-06,0.69319
2019-01-07,0.6893
2019-01-08,0.68579
2019-01-09,0.68286
2019-01-10,0.67943
2019-01-11,0.67547
2019-01-12,0.67245
2019-01-13,0.66955
2019-01-14,0.66601
2019-01-15,0.66233
2019-01-16,0.65867
2019-01-17,0.65472
2019-01-18,0.65107
2019-01-19,0.64725
2019-01-20,0.64535
2019-01-21,0.6434
2019-01-22,0.63849
2019-01-23,0.63327
2019-01-24,0.62727
2019-01-25,0.62329
2019-01-26,0.61858
2019-01-27,0.61553
2019-01-28,0.61164
2019-01-29,0.60934
2019-01-30,0.60423
2019-01-31,0.6008
2019-02-01,0.59704
2019-02-02,0.59277
2019-02-03,0.59083
2019-02-04,0.58475
2019-02-05,0.57981
2019-02-06,0.57515
2019-02-07,0.56977
2019-02-08,0.56472
2019-02-09,0.55975
2019-02-10,0.55692
2019-02-11,0.55368
2019-02-12,0.55025
2019-02-13,0.54563
2019-02-14,0.54255
2019-02-15,0.53705
2019-02-16,0.53198
2019-02-17,0.52873
2019-02-18,0.52393
2019-02-19,0.52067
2019-02-20,0.51772
2019-02-21,0.5148
2019-02-22,0.51269
2019-02-23,0.51086
2019-02-24,0.50989
2019-02-25,0.50808
2019-02-26,0.50488
2019-02-27,0.50201
2019-02-28,0.49884
2019-03-01,0.49495
2019-03-02,0.49344
2019-03-03,0.49042
2019-03-04,0.48621
2019-03-05,0.48175
2019-03-06,0.48642
2019-03-07,0.47431
2019-03-08,0.47136
2019-03-09,0.46807
2019-03-10,0.46729
2019-03-11,0.46574
2019-03-12,0.46326
2019-03-13,0.45936
2019-03-14,0.45701
2019-03-15,0.45426
2019-03-16,0.45139
2019-03-17,0.44946
2019-03-18,0.44628
2019-03-19,0.44715
2019-03-20,0.44526
2019-03-21,0.44353
2019-03-22,0.4439
2019-03-23,0.44453
2019-03-24,0.44498
2019-03-25,0.44452
2019-03-26,0.44306
2019-03-27,0.43947
2019-03-28,0.43606
2019-03-29,0.43499
2019-03-30,0.434
2019-03-31,0.43281
2019-04-01,0.43481
2019-04-02,0.44066
2019-04-03,0.43921
2019-04-04,0.43869
2019-04-05,0.43919
2019-04-06,0.4417
2019-04-07,0.44375
2019-04-08,0.44307
2019-04-09,0.44132
2019-04-10,0.43912
2019-04-11,0.43701
2019-04-12,0.43561
2019-04-13,0.43384
2019-04-14,0.43321
2019-04-15,0.43654
2019-04-16,0.43485
2019-04-17,0.43405
2019-04-18,0.43611
2019-04-19,0.43835
2019-04-20,0.44156
2019-04-21,0.44776
2019-04-22,0.45543
2019-04-23,0.45949
2019-04-24,0.46419
2019-04-25,0.46794
2019-04-26,0.47183
2019-04-27,0.47283
2019-04-28,0.47495
2019-04-29,0.47385
2019-04-30,0.47065
2019-05-01,0.4676
2019-05-02,0.46347
2019-05-03,0.45938
2019-05-04,0.45654
2019-05-05,0.45447
2019-05-06,0.45106
2019-05-07,0.44876
2019-05-08,0.44953
2019-05-09,0.4517
2019-05-10,0.45729
2019-05-11,0.46666
2019-05-12,0.47256
2019-05-13,0.48159
2019-05-14,0.4911
2019-05-15,0.49601
2019-05-16,0.4972
2019-05-17,0.50085
2019-05-18,0.50299
2019-05-19,0.50874
2019-05-20,0.51253
2019-05-21,0.51687
2019-05-22,0.52186
2019-05-23,0.52809
2019-05-24,0.53632
2019-05-25,0.54338
2019-05-26,0.54854
2019-05-27,0.55646
2019-05-28,0.55961
2019-05-29,0.56296
2019-05-30,0.56943
2019-05-31,0.57539
2019-06-01,0.58473
2019-06-02,0.59141
2019-06-03,0.59518
2019-06-04,0.59612
2019-06-05,0.59969
2019-06-06,0.60254
2019-06-07,0.608
2019-06-08,0.61006
2019-06-09,0.61155
2019-06-10,0.61915
2019-06-11,0.62419
2019-06-12,0.63149
2019-06-13,0.63511
2019-06-14,0.64011
2019-06-15,0.64557
2019-06-16,0.6493
2019-06-17,0.6527
2019-06-18,0.65661
2019-06-19,0.65771
2019-06-20,0.66472
2019-06-21,0.67443
2019-06-22,0.68258
2019-06-23,0.69005
2019-06-24,0.69712
2019-06-25,0.70008
2019-06-26,0.70291
2019-06-27,0.70187
2019-06-28,0.70075
2019-06-29,0.70224
2019-06-30,0.70631
2019-07-01,0.71279
2019-07-02,0.71475
2019-07-03,0.71655
2019-07-04,0.71561
2019-07-05,0.71661
2019-07-06,0.71722
2019-07-07,0.71698
2019-07-08,0.71672
2019-07-09,0.71675
2019-07-10,0.71494
2019-07-11,0.71366
2019-07-12,0.71172
2019-07-13,0.71457
2019-07-14,0.72189
2019-07-15,0.72691
2019-07-16,0.72778
2019-07-17,0.72656
2019-07-18,0.7243
2019-07-19,0.72609
2019-07-20,0.73064
2019-07-21,0.7338
2019-07-22,0.73647
2019-07-23,0.7433
2019-07-24,0.74445
2019-07-25,0.74543
2019-07-26,0.74748
2019-07-27,0.74923
2019-07-28,0.75355
2019-07-29,0.75068
2019-07-30,0.75028
2019-07-31,0.7486
2019-08-01,0.74907
2019-08-02,0.74758
2019-08-03,0.74981
2019-08-04,0.75057
2019-08-05,0.75091
2019-08-06,0.74971
2019-08-07,0.74799
2019-08-08,0.74724
2019-08-09,0.74459
2019-08-10,0.74262
2019-08-11,0.74442
2019-08-12,0.74326
2019-08-13,0.74559
2019-08-14,0.74681
2019-08-15,0.74897
2019-08-16,0.74904
2019-08-17,0.74903
2019-08-18,0.74866
2019-08-19,0.74966
2019-08-20,0.74807
2019-08-21,0.74608
2019-08-22,0.74188
2019-08-23,0.73758
2019-08-24,0.73404
2019-08-25,0.73114
2019-08-26,0.73178
2019-08-27,0.72678
2019-08-28,0.72479
2019-08-29,0.72219
2019-08-30,0.71771
2019-08-31,0.71403
2019-09-01,0.71231
2019-09-02,0.71212
2019-09-03,0.70836
2019-09-04,0.70483
2019-09-05,0.70149
2019-09-06,0.70034
2019-09-07,0.69675
2019-09-08,0.6935
2019-09-09,0.68833
2019-09-10,0.68345
2019-09-11,0.67902
2019-09-12,0.67539
2019-09-13,0.67383
2019-09-14,0.67252
2019-09-15,0.67097
2019-09-16,0.66948
2019-09-17,0.66615
2019-09-18,0.66541
2019-09-19,0.6668
2019-09-20,0.66654
2019-09-21,0.66734
2019-09-22,0.66757
2019-09-23,0.66915
2019-09-24,0.6672
2019-09-25,0.66672
2019-09-26,0.66699
2019-09-27,0.66362
2019-09-28,0.66115
2019-09-29,0.66109
2019-09-30,0.65963
2019-10-01,0.65965
2019-10-02,0.65865
2019-10-03,0.6623
2019-10-04,0.66156
2019-10-05,0.6605
2019-10-06,0.66201
2019-10-07,0.65988
2019-10-08,0.65805
2019-10-09,0.65616
2019-10-10,0.65648
2019-10-11,0.65764
2019-10-12,0.66151
2019-10-13,0.66882
2019-10-14,0.67216
2019-10-15,0.67138
2019-10-16,0.67008
2019-10-17,0.66981
2019-10-18,0.67034
2019-10-19,0.67537
2019-10-20,0.67996
2019-10-21,0.68286
2019-10-22,0.68419
2019-10-23,0.68752
2019-10-24,0.69192
2019-10-25,0.69425
2019-10-26,0.69741
2019-10-27,0.70217
2019-10-28,0.70202
2019-10-29,0.70206
2019-10-30,0.70202
2019-10-31,0.70153
2019-11-01,0.69973
2019-11-02,0.69895
2019-11-03,0.69838
2019-11-04,0.69848
2019-11-05,0.69749
2019-11-06,0.69527
2019-11-07,0.69228
2019-11-08,0.68954
2019-11-09,0.69007
2019-11-10,0.68957
2019-11-11,0.69357
2019-11-12,0.69634
2019-11-13,0.70143
2019-11-14,0.70499
2019-11-15,0.70745
2019-11-16,0.70841
2019-11-17,0.7103
2019-11-18,0.70979
2019-11-19,0.70984
2019-11-20,0.71125
2019-11-21,0.71134
2019-11-22,0.71273
2019-11-23,0.71419
2019-11-24,0.71541
2019-11-25,0.71402
2019-11-26,0.71148
2019-11-27,0.70983
2019-11-28,0.70811
2019-11-29,0.69977
2019-11-30,0.70284
2019-12-01,0.70206
2019-12-02,0.6991
2019-12-03,0.69657
2019-12-04,0.69364
2019-12-05,0.69076
2019-12-06,0.68695
2019-12-07,0.68515
2019-12-08,0.68422
2019-12-09,0.68128
2019-12-10,0.67762
2019-12-11,0.67436
2019-12-12,0.67216
2019-12-13,0.66997
2019-12-14,0.67153
2019-12-15,0.67457
2019-12-16,0.67252
2019-12-17,0.67064
2019-12-18,0.66844
2019-12-19,0.66532
2019-12-20,0.66486
2019-12-21,0.66384
2019-12-22,0.66372
2019-12-23,0.66244
2019-12-24,0.66069
2019-12-25,0.66177
2019-12-26,0.66254
2019-12-27,0.66138
2019-12-28,0.65851
2019-12-29,0.65616
2019-12-30,0.65523
2019-12-31,0.65831
2020-01-01,0.65934
2020-01-02,0.65846
2020-01-03,0.65589
2020-01-04,0.6526
2020-01-05,0.64998
2020-01-06,0.6471
2020-01-07,0.6429
2020-01-08,0.63867
2020-01-09,0.63392
2020-01-10,0.62883
2020-01-11,0.62412
2020-01-12,0.62012
2020-01-13,0.61508
2020-01-14,0.61025
2020-01-15,0.60538
2020-01-16,0.59762
2020-01-17,0.59514
2020-01-18,0.59078
2020-01-19,0.5875
2020-01-20,0.58326
2020-01-21,0.57954
2020-01-22,0.57642
2020-01-23,0.5729
2020-01-24,0.5689
2020-01-25,0.5648
2020-01-26,0.56238
2020-01-27,0.55905
2020-01-28,0.55537
2020-01-29,0.551
2020-01-30,0.54632
2020-01-31,0.54178
2020-02-01,0.53765
2020-02-02,0.53461
2020-02-03,0.52884
2020-02-04,0.52542
2020-02-05,0.52079
2020-02-06,0.51602
2020-02-07,0.5109
2020-02-08,0.50596
2020-02-09,0.50323
2020-02-10,0.49774
2020-02-11,0.49231
2020-02-12,0.48682
2020-02-13,0.4814
2020-02-14,0.47642
2020-02-15,0.47393
2020-02-16,0.47125
2020-02-17,0.46745
2020-02-18,0.46135
2020-02-19,0.4553
2020-02-20,0.45087
2020-02-21,0.44785
2020-02-22,0.4472
2020-02-23,0.44793
2020-02-24,0.44719
2020-02-25,0.44659
2020-02-26,0.44554
2020-02-27,0.44256
2020-02-28,0.43797
2020-02-29,0.43426
2020-03-01,0.43221
2020-03-02,0.42877
2020-03-03,0.42538
2020-03-04,0.42209
2020-03-05,0.41707
2020-03-06,0.41247
2020-03-07,0.40947
2020-03-08,0.40699
2020-03-09,0.40389
2020-03-10,0.39965
2020-03-11,0.39734
2020-03-12,0.39446
2020-03-13,0.3918
2020-03-14,0.39124
2020-03-15,0.39046
2020-03-16,0.38761
2020-03-17,0.38494
2020-03-18,0.38192
2020-03-19,0.37861
2020-03-20,0.37635
2020-03-21,0.37337
2020-03-22,0.37114
2020-03-23,0.36729
2020-03-24,0.3639
2020-03-25,0.36123
2020-03-26,0.35861
2020-03-27,0.35523
2020-03-28,0.35229
2020-03-29,0.34912
2020-03-30,0.34699
2020-03-31,0.3462
2020-04-01,0.34875
2020-04-02,0.34763
2020-04-03,0.34505
2020-04-04,0.34412
2020-04-05,0.34298
2020-04-06,0.34028
2020-04-07,0.3414
2020-04-08,0.33994
2020-04-09,0.33999
2020-04-10,0.33908
2020-04-11,0.34333
2020-04-12,0.34346
2020-04-13,0.34155
2020-04-14,0.33936
2020-04-15,0.33785
2020-04-16,0.33504
2020-04-17,0.33224
2020-04-18,0.33243
2020-04-19,0.33214
2020-04-20,0.33066
2020-04-21,0.33084
2020-04-22,0.3296
2020-04-23,0.33122
2020-04-24,0.32952
2020-04-25,0.32656
2020-04-26,0.32454
2020-04-27,0.32127
2020-04-28,0.32151
2020-04-29,0.3198
2020-04-30,0.31812
2020-05-01,0.32102
2020-05-02,0.32104
2020-05-03,0.32336
2020-05-04,0.32395
2020-05-05,0.32435
2020-05-06,0.32318
2020-05-07,0.32706
2020-05-08,0.32774
2020-05-09,0.3276
2020-05-10,0.32768
2020-05-11,0.32657
2020-05-12,0.32447
2020-05-13,0.32532
2020-05-14,0.3231
2020-05-15,0.32172
2020-05-16,0.32299
2020-05-17,0.32507
2020-05-18,0.32741
2020-05-19,0.33341
2020-05-20,0.33415
2020-05-21,0.33218
2020-05-22,0.33083
2020-05-23,0.32935
2020-05-24,0.3283
2020-05-25,0.32832
2020-05-26,0.32878
2020-05-27,0.33256
2020-05-28,0.33668
2020-05-29,0.33814
2020-05-30,0.34547
2020-05-31,0.35162
2020-06-01,0.35728
2020-06-02,0.36007
2020-06-03,0.36176
2020-06-04,0.36461
2020-06-05,0.36445
2020-06-06,0.37074
2020-06-07,0.37351
2020-06-08,0.37346
2020-06-09,0.37264
2020-06-10,0.37663
2020-06-11,0.38221
2020-06-12,0.39161
2020-06-13,0.39477
2020-06-14,0.39955
2020-06-15,0.40595
2020-06-16,0.40739
2020-06-17,0.41198
2020-06-18,0.41429
2020-06-19,0.4168
2020-06-20,0.42632
2020-06-21,0.43703
2020-06-22,0.44503
2020-06-23,0.45041
2020-06-24,0.45251
2020-06-25,0.45374
2020-06-26,0.4575
2020-06-27,0.46156
2020-06-28,0.47058
2020-06-29,0.47314
2020-06-30,0.47457
2020-07-01,0.4776
2020-07-02,0.48871
2020-07-03,0.4944
2020-07-04,0.509
2020-07-05,0.52109
2020-07-06,0.52654
2020-07-07,0.53136
2020-07-08,0.53649
2020-07-09,0.54302
2020-07-10,0.54593
2020-07-11,0.55369
2020-07-12,0.55791
2020-07-13,0.5612
2020-07-14,0.56547
2020-07-15,0.56632
2020-07-16,0.56796
2020-07-17,0.56901
2020-07-18,0.56884
2020-07-19,0.56962
2020-07-20,0.5703
2020-07-21,0.57162
2020-07-22,0.57342
2020-07-23,0.57507
2020-07-24,0.58195
2020-07-25,0.59802
2020-07-26,0.60593
2020-07-27,0.6153
2020-07-28,0.62005
2020-07-29,0.62127
2020-07-30,0.62417
2020-07-31,0.6253
2020-08-01,0.62582
2020-08-02,0.62531
2020-08-03,0.62301
2020-08-04,0.62037
2020-08-05,0.61788
2020-08-06,0.61603
2020-08-07,0.61458
2020-08-08,0.6172
2020-08-09,0.61681
2020-08-10,0.61498
2020-08-11,0.6139
2020-08-12,0.61348
2020-08-13,0.61625
2020-08-14,0.61989
2020-08-15,0.62276
2020-08-16,0.62557
2020-08-17,0.62918
2020-08-18,0.62817
2020-08-19,0.62782
2020-08-20,0.6324
2020-08-21,0.63529
2020-08-22,0.64193
2020-08-23,0.6464
2020-08-24,0.64818
2020-08-25,0.65115
2020-08-26,0.65238
2020-08-27,0.65124
2020-08-28,0.65195
2020-08-29,0.65013
2020-08-30,0.65041
2020-08-31,0.64782
2020-09-01,0.64752
2020-09-02,0.64779
2020-09-03,0.64746
2020-09-04,0.65066
2020-09-05,0.6535
2020-09-06,0.65709
2020-09-07,0.65793
2020-09-08,0.66705
2020-09-09,0.66743
2020-09-10,0.66741
2020-09-11,0.66685
2020-09-12,0.66846
2020-09-13,0.66966
2020-09-14,0.66925
2020-09-15,0.66819
2020-09-16,0.66851
2020-09-17,0.66805
2020-09-18,0.67094
2020-09-19,0.67452
2020-09-20,0.67863
2020-09-21,0.68162
2020-09-22,0.6835
2020-09-23,0.68543
2020-09-24,0.68655
2020-09-25,0.68727
2020-09-26,0.68812
2020-09-27,0.69054
2020-09-28,0.68955
2020-09-29,0.68811
2020-09-30,0.68928
2020-10-01,0.68858
2020-10-02,0.6886
2020-10-03,0.6865
2020-10-04,0.69096
2020-10-05,0.69194
2020-10-06,0.69392
2020-10-07,0.69236
2020-10-08,0.69232
2020-10-09,0.69231
2020-10-10,0.69099
2020-10-11,0.68873
2020-10-12,0.68778
2020-10-13,0.68847
2020-10-14,0.68896
2020-10-15,0.68733
2020-10-16,0.68541
2020-10-17,0.68305
2020-10-18,0.68285
2020-10-19,0.68194
2020-10-20,0.67963
2020-10-21,0.67763
2020-10-22,0.67847
2020-10-23,0.67762
2020-10-24,0.68078
2020-10-25,0.68074
2020-10-26,0.67964
2020-10-27,0.677
2020-10-28,0.67593
2020-10-29,0.67457
2020-10-30,0.67206
2020-10-31,0.67853
2020-11-01,0.68899
2020-11-02,0.69057
2020-11-03,0.69127
2020-11-04,0.69061
2020-11-05,0.69151
2020-11-06,0.69355
2020-11-07,0.69377
2020-11-08,0.69579
2020-11-09,0.69553
2020-11-10,0.69879
2020-11-11,0.7094
2020-11-12,0.71417
2020-11-13,0.72622
2020-11-14,0.73418
2020-11-15,0.73969
2020-11-16,0.74622
2020-11-17,0.75054
2020-11-18,0.75671
2020-11-19,0.75939
2020-11-20,0.75941
2020-11-21,0.76155
2020-11-22,0.76268
2020-11-23,0.76182
2020-11-24,0.76122
2020-11-25,0.75959
2020-11-26,0.75891
2020-11-27,0.75483
2020-11-28,0.76296
2020-11-29,0.76676
2020-11-30,0.76546
2020-12-01,0.76486
2020-12-02,0.76516
2020-12-03,0.76922
2020-12-04,0.76831
2020-12-05,0.76678
2020-12-06,0.76754
2020-12-07,0.76702
2020-12-08,0.76572
2020-12-09,0.7613
2020-12-10,0.75928
2020-12-11,0.75447
2020-12-12,0.75083
2020-12-13,0.74835
2020-12-14,0.74456
2020-12-15,0.74222
2020-12-16,0.73914
2020-12-17,0.73589
2020-12-18,0.73313
2020-12-19,0.73106
2020-12-20,0.73057
2020-12-21,0.7252
2020-12-22,0.72541
2020-12-23,0.72245
2020-12-24,0.7216
2020-12-25,0.72438
2020-12-26,0.72553
2020-12-27,0.72476
2020-12-28,0.72359
2020-12-29,0.7216
2020-12-30,0.7197
2020-12-31,0.71882
2021-01-01,0.7192
2021-01-02,0.71863
2021-01-03,0.71867
2021-01-04,0.71612
2021-01-05,0.71331
2021-01-06,0.71026
2021-01-07,0.70781
2021-01-08,0.70703
2021-01-09,0.7061
2021-01-10,0.70676
2021-01-11,0.71037
2021-01-12,0.70925
2021-01-13,0.70585
2021-01-14,0.70138
2021-01-15,0.69612
2021-01-16,0.6911
2021-01-17,0.68766
2021-01-18,0.68149
2021-01-19,0.67623
2021-01-20,0.67109
2021-01-21,0.66531
2021-01-22,0.66069
2021-01-23,0.65822
2021-01-24,0.65677
2021-01-25,0.65424
2021-01-26,0.65077
2021-01-27,0.64658
2021-01-28,0.6419
2021-01-29,0.63642
2021-01-30,0.63168
2021-01-31,0.62779
2021-02-01,0.62272
2021-02-02,0.61754
2021-02-03,0.6138
2021-02-04,0.60857
2021-02-05,0.60515
2021-02-06,0.60115
2021-02-07,0.59757
2021-02-08,0.59263
2021-02-09,0.59059
2021-02-10,0.58685
2021-02-11,0.58279
2021-02-12,0.57886
2021-02-13,0.5752
2021-02-14,0.57227
2021-02-15,0.56908
2021-02-16,0.56432
2021-02-17,0.55909
2021-02-18,0.55461
2021-02-19,0.55186
2021-02-20,0.54837
2021-02-21,0.54676
2021-02-22,0.54447
2021-02-23,0.54131
2021-02-24,0.5371
2021-02-25,0.53552
2021-02-26,0.53419
2021-02-27,0.53501
2021-02-28,0.53492
2021-03-01,0.53383
2021-03-02,0.5343
2021-03-03,0.53364
2021-03-04,0.53175
2021-03-05,0.5303
2021-03-06,0.52979
2021-03-07,0.53252
2021-03-08,0.53631
2021-03-09,0.53528
2021-03-10,0.53362
2021-03-11,0.53147
2021-03-12,0.53369
2021-03-13,0.53635
2021-03-14,0.5375
2021-03-15,0.53932
2021-03-16,0.54302
2021-03-17,0.54661
2021-03-18,0.55232
2021-03-19,0.5549
2021-03-20,0.55881
2021-03-21,0.56203
2021-03-22,0.56555
2021-03-23,0.56566
2021-03-24,0.56939
2021-03-25,0.56921
2021-03-26,0.57098
2021-03-27,0.57415
2021-03-28,0.57499
2021-03-29,0.57489
2021-03-30,0.57808
2021-03-31,0.57875
2021-04-01,0.57946
2021-04-02,0.5802
2021-04-03,0.5831
2021-04-04,0.5864
2021-04-05,0.58762
2021-04-06,0.59195
2021-04-07,0.59283
2021-04-08,0.59315
2021-04-09,0.59974
2021-04-10,0.60065
2021-04-11,0.60154
2021-04-12,0.611
2021-04-13,0.6109
2021-04-14,0.60963
2021-04-15,0.60957
2021-04-16,0.61046
2021-04-17,0.61312
2021-04-18,0.61472
2021-04-19,0.61431
2021-04-20,0.61125
2021-04-21,0.60939
2021-04-22,0.60633
2021-04-23,0.60699
2021-04-24,0.60622
2021-04-25,0.60536
2021-04-26,0.60328
2021-04-27,0.60523
2021-04-28,0.60788
2021-04-29,0.61444
2021-04-30,0.62808
2021-05-01,0.63326
2021-05-02,0.6436
2021-05-03,0.6592
2021-05-04,0.67006
2021-05-05,0.70477
2021-05-06,0.68532
2021-05-07,0.69141
2021-05-08,0.70034
2021-05-09,0.71034
2021-05-10,0.72371
2021-05-11,0.72899
2021-05-12,0.73352
2021-05-13,0.7373
2021-05-14,0.73944
2021-05-15,0.74239
2021-05-16,0.74959
2021-05-17,0.76441
2021-05-18,0.77564
2021-05-19,0.77841
2021-05-20,0.77715
2021-05-21,0.77467
2021-05-22,0.77528
2021-05-23,0.77785
2021-05-24,0.77918
2021-05-25,0.78462
2021-05-26,0.78687
2021-05-27,0.78964
2021-05-28,0.79026
2021-05-29,0.79308
2021-05-30,0.79728
2021-05-31,0.80143
2021-06-01,0.81316
2021-06-02,0.81533
2021-06-03,0.81514
2021-06-04,0.81331
2021-06-05,0.8097
2021-06-06,0.811
2021-06-07,0.81002
2021-06-08,0.81946
2021-06-09,0.82291
2021-06-10,0.82224
2021-06-11,0.82357
2021-06-12,0.82802
2021-06-13,0.83329
2021-06-14,0.83757
2021-06-15,0.83785
2021-06-16,0.83753
2021-06-17,0.83609
2021-06-18,0.83614
2021-06-19,0.83737
2021-06-20,0.84872
2021-06-21,0.8543
2021-06-22,0.85391
2021-06-23,0.85219
2021-06-24,0.85348
2021-06-25,0.85197
2021-06-26,0.85038
2021-06-27,0.84828
2021-06-28,0.84581
2021-06-29,0.84392
2021-06-30,0.84256
2021-07-01,0.84176
2021-07-02,0.84164
2021-07-03,0.83711
2021-07-04,0.83589
2021-07-05,0.83424
2021-07-06,0.83269
2021-07-07,0.82905
2021-07-08,0.83127
2021-07-09,0.8364
2021-07-10,0.83798
2021-07-11,0.8435
2021-07-12,0.84306
2021-07-13,0.84372
2021-07-14,0.8436
2021-07-15,0.8427
2021-07-16,0.84499
2021-07-17,0.8494
2021-07-18,0.85263
2021-07-19,0.85106
2021-07-20,0.84986
2021-07-21,0.85211
2021-07-22,0.85495
2021-07-23,0.85953
2021-07-24,0.85785
2021-07-25,0.86145
2021-07-26,0.86109
2021-07-27,0.86209
2021-07-28,0.86083
2021-07-29,0.8594
2021-07-30,0.86206
2021-07-31,0.85976
2021-08-01,0.85839
2021-08-02,0.85612
2021-08-03,0.85462
2021-08-04,0.85241
2021-08-05,0.84923
2021-08-06,0.84546
2021-08-07,0.84283
2021-08-08,0.84155
2021-08-09,0.83925
2021-08-10,0.84259
2021-08-11,0.84314
2021-08-12,0.84741
2021-08-13,0.85153
2021-08-14,0.85588
2021-08-15,0.86021
2021-08-16,0.86145
2021-08-17,0.86657
2021-08-18,0.86795
2021-08-19,0.86859
2021-08-20,0.86949
2021-08-21,0.86862
2021-08-22,0.86778
2021-08-23,0.87001
2021-08-24,0.87046
2021-08-25,0.87135
2021-08-26,0.8703
2021-08-27,0.86774
2021-08-28,0.86748
2021-08-29,0.86596
2021-08-30,0.86763
2021-08-31,0.86783
2021-09-01,0.86734
2021-09-02,0.86448
2021-09-03,0.86103
2021-09-04,0.85955
2021-09-05,0.86212
2021-09-06,0.86241
2021-09-07,0.86398
2021-09-08,0.86417
2021-09-09,0.86146
2021-09-10,0.85911
2021-09-11,0.86068
2021-09-12,0.85998
2021-09-13,0.85797
2021-09-14,0.85438
2021-09-15,0.85426
2021-09-16,0.85148
2021-09-17,0.84717
2021-09-18,0.84366
2021-09-19,0.84319
2021-09-20,0.84044
2021-09-21,0.84227
2021-09-22,0.8449
2021-09-23,0.85445
2021-09-24,0.85449
2021-09-25,0.85239
2021-09-26,0.85028
2021-09-27,0.84674
2021-09-28,0.84419
2021-09-29,0.84369
2021-09-30,0.84571
2021-10-01,0.84478
2021-10-02,0.84551
2021-10-03,0.84555
2021-10-04,0.84262
2021-10-05,0.84085
2021-10-06,0.8431
2021-10-07,0.84436
2021-10-08,0.84278
2021-10-09,0.84076
2021-10-10,0.84083
2021-10-11,0.84156
2021-10-12,0.83883
2021-10-13,0.83732
2021-10-14,0.83656
2021-10-15,0.83546
2021-10-16,0.83895
2021-10-17,0.84209
2021-10-18,0.84061
2021-10-19,0.8395
2021-10-20,0.83859
2021-10-21,0.83789
2021-10-22,0.83824
2021-10-23,0.83695
2021-10-24,0.83608
2021-10-25,0.83389
2021-10-26,0.83763
2021-10-27,0.84214
2021-10-28,0.84373
2021-10-29,0.8458
2021-10-30,0.84638
2021-10-31,0.84834
2021-11-01,0.84899
2021-11-02,0.84803
2021-11-03,0.85007
2021-11-04,0.85443
2021-11-05,0.85196
2021-11-06,0.84868
2021-11-07,0.84781
2021-11-08,0.84667
2021-11-09,0.84724
2021-11-10,0.84797
2021-11-11,0.8471
2021-11-12,0.84536
2021-11-13,0.8458
2021-11-14,0.84628
2021-11-15,0.84552
2021-11-16,0.84228
2021-11-17,0.83893
2021-11-18,0.83519
2021-11-19,0.83241
2021-11-20,0.83241
2021-11-21,0.83177
2021-11-22,0.83033
2021-11-23,0.83204
2021-11-24,0.83564
2021-11-25,0.8404
2021-11-26,0.84465
2021-11-27,0.84772
2021-11-28,0.8475
2021-11-29,0.8465
2021-11-30,0.84631
2021-12-01,0.84661
2021-12-02,0.84431
2021-12-03,0.84229
2021-12-04,0.84122
2021-12-05,0.8401
2021-12-06,0.8373
2021-12-07,0.83336
2021-12-08,0.83018
2021-12-09,0.82592
2021-12-10,0.82202
2021-12-11,0.81923
2021-12-12,0.81908
2021-12-13,0.81713
2021-12-14,0.81392
2021-12-15,0.81073
2021-12-16,0.80759
2021-12-17,0.80483
2021-12-18,0.80385
2021-12-19,0.80282
2021-12-20,0.80085
2021-12-21,0.79974
2021-12-22,0.79883
2021-12-23,0.79753
2021-12-24,0.79615
2021-12-25,0.79499
2021-12-26,0.79537
2021-12-27,0.79487
2021-12-28,0.79375
2021-12-29,0.79316
2021-12-30,0.79219
2021-12-31,0.79052
2022-01-01,0.79065
2022-01-02,0.79012
2022-01-03,0.78786
2022-01-04,0.78436
2022-01-05,0.77895
2022-01-06,0.77623
2022-01-07,0.77386
2022-01-08,0.7697
2022-01-09,0.76606
2022-01-10,0.76263
2022-01-11,0.75815
2022-01-12,0.75422
2022-01-13,0.75104
2022-01-14,0.75074
2022-01-15,0.7478
2022-01-16,0.74468
2022-01-17,0.7403
2022-01-18,0.73587
2022-01-19,0.73063
2022-01-20,0.72496
2022-01-21,0.71945
2022-01-22,0.7162
2022-01-23,0.71262
2022-01-24,0.70766
2022-01-25,0.705
2022-01-26,0.70096
2022-01-27,0.69644
2022-01-28,0.69159
2022-01-29,0.68692
2022-01-30,0.68301
2022-01-31,0.67796
2022-02-01,0.6725
2022-02-02,0.66674
2022-02-03,0.66135
2022-02-04,0.65569
2022-02-05,0.65201
2022-02-06,0.65025
2022-02-07,0.64733
2022-02-08,0.64532
2022-02-09,0.64342
2022-02-10,0.63943
2022-02-11,0.63012
2022-02-12,0.62606
2022-02-13,0.62326
2022-02-14,0.61954
2022-02-15,0.61582
2022-02-16,0.61169
2022-02-17,0.60682
2022-02-18,0.6046
2022-02-19,0.60248
2022-02-20,0.60282
2022-02-21,0.60252
2022-02-22,0.60051
2022-02-23,0.59695
2022-02-24,0.59272
2022-02-25,0.5899
2022-02-26,0.5882
2022-02-27,0.58911
2022-02-28,0.59309
2022-03-01,0.59618
2022-03-02,0.59915
2022-03-03,0.60033
2022-03-04,0.59951
2022-03-05,0.59908
2022-03-06,0.60496
2022-03-07,0.60716
2022-03-08,0.60572
2022-03-09,0.60221
2022-03-10,0.59922
2022-03-11,0.59626
2022-03-12,0.59603
2022-03-13,0.59477
2022-03-14,0.59347
2022-03-15,0.59215
2022-03-16,0.59001
2022-03-17,0.58787
2022-03-18,0.58465
2022-03-19,0.58174
2022-03-20,0.58167
2022-03-21,0.58094
2022-03-22,0.57912
2022-03-23,0.57636
2022-03-24,0.5725
2022-03-25,0.56854
2022-03-26,0.56658
2022-03-27,0.56869
2022-03-28,0.56818
2022-03-29,0.56956
2022-03-30,0.57101
2022-03-31,0.57381
2022-04-01,0.57801
2022-04-02,0.57929
2022-04-03,0.57867
2022-04-04,0.57903
2022-04-05,0.57919
2022-04-06,0.58002
2022-04-07,0.58605
2022-04-08,0.588
2022-04-09,0.58933
2022-04-10,0.59001
2022-04-11,0.58825
2022-04-12,0.5882
2022-04-13,0.5871
2022-04-14,0.58444
2022-04-15,0.58271
2022-04-16,0.58134
2022-04-17,0.58177
2022-04-18,0.58217
2022-04-19,0.58617
2022-04-20,0.59195
2022-04-21,0.60077
2022-04-22,0.60974
2022-04-23,0.61612
2022-04-24,0.61962
2022-04-25,0.62702
2022-04-26,0.62834
2022-04-27,0.63261
2022-04-28,0.63576
2022-04-29,0.63993
2022-04-30,0.63974
2022-05-01,0.64005
2022-05-02,0.64026
2022-05-03,0.63771
2022-05-04,0.63515
2022-05-05,0.63765
2022-05-06,0.63867
2022-05-07,0.64886
2022-05-08,0.65458
2022-05-09,0.656
2022-05-10,0.65665
2022-05-11,0.65925
2022-05-12,0.66072
2022-05-13,0.66302
2022-05-14,0.66866
2022-05-15,0.67176
2022-05-16,0.67589
2022-05-17,0.67941
2022-05-18,0.68657
2022-05-19,0.69494
2022-05-20,0.70074
2022-05-21,0.7033
2022-05-22,0.7036
2022-05-23,0.70317
2022-05-24,0.70256
2022-05-25,0.70475
2022-05-26,0.70568
2022-05-27,0.70952
2022-05-28,0.70903
2022-05-29,0.71278
2022-05-30,0.7177
2022-05-31,0.71966
2022-06-01,0.72133
2022-06-02,0.72401
2022-06-03,0.72465
2022-06-04,0.7266
2022-06-05,0.72987
2022-06-06,0.73155
2022-06-07,0.73628
2022-06-08,0.73763
2022-06-09,0.73879
2022-06-10,0.73911
2022-06-11,0.74722
2022-06-12,0.75261
2022-06-13,0.75495
2022-06-14,0.75931
2022-06-15,0.76498
2022-06-16,0.76994
2022-06-17,0.76993
2022-06-18,0.77075
2022-06-19,0.7761
2022-06-20,0.778
2022-06-21,0.77711
2022-06-22,0.77793
2022-06-23,0.77991
2022-06-24,0.78155
2022-06-25,0.78711
2022-06-26,0.79711
2022-06-27,0.80141
2022-06-28,0.8089
2022-06-29,0.81391
2022-06-30,0.81448
2022-07-01,0.81397
2022-07-02,0.81616
2022-07-03,0.81676
2022-07-04,0.82448
2022-07-05,0.82647
2022-07-06,0.82855
2022-07-07,0.82896
2022-07-08,0.83384
2022-07-09,0.83235
2022-07-10,0.83239
2022-07-11,0.83623
2022-07-12,0.83595
2022-07-13,0.83957
2022-07-14,0.83964
2022-07-15,0.83722
2022-07-16,0.83467
2022-07-17,0.83717
2022-07-18,0.83944
2022-07-19,0.83803
2022-07-20,0.83965
2022-07-21,0.83863
2022-07-22,0.83926
2022-07-23,0.84129
2022-07-24,0.84316
2022-07-25,0.84583
2022-07-26,0.84826
2022-07-27,0.85049
2022-07-28,0.86125
2022-07-29,0.86565
2022-07-30,0.86527
2022-07-31,0.86518
2022-08-01,0.86966
2022-08-02,0.87488
2022-08-03,0.8725
2022-08-04,0.87093
2022-08-05,0.87382
2022-08-06,0.88244
2022-08-07,0.87885
2022-08-08,0.87552
2022-08-09,0.87427
2022-08-10,0.87361
2022-08-11,0.87269
2022-08-12,0.87066
2022-08-13,0.86974
2022-08-14,0.87262
2022-08-15,0.87564
2022-08-16,0.87589
2022-08-17,0.87242
2022-08-18,0.86876
2022-08-19,0.86593
2022-08-20,0.86509
2022-08-21,0.86477
2022-08-22,0.86618
2022-08-23,0.86332
2022-08-24,0.85952
2022-08-25,0.85592
2022-08-26,0.85253
2022-08-27,0.84982
2022-08-28,0.85123
2022-08-29,0.85434
2022-08-30,0.85054
2022-08-31,0.85094
2022-09-01,0.85086
2022-09-02,0.85065
2022-09-03,0.85426
2022-09-04,0.85473
2022-09-05,0.8514
2022-09-06,0.84979
2022-09-07,0.84833
2022-09-08,0.84702
2022-09-09,0.84616
2022-09-10,0.84452
2022-09-11,0.84442
2022-09-12,0.84416
2022-09-13,0.8464
2022-09-14,0.84727
2022-09-15,0.84621
2022-09-16,0.854
2022-09-17,0.85272
2022-09-18,0.85571
2022-09-19,0.86162
2022-09-20,0.8558
2022-09-21,0.85358
2022-09-22,0.85372
2022-09-23,0.85384
2022-09-24,0.85558
2022-09-25,0.85701
2022-09-26,0.85427
2022-09-27,0.84933
2022-09-28,0.84417
2022-09-29,0.84088
2022-09-30,0.81858
2022-10-01,0.83269
2022-10-02,0.83075
2022-10-03,0.82655
2022-10-04,0.8238
2022-10-05,0.82264
2022-10-06,0.822
2022-10-07,0.82299
2022-10-08,0.82744
2022-10-09,0.82881
2022-10-10,0.82799
2022-10-11,0.82552
2022-10-12,0.82124
2022-10-13,0.81776
2022-10-14,0.81493
2022-10-15,0.8131
2022-10-16,0.81528
2022-10-17,0.81765
2022-10-18,0.82075
2022-10-19,0.82466
2022-10-20,0.83143
2022-10-21,0.8327
2022-10-22,0.83634
2022-10-23,0.84147
2022-10-24,0.84398
2022-10-25,0.84551
2022-10-26,0.84709
2022-10-27,0.85019
2022-10-28,0.85741
2022-10-29,0.86178
2022-10-30,0.86044
2022-10-31,0.85672
2022-11-01,0.85262
2022-11-02,0.8531
2022-11-03,0.85399
2022-11-04,0.85377
2022-11-05,0.85406
2022-11-06,0.85629
2022-11-07,0.85758
2022-11-08,0.86172
2022-11-09,0.86639
2022-11-10,0.87125
2022-11-11,0.87128
2022-11-12,0.87359
2022-11-13,0.87714
2022-11-14,0.87797
2022-11-15,0.87641
2022-11-16,0.87371
2022-11-17,0.87004
2022-11-18,0.86917
2022-11-19,0.86672
2022-11-20,0.8655
2022-11-21,0.863
2022-11-22,0.86291
2022-11-23,0.86271
2022-11-24,0.86266
2022-11-25,0.8612
2022-11-26,0.86155
2022-11-27,0.86314
2022-11-28,0.86598
2022-11-29,0.8699
2022-11-30,0.87142
2022-12-01,0.85935
2022-12-02,0.85638
2022-12-03,0.85504
2022-12-04,0.85493
2022-12-05,0.85365
2022-12-06,0.85233
2022-12-07,0.85142
2022-12-08,0.85207
2022-12-09,0.85002
2022-12-10,0.84769
2022-12-11,0.84694
2022-12-12,0.84591
2022-12-13,0.84333
2022-12-14,0.84034
2022-12-15,0.83742
2022-12-16,0.83406
2022-12-17,0.8315
2022-12-18,0.82981
2022-12-19,0.8267
2022-12-20,0.8227
2022-12-21,0.81934
2022-12-22,0.81493
2022-12-23,0.81028
2022-12-24,0.80741
2022-12-25,0.80638
2022-12-26,0.80379
2022-12-27,0.80159
2022-12-28,0.79858
2022-12-29,0.79464
2022-12-30,0.79153
2022-12-31,0.79041
2023-01-01,0.79006
2023-01-02,0.78828
2023-01-03,0.78659
2023-01-04,0.78374
2023-01-05,0.78072
2023-01-06,0.77881
2023-01-07,0.77964
2023-01-08,0.78111
2023-01-09,0.78089
2023-01-10,0.78219
2023-01-11,0.78435
2023-01-12,0.78622
2023-01-13,0.78584
2023-01-14,0.78524
2023-01-15,0.78445
2023-01-16,0.78174
2023-01-17,0.77822
2023-01-18,0.77655
2023-01-19,0.77353
2023-01-20,0.76984
2023-01-21,0.7661
2023-01-22,0.76336
2023-01-23,0.75825
2023-01-24,0.75267
2023-01-25,0.74667
2023-01-26,0.74054
2023-01-27,0.73491
2023-01-28,0.72908
2023-01-29,0.72496
2023-01-30,0.71919
2023-01-31,0.71332
2023-02-01,0.70823
2023-02-02,0.70392
2023-02-03,0.69962
2023-02-04,0.6964
2023-02-05,0.6932
2023-02-06,0.68746
2023-02-07,0.68275
2023-02-08,0.67815
2023-02-09,0.67324
2023-02-10,0.66761
2023-02-11,0.6634
2023-02-12,0.65988
2023-02-13,0.65712
2023-02-14,0.65264
2023-02-15,0.65191
2023-02-16,0.64836
2023-02-17,0.64432
2023-02-18,0.64032
2023-02-19,0.63837
2023-02-20,0.63547
2023-02-21,0.6321
2023-02-22,0.6275
2023-02-23,0.62236
2023-02-24,0.61662
2023-02-25,0.61104
2023-02-26,0.606
2023-02-27,0.59999
2023-02-28,0.59494
2023-03-01,0.58958
2023-03-02,0.58399
2023-03-03,0.57863
2023-03-04,0.57689
2023-03-05,0.57971
2023-03-06,0.57939
2023-03-07,0.57762
2023-03-08,0.57853
2023-03-09,0.58314
2023-03-10,0.58247
2023-03-11,0.59274
2023-03-12,0.6011
2023-03-13,0.60828
2023-03-14,0.61032
2023-03-15,0.612
2023-03-16,0.61352
2023-03-17,0.6152
2023-03-18,0.61656
2023-03-19,0.61761
2023-03-20,0.61696
2023-03-21,0.61412
2023-03-22,0.61051
2023-03-23,0.60858
2023-03-24,0.60759
2023-03-25,0.60776
2023-03-26,0.60825
2023-03-27,0.60716
2023-03-28,0.60556
2023-03-29,0.60314
2023-03-30,0.60029
2023-03-31,0.59881
2023-04-01,0.59709
2023-04-02,0.60065
2023-04-03,0.59984
2023-04-04,0.59756
2023-04-05,0.59468
2023-04-06,0.59548
2023-04-07,0.59766
2023-04-08,0.5988
2023-04-09,0.59811
2023-04-10,0.59527
2023-04-11,0.59334
2023-04-12,0.59124
2023-04-13,0.5883
2023-04-14,0.58428
2023-04-15,0.58082
2023-04-16,0.58255
2023-04-17,0.58723
2023-04-18,0.59146
2023-04-19,0.59038
2023-04-20,0.58955
2023-04-21,0.58977
2023-04-22,0.5916
2023-04-23,0.59457
2023-04-24,0.59687
2023-04-25,0.59805
2023-04-26,0.60151
2023-04-27,0.60255
2023-04-28,0.61016
2023-04-29,0.614
2023-04-30,0.62109
2023-05-01,0.62239
2023-05-02,0.62047
2023-05-03,0.61669
2023-05-04,0.61308
2023-05-05,0.60838
2023-05-06,0.60419
2023-05-07,0.60152
2023-05-08,0.59753
2023-05-09,0.59348
2023-05-10,0.591
2023-05-11,0.58909
2023-05-12,0.58674
2023-05-13,0.58463
2023-05-14,0.58454
2023-05-15,0.58386
2023-05-16,0.58246
2023-05-17,0.58495
2023-05-18,0.58266
2023-05-19,0.58151
2023-05-20,0.58322
2023-05-21,0.58585
2023-05-22,0.58982
2023-05-23,0.59764
2023-05-24,0.60282
2023-05-25,0.61141
2023-05-26,0.62182
2023-05-27,0.62812
2023-05-28,0.63778
2023-05-29,0.64488
2023-05-30,0.6517
2023-05-31,0.65426
2023-06-01,0.6653
2023-06-02,0.66877
2023-06-03,0.66853
2023-06-04,0.66916
2023-06-05,0.6751
2023-06-06,0.68089
2023-06-07,0.68223
2023-06-08,0.68882
2023-06-09,0.69244
2023-06-10,0.69436
2023-06-11,0.70027
2023-06-12,0.70074
2023-06-13,0.69867
2023-06-14,0.69765
2023-06-15,0.69868
2023-06-16,0.70097
2023-06-17,0.70382
2023-06-18,0.70723
2023-06-19,0.70803
2023-06-20,0.70642
2023-06-21,0.70491
2023-06-22,0.70471
2023-06-23,0.70594
2023-06-24,0.70991
2023-06-25,0.71589
2023-06-26,0.72383
2023-06-27,0.72493
2023-06-28,0.72473
2023-06-29,0.72442
2023-06-30,0.72427
2023-07-01,0.72388
2023-07-02,0.72973
2023-07-03,0.73287
2023-07-04,0.73521
2023-07-05,0.73625
2023-07-06,0.73932
2023-07-07,0.74417
2023-07-08,0.74796
2023-07-09,0.7507
2023-07-10,0.75488
2023-07-11,0.75553
2023-07-12,0.7557
2023-07-13,0.75603
2023-07-14,0.76357
2023-07-15,0.76731
2023-07-16,0.77528
2023-07-17,0.78771
2023-07-18,0.79569
2023-07-19,0.80206
2023-07-20,0.8042
2023-07-21,0.80783
2023-07-22,0.81042
2023-07-23,0.8111
2023-07-24,0.81281
2023-07-25,0.81231
2023-07-26,0.81236
2023-07-27,0.81266
2023-07-28,0.81244
2023-07-29,0.81159
2023-07-30,0.81244
2023-07-31,0.81231
2023-08-01,0.81429
2023-08-02,0.81548
2023-08-03,0.81513
2023-08-04,0.81329
2023-08-05,0.8146
2023-08-06,0.81446
2023-08-07,0.81545
2023-08-08,0.81398
2023-08-09,0.81437
2023-08-10,0.81273
2023-08-11,0.81247
2023-08-12,0.8133
2023-08-13,0.81578
2023-08-14,0.81534
2023-08-15,0.81753
2023-08-16,0.818
2023-08-17,0.81746
2023-08-18,0.81843
2023-08-19,0.81667
2023-08-20,0.81872
2023-08-21,0.82186
2023-08-22,0.83286
2023-08-23,0.83312
2023-08-24,0.83112
2023-08-25,0.82983
2023-08-26,0.82787
2023-08-27,0.82513
2023-08-28,0.82051
2023-08-29,0.81692
2023-08-30,0.81182
2023-08-31,0.8076
2023-09-01,0.80331
2023-09-02,0.8007
2023-09-03,0.80032
2023-09-04,0.79962
2023-09-05,0.79653
2023-09-06,0.79276
2023-09-07,0.78824
2023-09-08,0.7836
2023-09-09,0.781
2023-09-10,0.78254
2023-09-11,0.78801
2023-09-12,0.78972
2023-09-13,0.78051
2023-09-14,0.78011
2023-09-15,0.77832
2023-09-16,0.77605
2023-09-17,0.77738
2023-09-18,0.77469
2023-09-19,0.77092
2023-09-20,0.76775
2023-09-21,0.7641
2023-09-22,0.75984
2023-09-23,0.75747
2023-09-24,0.75804
2023-09-25,0.75426
2023-09-26,0.75142
2023-09-27,0.74712
2023-09-28,0.74359
2023-09-29,0.74045
2023-09-30,0.73683
2023-10-01,0.73795
2023-10-02,0.73566
2023-10-03,0.73295
2023-10-04,0.73224
2023-10-05,0.73055
2023-10-06,0.72941
2023-10-07,0.73071
2023-10-08,0.73412
2023-10-09,0.73234
2023-10-10,0.73189
2023-10-11,0.73092
2023-10-12,0.72831
2023-10-13,0.72547
2023-10-14,0.72523
2023-10-15,0.72499
2023-10-16,0.72428
2023-10-17,0.72278
2023-10-18,0.72024
2023-10-19,0.71723
2023-10-20,0.71388
2023-10-21,0.71212
2023-10-22,0.7115
2023-10-23,0.71135
2023-10-24,0.71399
2023-10-25,0.7144
2023-10-26,0.71766
2023-10-27,0.72027
2023-10-28,0.7206
2023-10-29,0.7228
2023-10-30,0.72472
2023-10-31,0.72793
2023-11-01,0.72813
2023-11-02,0.7353
2023-11-03,0.74059
2023-11-04,0.74609
2023-11-05,0.74813
2023-11-06,0.75022
2023-11-07,0.75165
2023-11-08,0.74971
2023-11-09,0.74771
2023-11-10,0.74809
2023-11-11,0.74816
2023-11-12,0.75132
2023-11-13,0.7512
2023-11-14,0.75131
2023-11-15,0.75574
2023-11-16,0.75488
2023-11-17,0.75532
2023-11-18,0.75996
2023-11-19,0.76424
2023-11-20,0.76674
2023-11-21,0.76678
2023-11-22,0.76516
2023-11-23,0.76203
2023-11-24,0.76014
2023-11-25,0.75995
2023-11-26,0.75867
2023-11-27,0.75575
2023-11-28,0.7528
2023-11-29,0.7503
2023-11-30,0.74812
2023-12-01,0.74533
2023-12-02,0.74343
2023-12-03,0.74246
2023-12-04,0.73917
2023-12-05,0.73594
2023-12-06,0.73281
2023-12-07,0.73047
2023-12-08,0.72964
2023-12-09,0.72778
2023-12-10,0.72799
2023-12-11,0.72924
2023-12-12,0.72365
2023-12-13,0.72026
2023-12-14,0.71696
2023-12-15,0.71465
2023-12-16,0.71519
2023-12-17,0.71875
2023-12-18,0.71785
2023-12-19,0.71609
2023-12-20,0.71362
2023-12-21,0.71149
2023-12-22,0.70789
2023-12-23,0.70609
2023-12-24,0.70522
2023-12-25,0.70538
2023-12-26,0.70455
2023-12-27,0.70373
2023-12-28,0.705
2023-12-29,0.70585
2023-12-30,0.70402
2023-12-31,0.70199
2024-01-01,0.70058
2024-01-02,0.69708
2024-01-03,0.69339
2024-01-04,0.68929
2024-01-05,0.68471
2024-01-06,0.68132
2024-01-07,0.67808
2024-01-08,0.67446
2024-01-09,0.66992
2024-01-10,0.66576
2024-01-11,0.66071
2024-01-12,0.65657
2024-01-13,0.65372
2024-01-14,0.65184
2024-01-15,0.64775
2024-01-16,0.64305
2024-01-17,0.63738
2024-01-18,0.63121
2024-01-19,0.6249
2024-01-20,0.62008
2024-01-21,0.61597
2024-01-22,0.61118
2024-01-23,0.60603
2024-01-24,0.60074
2024-01-25,0.5955
2024-01-26,0.58937
2024-01-27,0.58342
2024-01-28,0.57805
2024-01-29,0.57099
2024-01-30,0.56437
2024-01-31,0.55791
2024-02-01,0.55325
2024-02-02,0.54998
2024-02-03,0.5495
2024-02-04,0.54968
2024-02-05,0.54765
2024-02-06,0.54462
2024-02-07,0.54122
2024-02-08,0.53693
2024-02-09,0.53191
2024-02-10,0.52827
2024-02-11,0.52448
2024-02-12,0.51895
2024-02-13,0.51331
2024-02-14,0.50796
2024-02-15,0.50316
2024-02-16,0.49839
2024-02-17,0.49349
2024-02-18,0.48999
2024-02-19,0.48382
2024-02-20,0.47784
2024-02-21,0.47275
2024-02-22,0.46901
2024-02-23,0.4644
2024-02-24,0.46044
2024-02-25,0.45793
2024-02-26,0.45316
2024-02-27,0.44846
2024-02-28,0.44321
2024-02-29,0.43805
2024-03-01,0.43289
2024-03-02,0.42768
2024-03-03,0.42403
2024-03-04,0.41862
2024-03-05,0.41361
2024-03-06,0.40883
2024-03-07,0.40391
2024-03-08,0.39901
2024-03-09,0.39572
2024-03-10,0.39286
2024-03-11,0.39001
2024-03-12,0.386
2024-03-13,0.38035
2024-03-14,0.37661
2024-03-15,0.37107
2024-03-16,0.36611
2024-03-17,0.36286
2024-03-18,0.35742
2024-03-19,0.35331
2024-03-20,0.34834
2024-03-21,0.34437
2024-03-22,0.33993
2024-03-23,0.33544
2024-03-24,0.33158
2024-03-25,0.32838
2024-03-26,0.32453
2024-03-27,0.32174
2024-03-28,0.32005
2024-03-29,0.31858
2024-03-30,0.31614
2024-03-31,0.31508
2024-04-01,0.31387
2024-04-02,0.31452
2024-04-03,0.31418
2024-04-04,0.31649
2024-04-05,0.31705
2024-04-06,0.31722
2024-04-07,0.31631
2024-04-08,0.3148
2024-04-09,0.31273
2024-04-10,0.31019
2024-04-11,0.3064
2024-04-12,0.30243
2024-04-13,0.29973
2024-04-14,0.29794
2024-04-15,0.29467
2024-04-16,0.29087
2024-04-17,0.28736
2024-04-18,0.28564
2024-04-19,0.2865
2024-04-20,0.28877
2024-04-21,0.29401
2024-04-22,0.30024
2024-04-23,0.30366
2024-04-24,0.30485
2024-04-25,0.30763
2024-04-26,0.31101
2024-04-27,0.31418
2024-04-28,0.32017
2024-04-29,0.32677
2024-04-30,0.32911
2024-05-01,0.32998
2024-05-02,0.33031
2024-05-03,0.32946
2024-05-04,0.33681
2024-05-05,0.34419
2024-05-06,0.34544
2024-05-07,0.34512
2024-05-08,0.34906
2024-05-09,0.36045
2024-05-10,0.36847
2024-05-11,0.37151
2024-05-12,0.37505
2024-05-13,0.3813
2024-05-14,0.38222
2024-05-15,0.38946
2024-05-16,0.39402
2024-05-17,0.39462
2024-05-18,0.39515
2024-05-19,0.39673
2024-05-20,0.39572
2024-05-21,0.39571
2024-05-22,0.39571
2024-05-23,0.39616
2024-05-24,0.39834
2024-05-25,0.40102
2024-05-26,0.40399
2024-05-27,0.40233
2024-05-28,0.40768
2024-05-29,0.42196
2024-05-30,0.42926
2024-05-31,0.43694
2024-06-01,0.44024
2024-06-02,0.44164
2024-06-03,0.44493
2024-06-04,0.4605
2024-06-05,0.46726
2024-06-06,0.47022
2024-06-07,0.47179
2024-06-08,0.47406
2024-06-09,0.4797
2024-06-10,0.48613
2024-06-11,0.49116
2024-06-12,0.49283
2024-06-13,0.49311
2024-06-14,0.49693
2024-06-15,0.50788
2024-06-16,0.52802
2024-06-17,0.53289
2024-06-18,0.53485
2024-06-19,0.53823
2024-06-20,0.54293
2024-06-21,0.54597
2024-06-22,0.54988
2024-06-23,0.55522
2024-06-24,0.55592
2024-06-25,0.55951
2024-06-26,0.56811
2024-06-27,0.57418
2024-06-28,0.5774
2024-06-29,0.57827
2024-06-30,0.57943
2024-07-01,0.58004
2024-07-02,0.58176
2024-07-03,0.58524
2024-07-04,0.58878
2024-07-05,0.59624
2024-07-06,0.59927
2024-07-07,0.60061
2024-07-08,0.59868
2024-07-09,0.59825
2024-07-10,0.5961
2024-07-11,0.59429
2024-07-12,0.59384
2024-07-13,0.59498
2024-07-14,0.596
2024-07-15,0.59601
2024-07-16,0.59591
2024-07-17,0.59462
2024-07-18,0.59328
2024-07-19,0.59187
2024-07-20,0.59052
2024-07-21,0.59278
2024-07-22,0.5936
2024-07-23,0.59316
2024-07-24,0.59233
2024-07-25,0.59118
2024-07-26,0.58918
2024-07-27,0.5906
2024-07-28,0.596
2024-07-29,0.5953
2024-07-30,0.59469
2024-07-31,0.59326
2024-08-01,0.5901
2024-08-02,0.58728
2024-08-03,0.58494
2024-08-04,0.58493
2024-08-05,0.58487
2024-08-06,0.58562
2024-08-07,0.58563
2024-08-08,0.58198
2024-08-09,0.58092
2024-08-10,0.58075
2024-08-11,0.5822
2024-08-12,0.58177
2024-08-13,0.58303
2024-08-14,0.58103
2024-08-15,0.57718
2024-08-16,0.57585
2024-08-17,0.57437
2024-08-18,0.57283
2024-08-19,0.57126
2024-08-20,0.56801
2024-08-21,0.56487
2024-08-22,0.56322
2024-08-23,0.56424
2024-08-24,0.56493
2024-08-25,0.56688
2024-08-26,0.56467
2024-08-27,0.56097
2024-08-28,0.55725
2024-08-29,0.55386
2024-08-30,0.54948
2024-08-31,0.54517
2024-09-01,0.54532
2024-09-02,0.54414
2024-09-03,0.54216
2024-09-04,0.54019
2024-09-05,0.5428
2024-09-06,0.53919
2024-09-07,0.53804
2024-09-08,0.53534
2024-09-09,0.53069
2024-09-10,0.52706
2024-09-11,0.52207
2024-09-12,0.51853
2024-09-13,0.51693
2024-09-14,0.51399
2024-09-15,0.51207
2024-09-16,0.50933
2024-09-17,0.50956
2024-09-18,0.5063
2024-09-19,0.50185
2024-09-20,0.49822
2024-09-21,0.49733
2024-09-22,0.49965
2024-09-23,0.5018
2024-09-24,0.49909
2024-09-25,0.49726
2024-09-26,0.49665
2024-09-27,0.495
2024-09-28,0.49437
2024-09-29,0.49922
2024-09-30,0.50191
2024-10-01,0.50353
2024-10-02,0.50509
2024-10-03,0.50607
2024-10-04,0.50638
2024-10-05,0.50822
2024-10-06,0.50969
2024-10-07,0.51186
2024-10-08,0.51527
2024-10-09,0.51982
2024-10-10,0.52648
2024-10-11,0.52789
2024-10-12,0.52774
2024-10-13,0.53113
2024-10-14,0.53168
2024-10-15,0.53144
2024-10-16,0.53158
2024-10-17,0.53212
2024-10-18,0.53157
2024-10-19,0.53379
2024-10-20,0.53641
2024-10-21,0.53719
2024-10-22,0.54017
2024-10-23,0.54286
2024-10-24,0.54644
2024-10-25,0.5479
2024-10-26,0.54857
2024-10-27,0.55094
2024-10-28,0.55201
2024-10-29,0.55195
2024-10-30,0.55235
2024-10-31,0.55293
2024-11-01,0.55342
2024-11-02,0.56087
2024-11-03,0.56283
2024-11-04,0.56767
2024-11-05,0.5701
2024-11-06,0.5723
2024-11-07,0.57599
2024-11-08,0.58166
2024-11-09,0.5894
2024-11-10,0.60395
2024-11-11,0.61406
2024-11-12,0.62013
2024-11-13,0.62712
2024-11-14,0.63529
2024-11-15,0.64088
2024-11-16,0.64375
2024-11-17,0.64664
2024-11-18,0.64805
2024-11-19,0.6511
2024-11-20,0.65206
2024-11-21,0.65793
2024-11-22,0.66261
2024-11-23,0.66664
2024-11-24,0.66895
2024-11-25,0.66781
2024-11-26,0.66767
2024-11-27,0.66953
2024-11-28,0.67145
2024-11-29,0.67145
2024-11-30,0.67024
2024-12-01,0.66931
2024-12-02,0.66869
2024-12-03,0.66735
2024-12-04,0.6655
2024-12-05,0.66443
2024-12-06,0.66303
2024-12-07,0.66192
2024-12-08,0.66139
2024-12-09,0.66004
2024-12-10,0.65804
2024-12-11,0.65652
2024-12-12,0.65533
2024-12-13,0.6548
2024-12-14,0.65458
2024-12-15,0.65712
2024-12-16,0.65834
2024-12-17,0.6586
2024-12-18,0.65758
2024-12-19,0.65669
2024-12-20,0.65609
2024-12-21,0.65864
2024-12-22,0.66254
2024-12-23,0.66715
2024-12-24,0.66859
2024-12-25,0.66927
2024-12-26,0.67029
2024-12-27,0.67205
2024-12-28,0.67312
2024-12-29,0.67588
2024-12-30,0.67833
2024-12-31,0.68023
2025-01-01,0.68223
2025-01-02,0.68338
2025-01-03,0.68582
2025-01-04,0.68942
2025-01-05,0.69374
2025-01-06,0.69529
2025-01-07,0.6947
2025-01-08,0.69275
2025-01-09,0.69005
2025-01-10,0.68661
2025-01-11,0.68388
2025-01-12,0.68179
2025-01-13,0.67738
2025-01-14,0.67315
2025-01-15,0.66851
2025-01-16,0.66324
2025-01-17,0.65856
2025-01-18,0.65501
2025-01-19,0.65221
2025-01-20,0.64694
2025-01-21,0.64182
2025-01-22,0.63642
2025-01-23,0.6315
2025-01-24,0.62583
2025-01-25,0.62094
2025-01-26,0.61895
2025-01-27,0.61633
2025-01-28,0.61296
2025-01-29,0.6099
2025-01-30,0.60776
2025-01-31,0.60387
2025-02-01,0.60039
2025-02-02,0.59705
2025-02-03,0.59272
2025-02-04,0.58924
2025-02-05,0.58513
2025-02-06,0.58069
2025-02-07,0.57674
2025-02-08,0.57389
2025-02-09,0.57478
2025-02-10,0.5723
2025-02-11,0.56909
2025-02-12,0.56606
2025-02-13,0.56329
2025-02-14,0.56227
2025-02-15,0.56228
2025-02-16,0.56353
2025-02-17,0.56435
2025-02-18,0.56438
2025-02-19,0.56199
2025-02-20,0.55907
2025-02-21,0.55628
2025-02-22,0.55653
2025-02-23,0.55792
2025-02-24,0.55534
2025-02-25,0.55512
2025-02-26,0.55227
2025-02-27,0.54973
2025-02-28,0.54715
2025-03-01,0.54495
2025-03-02,0.54265
2025-03-03,0.53959
2025-03-04,0.5388
2025-03-05,0.53726
2025-03-06,0.53592
2025-03-07,0.53436
2025-03-08,0.53233
2025-03-09,0.52983
2025-03-10,0.52503
2025-03-11,0.52082
2025-03-12,0.51914
2025-03-13,0.51639
2025-03-14,0.51333
2025-03-15,0.50994
2025-03-16,0.50978
2025-03-17,0.5119
2025-03-18,0.51447
2025-03-19,0.51256
2025-03-20,0.51079
2025-03-21,0.51088
2025-03-22,0.51031
2025-03-23,0.50863
2025-03-24,0.50611
2025-03-25,0.50174
2025-03-26,0.49703
2025-03-27,0.49334
2025-03-28,0.49112
2025-03-29,0.4906
2025-03-30,0.49091
2025-03-31,0.49247
2025-04-01,0.49406
2025-04-02,0.49441
2025-04-03,0.49485
2025-04-04,0.49627
2025-04-05,0.49948
2025-04-06,0.50293
2025-04-07,0.50595
2025-04-08,0.51048
2025-04-09,0.51289
2025-04-10,0.52257
2025-04-11,0.5347
2025-04-12,0.5404
2025-04-13,0.54281
2025-04-14,0.54219
2025-04-15,0.53987
2025-04-16,0.53697
2025-04-17,0.53688
2025-04-18,0.5366
2025-04-19,0.53774
2025-04-20,0.54549
2025-04-21,0.5475
2025-04-22,0.5477
2025-04-23,0.54933
2025-04-24,0.55386
2025-04-25,0.55704
2025-04-26,0.56556
2025-04-27,0.57273
2025-04-28,0.58196
2025-04-29,0.58926
2025-04-30,0.60008
2025-05-01,0.60583
2025-05-02,0.60863
2025-05-03,0.61405
2025-05-04,0.61738
2025-05-05,0.62537
2025-05-06,0.63404
2025-05-07,0.64252
2025-05-08,0.64662
2025-05-09,0.64918
2025-05-10,0.65051
2025-05-11,0.65306
2025-05-12,0.65312
2025-05-13,0.65434
2025-05-14,0.65713
2025-05-15,0.66223
2025-05-16,0.66421
2025-05-17,0.67476
2025-05-18,0.68278
2025-05-19,0.69258
2025-05-20,0.70544
2025-05-21,0.7109
2025-05-22,0.71729
2025-05-23,0.71716
2025-05-24,0.72005
2025-05-25,0.72058
2025-05-26,0.72046
2025-05-27,0.72443
2025-05-28,0.72476
2025-05-29,0.72402
2025-05-30,0.72725
2025-05-31,0.73058
2025-06-01,0.74258
2025-06-02,0.74663
2025-06-03,0.74817
2025-06-04,0.75152
2025-06-05,0.753
2025-06-06,0.75973
2025-06-07,0.76049
2025-06-08,0.76141
2025-06-09,0.76518
2025-06-10,0.76987
2025-06-11,0.77235
2025-06-12,0.77425
2025-06-13,0.77945
2025-06-14,0.78495
2025-06-15,0.79009
2025-06-16,0.79122
2025-06-17,0.79855
2025-06-18,0.80319
2025-06-19,0.80259
2025-06-20,0.80274
2025-06-21,0.80151
2025-06-22,0.80342
2025-06-23,0.80845
2025-06-24,0.81459
2025-06-25,0.81352
2025-06-26,0.81184
2025-06-27,0.8141
2025-06-28,0.82069
2025-06-29,0.82139
2025-06-30,0.82353
2025-07-01,0.82715
2025-07-02,0.82871
2025-07-03,0.83223
2025-07-04,0.83191
2025-07-05,0.83168
2025-07-06,0.83
2025-07-07,0.82562
2025-07-08,0.82363
2025-07-09,0.82202
2025-07-10,0.82219
2025-07-11,0.82894
2025-07-12,0.83055
2025-07-13,0.83202
2025-07-14,0.83342
2025-07-15,0.83016
2025-07-16,0.82574
2025-07-17,0.82035
2025-07-18,0.81906
2025-07-19,0.82202
2025-07-20,0.82012
2025-07-21,0.81997
2025-07-22,0.81614
2025-07-23,0.81375
2025-07-24,0.81027
2025-07-25,0.80891
2025-07-26,0.81151
2025-07-27,0.81543
2025-07-28,0.81909
2025-07-29,0.8219
2025-07-30,0.82201
2025-07-31,0.81864
2025-08-01,0.81594
2025-08-02,0.81609
2025-08-03,0.8201
2025-08-04,0.82392
2025-08-05,0.82265
2025-08-06,0.82002
2025-08-07,0.81987
2025-08-08,0.8205
2025-08-09,0.82383
2025-08-10,0.82434
2025-08-11,0.8255
2025-08-12,0.82414
2025-08-13,0.82203
2025-08-14,0.81929
2025-08-15,0.81969
2025-08-16,0.82239
2025-08-17,0.82425
2025-08-18,0.83012
2025-08-19,0.83133
2025-08-20,0.8298
2025-08-21,0.83099
2025-08-22,0.83036
2025-08-23,0.83094
2025-08-24,0.83094
2025-08-25,0.83057
2025-08-26,0.82908
2025-08-27,0.83016
2025-08-28,0.82984
2025-08-29,0.82766
2025-08-30,0.82671
2025-08-31,0.82753
2025-09-01,0.82888
2025-09-02,0.83162
2025-09-03,0.83566
2025-09-04,0.83665
2025-09-05,0.83708
2025-09-06,0.83677
2025-09-07,0.84505
2025-09-08,0.84638
2025-09-09,0.84361
2025-09-10,0.83949
2025-09-11,0.83859
2025-09-12,0.83523
2025-09-13,0.8319
2025-09-14,0.83288
2025-09-15,0.83022
2025-09-16,0.82755
2025-09-17,0.82567
2025-09-18,0.82686
2025-09-19,0.82703
2025-09-20,0.82863
2025-09-21,0.82806
2025-09-22,0.82558
2025-09-23,0.82232
2025-09-24,0.81911
2025-09-25,0.81814
2025-09-26,0.81485
2025-09-27,0.81289
2025-09-28,0.81387
2025-09-29,0.8127
2025-09-30,0.81366
2025-10-01,0.81153
2025-10-02,0.8113
2025-10-03,0.81168
2025-10-04,0.8097
2025-10-05,0.81035
2025-10-06,0.81039
2025-10-07,0.80958
2025-10-08,0.81135
2025-10-09,0.81018
2025-10-10,0.81261
2025-10-11,0.81455
2025-10-12,0.82277
2025-10-13,0.82457
2025-10-14,0.82374
2025-10-15,0.82243
2025-10-16,0.82348
2025-10-17,0.82576
2025-10-18,0.82913
2025-10-19,0.83252
2025-10-20,0.83362
2025-10-21,0.83445
2025-10-22,0.83483
2025-10-23,0.8343
2025-10-24,0.83507
2025-10-25,0.83602
2025-10-26,0.83801
2025-10-27,0.84119
2025-10-28,0.83937
2025-10-29,0.83873
2025-10-30,0.83744
2025-10-31,0.83755
2025-11-01,0.83546
2025-11-02,0.83484
2025-11-03,0.83553
2025-11-04,0.83401
2025-11-05,0.83308
2025-11-06,0.8344
2025-11-07,0.83212
2025-11-08,0.83027
2025-11-09,0.83091
2025-11-10,0.83207
2025-11-11,0.83103
2025-11-12,0.82835
2025-11-13,0.82845
2025-11-14,0.83392
2025-11-15,0.83715
2025-11-16,0.84718
2025-11-17,0.85678
2025-11-18,0.85787
2025-11-19,0.85961
2025-11-20,0.85954
2025-11-21,0.85896
2025-11-22,0.85775
2025-11-23,0.85828
2025-11-24,0.8574
2025-11-25,0.85535
2025-11-26,0.8524
2025-11-27,0.84976
2025-11-28,0.84899
2025-11-29,0.85064
2025-11-30,0.85404
2025-12-01,0.85453
2025-12-02,0.85611
2025-12-03,0.85479
2025-12-04,0.85491
2025-12-05,0.85542
2025-12-06,0.85456
2025-12-07,0.85521
2025-12-08,0.8561
2025-12-09,0.85408
2025-12-10,0.85111
2025-12-11,0.84734
2025-12-12,0.84524
2025-12-13,0.84145
2025-12-14,0.83892
2025-12-15,0.83541
2025-12-16,0.83404
2025-12-17,0.83274
2025-12-18,0.83054
2025-12-19,0.82852
2025-12-20,0.82793
2025-12-21,0.82674
2025-12-22,0.82522
2025-12-23,0.8224
2025-12-24,0.82018
2025-12-25,0.81998
2025-12-26,0.81726
2025-12-27,0.8151
2025-12-28,0.81323
2025-12-29,0.80913
2025-12-30,0.80542
2025-12-31,0.80294
2026-01-01,0.80227
2026-01-02,0.80046
2026-01-03,0.79959
2026-01-04,0.79923
2026-01-05,0.79812
2026-01-06,0.79942
2026-01-07,0.80153
2026-01-08,0.79904
2026-01-09,0.79639
2026-01-10,0.79575
2026-01-11,0.79736
2026-01-12,0.80099
2026-01-13,0.80208
2026-01-14,0.80322
2026-01-15,0.80313
2026-01-16,0.80207
2026-01-17,0.80036
2026-01-18,0.79854
2026-01-19,0.79438
2026-01-20,0.7899
2026-01-21,0.78517
2026-01-22,0.78038
2026-01-23,0.77617
2026-01-24,0.77359
2026-01-25,0.77038
2026-01-26,0.76798
2026-01-27,0.76649
2026-01-28,0.76516
2026-01-29,0.76508
2026-01-30,0.7633
2026-01-31,0.76346
2026-02-01,0.76841
2026-02-02,0.77391
2026-02-03,0.77303
2026-02-04,0.7709
2026-02-05,0.76648
2026-02-06,0.76728
2026-02-07,0.76668
2026-02-08,0.76589
2026-02-09,0.76295
2026-02-10,0.75875
2026-02-11,0.75389
2026-02-12,0.74947
2026-02-13,0.74539
2026-02-14,0.74224
2026-02-15,0.74145
2026-02-16,0.74016
2026-02-17,0.73856
2026-02-18,0.7408
2026-02-19,0.73886
2026-02-20,0.73783
2026-02-21,0.73646
2026-02-22,0.73629
2026-02-23,0.73594
2026-02-24,0.73747
2026-02-25,0.73793
2026-02-26,0.73704
2026-02-27,0.73373
2026-02-28,0.73005
2026-03-01,0.72693
2026-03-02,0.72256
2026-03-03,0.71804
2026-03-04,0.71408
2026-03-05,0.70983
2026-03-06,0.70538
2026-03-07,0.70184
2026-03-08,0.70152
2026-03-09,0.69782
2026-03-10,0.69416
2026-03-11,0.69093
2026-03-12,0.68681
2026-03-13,0.68281
2026-03-14,0.67897
2026-03-15,0.67591
2026-03-16,0.67135
2026-03-17,0.6669
2026-03-18,0.6662
2026-03-19,0.6636
2026-03-20,0.65932
2026-03-21,0.65624
2026-03-22,0.65542
2026-03-23,0.65385
2026-03-24,0.65108
2026-03-25,0.64795
2026-03-26,0.64505
2026-03-27,0.64313
2026-03-28,0.63947
2026-03-29,0.63767
2026-03-30,0.63607
2026-03-31,0.63439
2026-04-01,0.63271
2026-04-02,0.6334
2026-04-03,0.63318
2026-04-04,0.63166
2026-04-05,0.63262
2026-04-06,0.62902
2026-04-07,0.62626
2026-04-08,0.62809
2026-04-09,0.62607
2026-04-10,0.62264
2026-04-11,0.62122
2026-04-12,0.61921
2026-04-13,0.61574
2026-04-14,0.61318
2026-04-15,0.6122
2026-04-16,0.61633
2026-04-17,0.62345
2026-04-18,0.62664
2026-04-19,0.62799
2026-04-20,0.62734
2026-04-21,0.62645
2026-04-22,0.62471
2026-04-23,0.62468
2026-04-24,0.62543
2026-04-25,0.63034
2026-04-26,0.6356
2026-04-27,0.63775
2026-04-28,0.63931
2026-04-29,0.64226
2026-04-30,0.64029
2026-05-01,0.63875
2026-05-02,0.64379
2026-05-03,0.64621
2026-05-04,0.64963
2026-05-05,0.65007
2026-05-06,0.65329
2026-05-07,0.65299
2026-05-08,0.65171
2026-05-09,0.64963
2026-05-10,0.6475
2026-05-11,0.64474
2026-05-12,0.64457
2026-05-13,0.64555
2026-05-14,0.64684
2026-05-15,0.64545
2026-05-16,0.64559
2026-05-17,0.64693
2026-05-18,0.64792
2026-05-19,0.65255
2026-05-20,0.65228
2026-05-21,0.65141
2026-05-22,0.65591
2026-05-23,0.65945
2026-05-24,0.66333
2026-05-25,0.66428
2026-05-26,0.6671
2026-05-27,0.67412
2026-05-28,0.67868
2026-05-29,0.68436
2026-05-30,0.68775
2026-05-31,0.69068
2026-06-01,0.6911
2026-06-02,0.69344
2026-06-03,0.695
2026-06-04,0.69702
2026-06-05,0.7045
2026-06-06,0.71041
2026-06-07,0.71859
2026-06-08,0.72818
2026-06-09,0.73259
2026-06-10,0.73701
2026-06-11,0.73575
2026-06-12,0.73278
2026-06-13,0.73047
2026-06-14,0.73341
2026-06-15,0.73444
2026-06-16,0.73555
2026-06-17,0.73621
2026-06-18,0.7393
2026-06-19,0.74136
2026-06-20,0.74257
2026-06-21,0.74643
2026-06-22,0.74764
2026-06-23,0.75384
2026-06-24,0.75298
2026-06-25,0.75039
2026-06-26,0.74862
2026-06-27,0.74737
2026-06-28,0.75158
2026-06-29,0.75374
2026-06-30,0.76418
2026-07-01,0.76463
2026-07-02,0.76842
2026-07-03,0.77385
2026-07-04,0.77899
2026-07-05,0.78232
2026-07-06,0.78258
2026-07-07,0.78171
2026-07-08,0.78005
2026-07-09,0.78411
2026-07-10,0.78441
2026-07-11,0.78508
2026-07-12,0.78792
2026-07-13,0.7891
2026-07-14,0.7879
2026-07-15,0.7887
2026-07-16,0.7882
2026-07-17,0.78647
2026-07-18,0.78729
2026-07-19,0.78942
2026-07-20,0.79276
2026-07-21,0.79415
2026-07-22,0.79314
2026-07-23,0.80184
2026-07-24,0.80489
2026-07-25,0.8058
2026-07-26,0.80818
2026-07-27,0.8066
2026-07-28,0.80405
2026-07-29,0.80305
2026-07-30,0.80228
2026-07-31,0.79993
2026-08-01,0.79719
2026-08-02,0.79505
2026-08-03,0.79076
2026-08-04,0.78818
2026-08-05,0.78907
2026-08-06,0.78859
2026-08-07,0.78744
