fecha_hora,precio_escasez_marginal
2019-01-01,674.33167
2019-01-02,674.33167
2019-01-03,674.33167
2019-01-04,674.33167
2019-01-05,674.33167
2019-01-06,674.33167
2019-01-07,674.33167
2019-01-08,674.33167
2019-01-09,674.33167
2019-01-10,674.33167
2019-01-11,674.33167
2019-01-12,674.33167
2019-01-13,674.33167
2019-01-14,674.33167
2019-01-15,674.33167
2019-01-16,674.33167
2019-01-17,674.33167
2019-01-18,674.33167
2019-01-19,674.33167
2019-01-20,674.33167
2019-01-21,674.33167
2019-01-22,674.33167
2019-01-23,674.33167
2019-01-24,674.33167
2019-01-25,674.33167
2019-01-26,674.33167
2019-01-27,674.33167
2019-01-28,674.33167
2019-01-29,674.33167
2019-01-30,674.33167
2019-01-31,674.33167
2019-02-01,620.14601
2019-02-02,620.14601
2019-02-03,620.14601
2019-02-04,620.14601
2019-02-05,620.14601
2019-02-06,620.14601
2019-02-07,620.14601
2019-02-08,620.14601
2019-02-09,620.14601
2019-02-10,620.14601
2019-02-11,620.14601
2019-02-12,620.14601
2019-02-13,620.14601
2019-02-14,620.14601
2019-02-15,620.14601
2019-02-16,620.14601
2019-02-17,620.14601
2019-02-18,620.14601
2019-02-19,620.14601
2019-02-20,620.14601
2019-02-21,620.14601
2019-02-22,620.14601
2019-02-23,620.14601
2019-02-24,620.14601
2019-02-25,620.14601
2019-02-26,620.14601
2019-02-27,620.14601
2019-02-28,620.14601
2019-03-01,619.24745
2019-03-02,619.24745
2019-03-03,619.24745
2019-03-04,619.24745
2019-03-05,619.24745
2019-03-06,619.24745
2019-03-07,619.24745
2019-03-08,619.24745
2019-03-09,619.24745
2019-03-10,619.24745
2019-03-11,619.24745
2019-03-12,619.24745
2019-03-13,619.24745
2019-03-14,619.24745
2019-03-15,619.24745
2019-03-16,619.24745
2019-03-17,619.24745
2019-03-18,619.24745
2019-03-19,619.24745
2019-03-20,619.24745
2019-03-21,619.24745
2019-03-22,619.24745
2019-03-23,619.24745
2019-03-24,619.24745
2019-03-25,619.24745
2019-03-26,619.24745
2019-03-27,619.24745
2019-03-28,619.24745
2019-03-29,619.24745
2019-03-30,619.24745
2019-03-31,619.24745
2019-04-01,639.188
2019-04-02,639.188
2019-04-03,639.188
2019-04-04,639.188
2019-04-05,639.188
2019-04-06,639.188
2019-04-07,639.188
2019-04-08,639.188
2019-04-09,639.188
2019-04-10,639.188
2019-04-11,639.188
2019-04-12,639.188
2019-04-13,639.188
2019-04-14,639.188
2019-04-15,639.188
2019-04-16,639.188
2019-04-17,639.188
2019-04-18,639.188
2019-04-19,639.188
2019-04-20,639.188
2019-04-21,639.188
2019-04-22,639.188
2019-04-23,639.188
2019-04-24,639.188
2019-04-25,639.188
2019-04-26,639.188
2019-04-27,639.188
2019-04-28,639.188
2019-04-29,639.188
2019-04-30,639.188
2019-05-01,650.39265
2019-05-02,650.39265
2019-05-03,650.39265
2019-05-04,650.39265
2019-05-05,650.39265
2019-05-06,650.39265
2019-05-07,650.39265
2019-05-08,650.39265
2019-05-09,650.39265
2019-05-10,650.39265
2019-05-11,650.39265
2019-05-12,650.39265
2019-05-13,650.39265
2019-05-14,650.39265
2019-05-15,650.39265
2019-05-16,650.39265
2019-05-17,650.39265
2019-05-18,650.39265
2019-05-19,650.39265
2019-05-20,650.39265
2019-05-21,650.39265
2019-05-22,650.39265
2019-05-23,650.39265
2019-05-24,650.39265
2019-05-25,650.39265
2019-05-26,650.39265
2019-05-27,650.39265
2019-05-28,650.39265
2019-05-29,650.39265
2019-05-30,650.39265
2019-05-31,650.39265
2019-06-01,669.25919
2019-06-02,669.25919
2019-06-03,669.25919
2019-06-04,669.25919
2019-06-05,669.25919
2019-06-06,669.25919
2019-06-07,669.25919
2019-06-08,669.25919
2019-06-09,669.25919
2019-06-10,669.25919
2019-06-11,669.25919
2019-06-12,669.25919
2019-06-13,669.25919
2019-06-14,669.25919
2019-06-15,669.25919
2019-06-16,669.25919
2019-06-17,669.25919
2019-06-18,669.25919
2019-06-19,669.25919
2019-06-20,669.25919
2019-06-21,669.25919
2019-06-22,669.25919
2019-06-23,669.25919
2019-06-24,669.25919
2019-06-25,669.25919
2019-06-26,669.25919
2019-06-27,669.25919
2019-06-28,669.25919
2019-06-29,669.25919
2019-06-30,669.25919
2019-07-01,696.67692
2019-07-02,696.67692
2019-07-03,696.67692
2019-07-04,696.67692
2019-07-05,696.67692
2019-07-06,696.67692
2019-07-07,696.67692
2019-07-08,696.67692
2019-07-09,696.67692
2019-07-10,696.67692
2019-07-11,696.67692
2019-07-12,696.67692
2019-07-13,696.67692
2019-07-14,696.67692
2019-07-15,696.67692
2019-07-16,696.67692
2019-07-17,696.67692
2019-07-18,696.67692
2019-07-19,696.67692
2019-07-20,696.67692
2019-07-21,696.67692
2019-07-22,696.67692
2019-07-23,696.67692
2019-07-24,696.67692
2019-07-25,696.67692
2019-07-26,696.67692
2019-07-27,696.67692
2019-07-28,696.67692
2019-07-29,696.67692
2019-07-30,696.67692
2019-07-31,696.67692
2019-08-01,610.87104
2019-08-02,610.87104
2019-08-03,610.87104
2019-08-04,610.87104
2019-08-05,610.87104
2019-08-06,610.87104
2019-08-07,610.87104
2019-08-08,610.87104
2019-08-09,610.87104
2019-08-10,610.87104
2019-08-11,610.87104
2019-08-12,610.87104
2019-08-13,610.87104
2019-08-14,610.87104
2019-08-15,610.87104
2019-08-16,610.87104
2019-08-17,610.87104
2019-08-18,610.87104
2019-08-19,610.87104
2019-08-20,610.87104
2019-08-21,610.87104
2019-08-22,610.87104
2019-08-23,610.87104
2019-08-24,610.87104
2019-08-25,610.87104
2019-08-26,610.87104
2019-08-27,610.87104
2019-08-28,610.87104
2019-08-29,610.87104
2019-08-30,610.87104
2019-08-31,610.87104
2019-09-01,621.58662
2019-09-02,621.58662
2019-09-03,621.58662
2019-09-04,621.58662
2019-09-05,621.58662
2019-09-06,621.58662
2019-09-07,621.58662
2019-09-08,621.58662
2019-09-09,621.58662
2019-09-10,621.58662
2019-09-11,621.58662
2019-09-12,621.58662
2019-09-13,621.58662
2019-09-14,621.58662
2019-09-15,621.58662
2019-09-16,621.58662
2019-09-17,621.58662
2019-09-18,621.58662
2019-09-19,621.58662
2019-09-20,621.58662
2019-09-21,621.58662
2019-09-22,621.58662
2019-09-23,621.58662
2019-09-24,621.58662
2019-09-25,621.58662
2019-09-26,621.58662
2019-09-27,621.58662
2019-09-28,621.58662
2019-09-29,621.58662
2019-09-30,621.58662
2019-10-01,623.57121
2019-10-02,623.57121
2019-10-03,623.57121
2019-10-04,623.57121
2019-10-05,623.57121
2019-10-06,623.57121
2019-10-07,623.57121
2019-10-08,623.57121
2019-10-09,623.57121
2019-10-10,623.57121
2019-10-11,623.57121
2019-10-12,623.57121
2019-10-13,623.57121
2019-10-14,623.57121
2019-10-15,623.57121
2019-10-16,623.57121
2019-10-17,623.57121
2019-10-18,623.57121
2019-10-19,623.57121
2019-10-20,623.57121
2019-10-21,623.57121
2019-10-22,623.57121
2019-10-23,623.57121
2019-10-24,623.57121
2019-10-25,623.57121
2019-10-26,623.57121
2019-10-27,623.57121
2019-10-28,623.57121
2019-10-29,623.57121
2019-10-30,623.57121
2019-10-31,623.57121
2019-11-01,639.57742
2019-11-02,639.57742
2019-11-03,639.57742
2019-11-04,639.57742
2019-11-05,639.57742
2019-11-06,639.57742
2019-11-07,639.57742
2019-11-08,639.57742
2019-11-09,639.57742
2019-11-10,639.57742
2019-11-11,639.57742
2019-11-12,639.57742
2019-11-13,639.57742
2019-11-14,639.57742
2019-11-15,639.57742
2019-11-16,639.57742
2019-11-17,639.57742
2019-11-18,639.57742
2019-11-19,639.57742
2019-11-20,639.57742
2019-11-21,639.57742
2019-11-22,639.57742
2019-11-23,639.57742
2019-11-24,639.57742
2019-11-25,639.57742
2019-11-26,639.57742
2019-11-27,639.57742
2019-11-28,639.57742
2019-11-29,639.57742
2019-11-30,639.57742
2019-12-01,635.15107
2019-12-02,635.15107
2019-12-03,635.15107
2019-12-04,635.15107
2019-12-05,635.15107
2019-12-06,635.15107
2019-12-07,635.15107
2019-12-08,635.15107
2019-12-09,635.15107
2019-12-10,635.15107
2019-12-11,635.15107
2019-12-12,635.15107
2019-12-13,635.15107
2019-12-14,635.15107
2019-12-15,635.15107
2019-12-16,635.15107
2019-12-17,635.15107
2019-12-18,635.15107
2019-12-19,635.15107
2019-12-20,635.15107
2019-12-21,635.15107
2019-12-22,635.15107
2019-12-23,635.15107
2019-12-24,635.15107
2019-12-25,635.15107
2019-12-26,635.15107
2019-12-27,635.15107
2019-12-28,635.15107
2019-12-29,635.15107
2019-12-30,635.15107
2019-12-31,635.15107
2020-01-01,627.21279
2020-01-02,627.21279
2020-01-03,627.21279
2020-01-04,627.21279
2020-01-05,627.21279
2020-01-06,627.21279
2020-01-07,627.21279
2020-01-08,627.21279
2020-01-09,627.21279
2020-01-10,627.21279
2020-01-11,627.21279
2020-01-12,627.21279
2020-01-13,627.21279
2020-01-14,627.21279
2020-01-15,627.21279
2020-01-16,627.21279
2020-01-17,627.21279
2020-01-18,627.21279
2020-01-19,627.21279
2020-01-20,627.21279
2020-01-21,627.21279
2020-01-22,627.21279
2020-01-23,627.21279
2020-01-24,627.21279
2020-01-25,627.21279
2020-01-26,627.21279
2020-01-27,627.21279
2020-01-28,627.21279
2020-01-29,627.21279
2020-01-30,627.21279
2020-01-31,627.21279
2020-02-01,646.80784
2020-02-02,646.80784
2020-02-03,646.80784
2020-02-04,646.80784
2020-02-05,646.80784
2020-02-06,646.80784
2020-02-07,646.80784
2020-02-08,646.80784
2020-02-09,646.80784
2020-02-10,646.80784
2020-02-11,646.80784
2020-02-12,646.80784
2020-02-13,646.80784
2020-02-14,646.80784
2020-02-15,646.80784
2020-02-16,646.80784
2020-02-17,646.80784
2020-02-18,646.80784
2020-02-19,646.80784
2020-02-20,646.80784
2020-02-21,646.80784
2020-02-22,646.80784
2020-02-23,646.80784
2020-02-24,646.80784
2020-02-25,646.80784
2020-02-26,646.80784
2020-02-27,646.80784
2020-02-28,646.80784
2020-02-29,646.80784
2020-03-01,610.97227
2020-03-02,610.97227
2020-03-03,610.97227
2020-03-04,610.97227
2020-03-05,610.97227
2020-03-06,610.97227
2020-03-07,610.97227
2020-03-08,610.97227
2020-03-09,610.97227
2020-03-10,610.97227
2020-03-11,610.97227
2020-03-12,610.97227
2020-03-13,610.97227
2020-03-14,610.97227
2020-03-15,610.97227
2020-03-16,610.97227
2020-03-17,610.97227
2020-03-18,610.97227
2020-03-19,610.97227
2020-03-20,610.97227
2020-03-21,610.97227
2020-03-22,610.97227
2020-03-23,610.97227
2020-03-24,610.97227
2020-03-25,610.97227
2020-03-26,610.97227
2020-03-27,610.97227
2020-03-28,610.97227
2020-03-29,610.97227
2020-03-30,610.97227
2020-03-31,610.97227
2020-04-01,613.83706
2020-04-02,613.83706
2020-04-03,613.83706
2020-04-04,613.83706
2020-04-05,613.83706
2020-04-06,613.83706
2020-04-07,613.83706
2020-04-08,613.83706
2020-04-09,613.83706
2020-04-10,613.83706
2020-04-11,613.83706
2020-04-12,613.83706
2020-04-13,613.83706
2020-04-14,613.83706
2020-04-15,613.83706
2020-04-16,613.83706
2020-04-17,613.83706
2020-04-18,613.83706
2020-04-19,613.83706
2020-04-20,613.83706
2020-04-21,613.83706
2020-04-22,613.83706
2020-04-23,613.83706
2020-04-24,613.83706
2020-04-25,613.83706
2020-04-26,613.83706
2020-04-27,613.83706
2020-04-28,613.83706
2020-04-29,613.83706
2020-04-30,613.83706
2020-05-01,588.48055
2020-05-02,588.48055
2020-05-03,588.48055
2020-05-04,588.48055
2020-05-05,588.48055
2020-05-06,588.48055
2020-05-07,588.48055
2020-05-08,588.48055
2020-05-09,588.48055
2020-05-10,588.48055
2020-05-11,588.48055
2020-05-12,588.48055
2020-05-13,588.48055
2020-05-14,588.48055
2020-05-15,588.48055
2020-05-16,588.48055
2020-05-17,588.48055
2020-05-18,588.48055
2020-05-19,588.48055
2020-05-20,588.48055
2020-05-21,588.48055
2020-05-22,588.48055
2020-05-23,588.48055
2020-05-24,588.48055
2020-05-25,588.48055
2020-05-26,588.48055
2020-05-27,588.48055
2020-05-28,588.48055
2020-05-29,588.48055
2020-05-30,588.48055
2020-05-31,588.48055
2020-06-01,582.19064
2020-06-02,582.19064
2020-06-03,582.19064
2020-06-04,582.19064
2020-06-05,582.19064
2020-06-06,582.19064
2020-06-07,582.19064
2020-06-08,582.19064
2020-06-09,582.19064
2020-06-10,582.19064
2020-06-11,582.19064
2020-06-12,582.19064
2020-06-13,582.19064
2020-06-14,582.19064
2020-06-15,582.19064
2020-06-16,582.19064
2020-06-17,582.19064
2020-06-18,582.19064
2020-06-19,582.19064
2020-06-20,582.19064
2020-06-21,582.19064
2020-06-22,582.19064
2020-06-23,582.19064
2020-06-24,582.19064
2020-06-25,582.19064
2020-06-26,582.19064
2020-06-27,582.19064
2020-06-28,582.19064
2020-06-29,582.19064
2020-06-30,582.19064
2020-07-01,573.61054
2020-07-02,573.61054
2020-07-03,573.61054
2020-07-04,573.61054
2020-07-05,573.61054
2020-07-06,573.61054
2020-07-07,573.61054
2020-07-08,573.61054
2020-07-09,573.61054
2020-07-10,573.61054
2020-07-11,573.61054
2020-07-12,573.61054
2020-07-13,573.61054
2020-07-14,573.61054
2020-07-15,573.61054
2020-07-16,573.61054
2020-07-17,573.61054
2020-07-18,573.61054
2020-07-19,573.61054
2020-07-20,573.61054
2020-07-21,573.61054
2020-07-22,573.61054
2020-07-23,573.61054
2020-07-24,573.61054
2020-07-25,573.61054
2020-07-26,573.61054
2020-07-27,573.61054
2020-07-28,573.61054
2020-07-29,573.61054
2020-07-30,573.61054
2020-07-31,573.61054
2020-08-01,562.99838
2020-08-02,562.99838
2020-08-03,562.99838
2020-08-04,562.99838
2020-08-05,562.99838
2020-08-06,562.99838
2020-08-07,562.99838
2020-08-08,562.99838
2020-08-09,562.99838
2020-08-10,562.99838
2020-08-11,562.99838
2020-08-12,562.99838
2020-08-13,562.99838
2020-08-14,562.99838
2020-08-15,562.99838
2020-08-16,562.99838
2020-08-17,562.99838
2020-08-18,562.99838
2020-08-19,562.99838
2020-08-20,562.99838
2020-08-21,562.99838
2020-08-22,562.99838
2020-08-23,562.99838
2020-08-24,562.99838
2020-08-25,562.99838
2020-08-26,562.99838
2020-08-27,562.99838
2020-08-28,562.99838
2020-08-29,562.99838
2020-08-30,562.99838
2020-08-31,562.99838
2020-09-01,592.15835
2020-09-02,592.15835
2020-09-03,592.15835
2020-09-04,592.15835
2020-09-05,592.15835
2020-09-06,592.15835
2020-09-07,592.15835
2020-09-08,592.15835
2020-09-09,592.15835
2020-09-10,592.15835
2020-09-11,592.15835
2020-09-12,592.15835
2020-09-13,592.15835
2020-09-14,592.15835
2020-09-15,592.15835
2020-09-16,592.15835
2020-09-17,592.15835
2020-09-18,592.15835
2020-09-19,592.15835
2020-09-20,592.15835
2020-09-21,592.15835
2020-09-22,592.15835
2020-09-23,592.15835
2020-09-24,592.15835
2020-09-25,592.15835
2020-09-26,592.15835
2020-09-27,592.15835
2020-09-28,592.15835
2020-09-29,592.15835
2020-09-30,592.15835
2020-10-01,585.4071
2020-10-02,585.4071
2020-10-03,585.4071
2020-10-04,585.4071
2020-10-05,585.4071
2020-10-06,585.4071
2020-10-07,585.4071
2020-10-08,585.4071
2020-10-09,585.4071
2020-10-10,585.4071
2020-10-11,585.4071
2020-10-12,585.4071
2020-10-13,585.4071
2020-10-14,585.4071
2020-10-15,585.4071
2020-10-16,585.4071
2020-10-17,585.4071
2020-10-18,585.4071
2020-10-19,585.4071
2020-10-20,585.4071
2020-10-21,585.4071
2020-10-22,585.4071
2020-10-23,585.4071
2020-10-24,585.4071
2020-10-25,585.4071
2020-10-26,585.4071
2020-10-27,585.4071
2020-10-28,585.4071
2020-10-29,585.4071
2020-10-30,585.4071
2020-10-31,585.4071
2020-11-01,570.46068
2020-11-02,570.46068
2020-11-03,570.46068
2020-11-04,570.46068
2020-11-05,570.46068
2020-11-06,570.46068
2020-11-07,570.46068
2020-11-08,570.46068
2020-11-09,570.46068
2020-11-10,570.46068
2020-11-11,570.46068
2020-11-12,570.46068
2020-11-13,570.46068
2020-11-14,570.46068
2020-11-15,570.46068
2020-11-16,570.46068
2020-11-17,570.46068
2020-11-18,570.46068
2020-11-19,570.46068
2020-11-20,570.46068
2020-11-21,570.46068
2020-11-22,570.46068
2020-11-23,570.46068
2020-11-24,570.46068
2020-11-25,570.46068
2020-11-26,570.46068
2020-11-27,570.46068
2020-11-28,570.46068
2020-11-29,570.46068
2020-11-30,570.46068
2020-12-01,568.45699
2020-12-02,568.45699
2020-12-03,568.45699
2020-12-04,568.45699
2020-12-05,568.45699
2020-12-06,568.45699
2020-12-07,568.45699
2020-12-08,568.45699
2020-12-09,568.45699
2020-12-10,568.45699
2020-12-11,568.45699
2020-12-12,568.45699
2020-12-13,568.45699
2020-12-14,568.45699
2020-12-15,568.45699
2020-12-16,568.45699
2020-12-17,568.45699
2020-12-18,568.45699
2020-12-19,568.45699
2020-12-20,568.45699
2020-12-21,568.45699
2020-12-22,568.45699
2020-12-23,568.45699
2020-12-24,568.45699
2020-12-25,568.45699
2020-12-26,568.45699
2020-12-27,568.45699
2020-12-28,568.45699
2020-12-29,568.45699
2020-12-30,568.45699
2020-12-31,568.45699
2021-01-01,593.92552
2021-01-02,593.92552
2021-01-03,593.92552
2021-01-04,593.92552
2021-01-05,593.92552
2021-01-06,593.92552
2021-01-07,593.92552
2021-01-08,593.92552
2021-01-09,593.92552
2021-01-10,593.92552
2021-01-11,593.92552
2021-01-12,593.92552
2021-01-13,593.92552
2021-01-14,593.92552
2021-01-15,593.92552
2021-01-16,593.92552
2021-01-17,593.92552
2021-01-18,593.92552
2021-01-19,593.92552
2021-01-20,593.92552
2021-01-21,593.92552
2021-01-22,593.92552
2021-01-23,593.92552
2021-01-24,593.92552
2021-01-25,593.92552
2021-01-26,593.92552
2021-01-27,593.92552
2021-01-28,593.92552
2021-01-29,593.92552
2021-01-30,593.92552
2021-01-31,593.92552
2021-02-01,647.62181
2021-02-02,647.62181
2021-02-03,647.62181
2021-02-04,647.62181
2021-02-05,647.62181
2021-02-06,647.62181
2021-02-07,647.62181
2021-02-08,647.62181
2021-02-09,647.62181
2021-02-10,647.62181
2021-02-11,647.62181
2021-02-12,647.62181
2021-02-13,647.62181
2021-02-14,647.62181
2021-02-15,647.62181
2021-02-16,647.62181
2021-02-17,647.62181
2021-02-18,647.62181
2021-02-19,647.62181
2021-02-20,647.62181
2021-02-21,647.62181
2021-02-22,647.62181
2021-02-23,647.62181
2021-02-24,647.62181
2021-02-25,647.62181
2021-02-26,647.62181
2021-02-27,647.62181
2021-02-28,647.62181
2021-03-01,699.14423
2021-03-02,699.14423
2021-03-03,699.14423
2021-03-04,699.14423
2021-03-05,699.14423
2021-03-06,699.14423
2021-03-07,699.14423
2021-03-08,699.14423
2021-03-09,699.14423
2021-03-10,699.14423
2021-03-11,699.14423
2021-03-12,699.14423
2021-03-13,699.14423
2021-03-14,699.14423
2021-03-15,699.14423
2021-03-16,699.14423
2021-03-17,699.14423
2021-03-18,699.14423
2021-03-19,699.14423
2021-03-20,699.14423
2021-03-21,699.14423
2021-03-22,699.14423
2021-03-23,699.14423
2021-03-24,699.14423
2021-03-25,699.14423
2021-03-26,699.14423
2021-03-27,699.14423
2021-03-28,699.14423
2021-03-29,699.14423
2021-03-30,699.14423
2021-03-31,699.14423
2021-04-01,704.95927
2021-04-02,704.95927
2021-04-03,704.95927
2021-04-04,704.95927
2021-04-05,704.95927
2021-04-06,704.95927
2021-04-07,704.95927
2021-04-08,704.95927
2021-04-09,704.95927
2021-04-10,704.95927
2021-04-11,704.95927
2021-04-12,704.95927
2021-04-13,704.95927
2021-04-14,704.95927
2021-04-15,704.95927
2021-04-16,704.95927
2021-04-17,704.95927
2021-04-18,704.95927
2021-04-19,704.95927
2021-04-20,704.95927
2021-04-21,704.95927
2021-04-22,704.95927
2021-04-23,704.95927
2021-04-24,704.95927
2021-04-25,704.95927
2021-04-26,704.95927
2021-04-27,704.95927
2021-04-28,704.95927
2021-04-29,704.95927
2021-04-30,704.95927
2021-05-01,749.96743
2021-05-02,749.96743
2021-05-03,749.96743
2021-05-04,749.96743
2021-05-05,749.96743
2021-05-06,749.96743
2021-05-07,749.96743
2021-05-08,749.96743
2021-05-09,749.96743
2021-05-10,749.96743
2021-05-11,749.96743
2021-05-12,749.96743
2021-05-13,749.96743
2021-05-14,749.96743
2021-05-15,749.96743
2021-05-16,749.96743
2021-05-17,749.96743
2021-05-18,749.96743
2021-05-19,749.96743
2021-05-20,749.96743
2021-05-21,749.96743
2021-05-22,749.96743
2021-05-23,749.96743
2021-05-24,749.96743
2021-05-25,749.96743
2021-05-26,749.96743
2021-05-27,749.96743
2021-05-28,749.96743
2021-05-29,749.96743
2021-05-30,749.96743
2021-05-31,749.96743
2021-06-01,750.4303
2021-06-02,750.4303
2021-06-03,750.4303
2021-06-04,750.4303
2021-06-05,750.4303
2021-06-06,750.4303
2021-06-07,750.4303
2021-06-08,750.4303
2021-06-09,750.4303
2021-06-10,750.4303
2021-06-11,750.4303
2021-06-12,750.4303
2021-06-13,750.4303
2021-06-14,750.4303
2021-06-15,750.4303
2021-06-16,750.4303
2021-06-17,750.4303
2021-06-18,750.4303
2021-06-19,750.4303
2021-06-20,750.4303
2021-06-21,750.4303
2021-06-22,750.4303
2021-06-23,750.4303
2021-06-24,750.4303
2021-06-25,750.4303
2021-06-26,750.4303
2021-06-27,750.4303
2021-06-28,750.4303
2021-06-29,750.4303
2021-06-30,750.4303
2021-07-01,800.01474
2021-07-02,800.01474
2021-07-03,800.01474
2021-07-04,800.01474
2021-07-05,800.01474
2021-07-06,800.01474
2021-07-07,800.01474
2021-07-08,800.01474
2021-07-09,800.01474
2021-07-10,800.01474
2021-07-11,800.01474
2021-07-12,800.01474
2021-07-13,800.01474
2021-07-14,800.01474
2021-07-15,800.01474
2021-07-16,800.01474
2021-07-17,800.01474
2021-07-18,800.01474
2021-07-19,800.01474
2021-07-20,800.01474
2021-07-21,800.01474
2021-07-22,800.01474
2021-07-23,800.01474
2021-07-24,800.01474
2021-07-25,800.01474
2021-07-26,800.01474
2021-07-27,800.01474
2021-07-28,800.01474
2021-07-29,800.01474
2021-07-30,800.01474
2021-07-31,800.01474
2021-08-01,829.58862
2021-08-02,829.58862
2021-08-03,829.58862
2021-08-04,829.58862
2021-08-05,829.58862
2021-08-06,829.58862
2021-08-07,829.58862
2021-08-08,829.58862
2021-08-09,829.58862
2021-08-10,829.58862
2021-08-11,829.58862
2021-08-12,829.58862
2021-08-13,829.58862
2021-08-14,829.58862
2021-08-15,829.58862
2021-08-16,829.58862
2021-08-17,829.58862
2021-08-18,829.58862
2021-08-19,829.58862
2021-08-20,829.58862
2021-08-21,829.58862
2021-08-22,829.58862
2021-08-23,829.58862
2021-08-24,829.58862
2021-08-25,829.58862
2021-08-26,829.58862
2021-08-27,829.58862
2021-08-28,829.58862
2021-08-29,829.58862
2021-08-30,829.58862
2021-08-31,829.58862
2021-09-01,810.47222
2021-09-02,810.47222
2021-09-03,810.47222
2021-09-04,810.47222
2021-09-05,810.47222
2021-09-06,810.47222
2021-09-07,810.47222
2021-09-08,810.47222
2021-09-09,810.47222
2021-09-10,810.47222
2021-09-11,810.47222
2021-09-12,810.47222
2021-09-13,810.47222
2021-09-14,810.47222
2021-09-15,810.47222
2021-09-16,810.47222
2021-09-17,810.47222
2021-09-18,810.47222
2021-09-19,810.47222
2021-09-20,810.47222
2021-09-21,810.47222
2021-09-22,810.47222
2021-09-23,810.47222
2021-09-24,810.47222
2021-09-25,810.47222
2021-09-26,810.47222
2021-09-27,810.47222
2021-09-28,810.47222
2021-09-29,810.47222
2021-09-30,810.47222
2021-10-01,841.2642
2021-10-02,841.2642
2021-10-03,841.2642
2021-10-04,841.2642
2021-10-05,841.2642
2021-10-06,841.2642
2021-10-07,841.2642
2021-10-08,841.2642
2021-10-09,841.2642
2021-10-10,841.2642
2021-10-11,841.2642
2021-10-12,841.2642
2021-10-13,841.2642
2021-10-14,841.2642
2021-10-15,841.2642
2021-10-16,841.2642
2021-10-17,841.2642
2021-10-18,841.2642
2021-10-19,841.2642
2021-10-20,841.2642
2021-10-21,841.2642
2021-10-22,841.2642
2021-10-23,841.2642
2021-10-24,841.2642
2021-10-25,841.2642
2021-10-26,841.2642
2021-10-27,841.2642
2021-10-28,841.2642
2021-10-29,841.2642
2021-10-30,841.2642
2021-10-31,841.2642
2021-11-01,880.60109
2021-11-02,880.60109
2021-11-03,880.60109
2021-11-04,880.60109
2021-11-05,880.60109
2021-11-06,880.60109
2021-11-07,880.60109
2021-11-08,880.60109
2021-11-09,880.60109
2021-11-10,880.60109
2021-11-11,880.60109
2021-11-12,880.60109
2021-11-13,880.60109
2021-11-14,880.60109
2021-11-15,880.60109
2021-11-16,880.60109
2021-11-17,880.60109
2021-11-18,880.60109
2021-11-19,880.60109
2021-11-20,880.60109
2021-11-21,880.60109
2021-11-22,880.60109
2021-11-23,880.60109
2021-11-24,880.60109
2021-11-25,880.60109
2021-11-26,880.60109
2021-11-27,880.60109
2021-11-28,880.60109
2021-11-29,880.60109
2021-11-30,880.60109
2021-12-01,884.38014
2021-12-02,884.38014
2021-12-03,884.38014
2021-12-04,884.38014
2021-12-05,884.38014
2021-12-06,884.38014
2021-12-07,884.38014
2021-12-08,884.38014
2021-12-09,884.38014
2021-12-10,884.38014
2021-12-11,884.38014
2021-12-12,884.38014
2021-12-13,884.38014
2021-12-14,884.38014
2021-12-15,884.38014
2021-12-16,884.38014
2021-12-17,884.38014
2021-12-18,884.38014
2021-12-19,884.38014
2021-12-20,884.38014
2021-12-21,884.38014
2021-12-22,884.38014
2021-12-23,884.38014
2021-12-24,884.38014
2021-12-25,884.38014
2021-12-26,884.38014
2021-12-27,884.38014
2021-12-28,884.38014
2021-12-29,884.38014
2021-12-30,884.38014
2021-12-31,884.38014
2022-01-01,885.72915
2022-01-02,885.72915
2022-01-03,885.72915
2022-01-04,885.72915
2022-01-05,885.72915
2022-01-06,885.72915
2022-01-07,885.72915
2022-01-08,885.72915
2022-01-09,885.72915
2022-01-10,885.72915
2022-01-11,885.72915
2022-01-12,885.72915
2022-01-13,885.72915
2022-01-14,885.72915
2022-01-15,885.72915
2022-01-16,885.72915
2022-01-17,885.72915
2022-01-18,885.72915
2022-01-19,885.72915
2022-01-20,885.72915
2022-01-21,885.72915
2022-01-22,885.72915
2022-01-23,885.72915
2022-01-24,885.72915
2022-01-25,885.72915
2022-01-26,885.72915
2022-01-27,885.72915
2022-01-28,885.72915
2022-01-29,885.72915
2022-01-30,885.72915
2022-01-31,885.72915
2022-02-01,1004.00007
2022-02-02,1004.00007
2022-02-03,1004.00007
2022-02-04,1004.00007
2022-02-05,1004.00007
2022-02-06,1004.00007
2022-02-07,1004.00007
2022-02-08,1004.00007
2022-02-09,1004.00007
2022-02-10,1004.00007
2022-02-11,1004.00007
2022-02-12,1004.00007
2022-02-13,1004.00007
2022-02-14,1004.00007
2022-02-15,1004.00007
2022-02-16,1004.00007
2022-02-17,1004.00007
2022-02-18,1004.00007
2022-02-19,1004.00007
2022-02-20,1004.00007
2022-02-21,1004.00007
2022-02-22,1004.00007
2022-02-23,1004.00007
2022-02-24,1004.00007
2022-02-25,1004.00007
2022-02-26,1004.00007
2022-02-27,1004.00007
2022-02-28,1004.00007
2022-03-01,1016.59107
2022-03-02,1016.59107
2022-03-03,1016.59107
2022-03-04,1016.59107
2022-03-05,1016.59107
2022-03-06,1016.59107
2022-03-07,1016.59107
2022-03-08,1016.59107
2022-03-09,1016.59107
2022-03-10,1016.59107
2022-03-11,1016.59107
2022-03-12,1016.59107
2022-03-13,1016.59107
2022-03-14,1016.59107
2022-03-15,1016.59107
2022-03-16,1016.59107
2022-03-17,1016.59107
2022-03-18,1016.59107
2022-03-19,1016.59107
2022-03-20,1016.59107
2022-03-21,1016.59107
2022-03-22,1016.59107
2022-03-23,1016.59107
2022-03-24,1016.59107
2022-03-25,1016.59107
2022-03-26,1016.59107
2022-03-27,1016.59107
2022-03-28,1016.59107
2022-03-29,1016.59107
2022-03-30,1016.59107
2022-03-31,1016.59107
2022-04-01,1090.84331
2022-04-02,1090.84331
2022-04-03,1090.84331
2022-04-04,1090.84331
2022-04-05,1090.84331
2022-04-06,1090.84331
2022-04-07,1090.84331
2022-04-08,1090.84331
2022-04-09,1090.84331
2022-04-10,1090.84331
2022-04-11,1090.84331
2022-04-12,1090.84331
2022-04-13,1090.84331
2022-04-14,1090.84331
2022-04-15,1090.84331
2022-04-16,1090.84331
2022-04-17,1090.84331
2022-04-18,1090.84331
2022-04-19,1090.84331
2022-04-20,1090.84331
2022-04-21,1090.84331
2022-04-22,1090.84331
2022-04-23,1090.84331
2022-04-24,1090.84331
2022-04-25,1090.84331
2022-04-26,1090.84331
2022-04-27,1090.84331
2022-04-28,1090.84331
2022-04-29,1090.84331
2022-04-30,1090.84331
2022-05-01,1100.22064
2022-05-02,1100.22064
2022-05-03,1100.22064
2022-05-04,1100.22064
2022-05-05,1100.22064
2022-05-06,1100.22064
2022-05-07,1100.22064
2022-05-08,1100.22064
2022-05-09,1100.22064
2022-05-10,1100.22064
2022-05-11,1100.22064
2022-05-12,1100.22064
2022-05-13,1100.22064
2022-05-14,1100.22064
2022-05-15,1100.22064
2022-05-16,1100.22064
2022-05-17,1100.22064
2022-05-18,1100.22064
2022-05-19,1100.22064
2022-05-20,1100.22064
2022-05-21,1100.22064
2022-05-22,1100.22064
2022-05-23,1100.22064
2022-05-24,1100.22064
2022-05-25,1100.22064
2022-05-26,1100.22064
2022-05-27,1100.22064
2022-05-28,1100.22064
2022-05-29,1100.22064
2022-05-30,1100.22064
2022-05-31,1100.22064
2022-06-01,1217.80044
2022-06-02,1217.80044
2022-06-03,1217.80044
2022-06-04,1217.80044
2022-06-05,1217.80044
2022-06-06,1217.80044
2022-06-07,1217.80044
2022-06-08,1217.80044
2022-06-09,1217.80044
2022-06-10,1217.80044
2022-06-11,1217.80044
2022-06-12,1217.80044
2022-06-13,1217.80044
2022-06-14,1217.80044
2022-06-15,1217.80044
2022-06-16,1217.80044
2022-06-17,1217.80044
2022-06-18,1217.80044
2022-06-19,1217.80044
2022-06-20,1217.80044
2022-06-21,1217.80044
2022-06-22,1217.80044
2022-06-23,1217.80044
2022-06-24,1217.80044
2022-06-25,1217.80044
2022-06-26,1217.80044
2022-06-27,1217.80044
2022-06-28,1217.80044
2022-06-29,1217.80044
2022-06-30,1217.80044
2022-07-01,1253.09947
2022-07-02,1253.09947
2022-07-03,1253.09947
2022-07-04,1253.09947
2022-07-05,1253.09947
2022-07-06,1253.09947
2022-07-07,1253.09947
2022-07-08,1253.09947
2022-07-09,1253.09947
2022-07-10,1253.09947
2022-07-11,1253.09947
2022-07-12,1253.09947
2022-07-13,1253.09947
2022-07-14,1253.09947
2022-07-15,1253.09947
2022-07-16,1253.09947
2022-07-17,1253.09947
2022-07-18,1253.09947
2022-07-19,1253.09947
2022-07-20,1253.09947
2022-07-21,1253.09947
2022-07-22,1253.09947
2022-07-23,1253.09947
2022-07-24,1253.09947
2022-07-25,1253.09947
2022-07-26,1253.09947
2022-07-27,1253.09947
2022-07-28,1253.09947
2022-07-29,1253.09947
2022-07-30,1253.09947
2022-07-31,1253.09947
2022-08-01,1272.36551
2022-08-02,1272.36551
2022-08-03,1272.36551
2022-08-04,1272.36551
2022-08-05,1272.36551
2022-08-06,1272.36551
2022-08-07,1272.36551
2022-08-08,1272.36551
2022-08-09,1272.36551
2022-08-10,1272.36551
2022-08-11,1272.36551
2022-08-12,1272.36551
2022-08-13,1272.36551
2022-08-14,1272.36551
2022-08-15,1272.36551
2022-08-16,1272.36551
2022-08-17,1272.36551
2022-08-18,1272.36551
2022-08-19,1272.36551
2022-08-20,1272.36551
2022-08-21,1272.36551
2022-08-22,1272.36551
2022-08-23,1272.36551
2022-08-24,1272.36551
2022-08-25,1272.36551
2022-08-26,1272.36551
2022-08-27,1272.36551
2022-08-28,1272.36551
2022-08-29,1272.36551
2022-08-30,1272.36551
2022-08-31,1272.36551
2022-09-01,1316.89917
2022-09-02,1316.89917
2022-09-03,1316.89917
2022-09-04,1316.89917
2022-09-05,1316.89917
2022-09-06,1316.89917
2022-09-07,1316.89917
2022-09-08,1316.89917
2022-09-09,1316.89917
2022-09-10,1316.89917
2022-09-11,1316.89917
2022-09-12,1316.89917
2022-09-13,1316.89917
2022-09-14,1316.89917
2022-09-15,1316.89917
2022-09-16,1316.89917
2022-09-17,1316.89917
2022-09-18,1316.89917
2022-09-19,1316.89917
2022-09-20,1316.89917
2022-09-21,1316.89917
2022-09-22,1316.89917
2022-09-23,1316.89917
2022-09-24,1316.89917
2022-09-25,1316.89917
2022-09-26,1316.89917
2022-09-27,1316.89917
2022-09-28,1316.89917
2022-09-29,1316.89917
2022-09-30,1316.89917
2022-10-01,1627.25809
2022-10-02,1627.25809
2022-10-03,1627.25809
2022-10-04,1627.25809
2022-10-05,1627.25809
2022-10-06,1627.25809
2022-10-07,1627.25809
2022-10-08,1627.25809
2022-10-09,1627.25809
2022-10-10,1627.25809
2022-10-11,1627.25809
2022-10-12,1627.25809
2022-10-13,1627.25809
2022-10-14,1627.25809
2022-10-15,1627.25809
2022-10-16,1627.25809
2022-10-17,1627.25809
2022-10-18,1627.25809
2022-10-19,1627.25809
2022-10-20,1627.25809
2022-10-21,1627.25809
2022-10-22,1627.25809
2022-10-23,1627.25809
2022-10-24,1627.25809
2022-10-25,1627.25809
2022-10-26,1627.25809
2022-10-27,1627.25809
2022-10-28,1627.25809
2022-10-29,1627.25809
2022-10-30,1627.25809
2022-10-31,1627.25809
2022-11-01,1790.95199
2022-11-02,1790.95199
2022-11-03,1790.95199
2022-11-04,1790.95199
2022-11-05,1790.95199
2022-11-06,1790.95199
2022-11-07,1790.95199
2022-11-08,1790.95199
2022-11-09,1790.95199
2022-11-10,1790.95199
2022-11-11,1790.95199
2022-11-12,1790.95199
2022-11-13,1790.95199
2022-11-14,1790.95199
2022-11-15,1790.95199
2022-11-16,1790.95199
2022-11-17,1790.95199
2022-11-18,1790.95199
2022-11-19,1790.95199
2022-11-20,1790.95199
2022-11-21,1790.95199
2022-11-22,1790.95199
2022-11-23,1790.95199
2022-11-24,1790.95199
2022-11-25,1790.95199
2022-11-26,1790.95199
2022-11-27,1790.95199
2022-11-28,1790.95199
2022-11-29,1790.95199
2022-11-30,1790.95199
2022-12-01,1339.84862
2022-12-02,1339.84862
2022-12-03,1339.84862
2022-12-04,1339.84862
2022-12-05,1339.84862
2022-12-06,1339.84862
2022-12-07,1339.84862
2022-12-08,1339.84862
2022-12-09,1339.84862
2022-12-10,1339.84862
2022-12-11,1339.84862
2022-12-12,1339.84862
2022-12-13,1339.84862
2022-12-14,1339.84862
2022-12-15,1339.84862
2022-12-16,1339.84862
2022-12-17,1339.84862
2022-12-18,1339.84862
2022-12-19,1339.84862
2022-12-20,1339.84862
2022-12-21,1339.84862
2022-12-22,1339.84862
2022-12-23,1339.84862
2022-12-24,1339.84862
2022-12-25,1339.84862
2022-12-26,1339.84862
2022-12-27,1339.84862
2022-12-28,1339.84862
2022-12-29,1339.84862
2022-12-30,1339.84862
2022-12-31,1339.84862
2023-01-01,1309.80228
2023-01-02,1309.80228
2023-01-03,1309.80228
2023-01-04,1309.80228
2023-01-05,1309.80228
2023-01-06,1309.80228
2023-01-07,1309.80228
2023-01-08,1309.80228
2023-01-09,1309.80228
2023-01-10,1309.80228
2023-01-11,1309.80228
2023-01-12,1309.80228
2023-01-13,1309.80228
2023-01-14,1309.80228
2023-01-15,1309.80228
2023-01-16,1309.80228
2023-01-17,1309.80228
2023-01-18,1309.80228
2023-01-19,1309.80228
2023-01-20,1309.80228
2023-01-21,1309.80228
2023-01-22,1309.80228
2023-01-23,1309.80228
2023-01-24,1309.80228
2023-01-25,1309.80228
2023-01-26,1309.80228
2023-01-27,1309.80228
2023-01-28,1309.80228
2023-01-29,1309.80228
2023-01-30,1309.80228
2023-01-31,1309.80228
2023-02-01,1169.11226
2023-02-02,1169.11226
2023-02-03,1169.11226
2023-02-04,1169.11226
2023-02-05,1169.11226
2023-02-06,1169.11226
2023-02-07,1169.11226
2023-02-08,1169.11226
2023-02-09,1169.11226
2023-02-10,1169.11226
2023-02-11,1169.11226
2023-02-12,1169.11226
2023-02-13,1169.11226
2023-02-14,1169.11226
2023-02-15,1169.11226
2023-02-16,1169.11226
2023-02-17,1169.11226
2023-02-18,1169.11226
2023-02-19,1169.11226
2023-02-20,1169.11226
2023-02-21,1169.11226
2023-02-22,1169.11226
2023-02-23,1169.11226
2023-02-24,1169.11226
2023-02-25,1169.11226
2023-02-26,1169.11226
2023-02-27,1169.11226
2023-02-28,1169.11226
2023-03-01,1236.87921
2023-03-02,1236.87921
2023-03-03,1236.87921
2023-03-04,1236.87921
2023-03-05,1236.87921
2023-03-06,1236.87921
2023-03-07,1236.87921
2023-03-08,1236.87921
2023-03-09,1236.87921
2023-03-10,1236.87921
2023-03-11,1236.87921
2023-03-12,1236.87921
2023-03-13,1236.87921
2023-03-14,1236.87921
2023-03-15,1236.87921
2023-03-16,1236.87921
2023-03-17,1236.87921
2023-03-18,1236.87921
2023-03-19,1236.87921
2023-03-20,1236.87921
2023-03-21,1236.87921
2023-03-22,1236.87921
2023-03-23,1236.87921
2023-03-24,1236.87921
2023-03-25,1236.87921
2023-03-26,1236.87921
2023-03-27,1236.87921
2023-03-28,1236.87921
2023-03-29,1236.87921
2023-03-30,1236.87921
2023-03-31,1236.87921
2023-04-01,1150.96906
2023-04-02,1150.96906
2023-04-03,1150.96906
2023-04-04,1150.96906
2023-04-05,1150.96906
2023-04-06,1150.96906
2023-04-07,1150.96906
2023-04-08,1150.96906
2023-04-09,1150.96906
2023-04-10,1150.96906
2023-04-11,1150.96906
2023-04-12,1150.96906
2023-04-13,1150.96906
2023-04-14,1150.96906
2023-04-15,1150.96906
2023-04-16,1150.96906
2023-04-17,1150.96906
2023-04-18,1150.96906
2023-04-19,1150.96906
2023-04-20,1150.96906
2023-04-21,1150.96906
2023-04-22,1150.96906
2023-04-23,1150.96906
2023-04-24,1150.96906
2023-04-25,1150.96906
2023-04-26,1150.96906
2023-04-27,1150.96906
2023-04-28,1150.96906
2023-04-29,1150.96906
2023-04-30,1150.96906
2023-05-01,1214.26884
2023-05-02,1214.26884
2023-05-03,1214.26884
2023-05-04,1214.26884
2023-05-05,1214.26884
2023-05-06,1214.26884
2023-05-07,1214.26884
2023-05-08,1214.26884
2023-05-09,1214.26884
2023-05-10,1214.26884
2023-05-11,1214.26884
2023-05-12,1214.26884
2023-05-13,1214.26884
2023-05-14,1214.26884
2023-05-15,1214.26884
2023-05-16,1214.26884
2023-05-17,1214.26884
2023-05-18,1214.26884
2023-05-19,1214.26884
2023-05-20,1214.26884
2023-05-21,1214.26884
2023-05-22,1214.26884
2023-05-23,1214.26884
2023-05-24,1214.26884
2023-05-25,1214.26884
2023-05-26,1214.26884
2023-05-27,1214.26884
2023-05-28,1214.26884
2023-05-29,1214.26884
2023-05-30,1214.26884
2023-05-31,1214.26884
2023-06-01,1137.34353
2023-06-02,1137.34353
2023-06-03,1137.34353
2023-06-04,1137.34353
2023-06-05,1137.34353
2023-06-06,1137.34353
2023-06-07,1137.34353
2023-06-08,1137.34353
2023-06-09,1137.34353
2023-06-10,1137.34353
2023-06-11,1137.34353
2023-06-12,1137.34353
2023-06-13,1137.34353
2023-06-14,1137.34353
2023-06-15,1137.34353
2023-06-16,1137.34353
2023-06-17,1137.34353
2023-06-18,1137.34353
2023-06-19,1137.34353
2023-06-20,1137.34353
2023-06-21,1137.34353
2023-06-22,1137.34353
2023-06-23,1137.34353
2023-06-24,1137.34353
2023-06-25,1137.34353
2023-06-26,1137.34353
2023-06-27,1137.34353
2023-06-28,1137.34353
2023-06-29,1137.34353
2023-06-30,1137.34353
2023-07-01,958.84979
2023-07-02,958.84979
2023-07-03,958.84979
2023-07-04,958.84979
2023-07-05,958.84979
2023-07-06,958.84979
2023-07-07,958.84979
2023-07-08,958.84979
2023-07-09,958.84979
2023-07-10,958.84979
2023-07-11,958.84979
2023-07-12,958.84979
2023-07-13,958.84979
2023-07-14,958.84979
2023-07-15,958.84979
2023-07-16,958.84979
2023-07-17,958.84979
2023-07-18,958.84979
2023-07-19,958.84979
2023-07-20,958.84979
2023-07-21,958.84979
2023-07-22,958.84979
2023-07-23,958.84979
2023-07-24,958.84979
2023-07-25,958.84979
2023-07-26,958.84979
2023-07-27,958.84979
2023-07-28,958.84979
2023-07-29,958.84979
2023-07-30,958.84979
2023-07-31,958.84979
2023-08-01,975.18949
2023-08-02,975.18949
2023-08-03,975.18949
2023-08-04,975.18949
2023-08-05,975.18949
2023-08-06,975.18949
2023-08-07,975.18949
2023-08-08,975.18949
2023-08-09,975.18949
2023-08-10,975.18949
2023-08-11,975.18949
2023-08-12,975.18949
2023-08-13,975.18949
2023-08-14,975.18949
2023-08-15,975.18949
2023-08-16,975.18949
2023-08-17,975.18949
2023-08-18,975.18949
2023-08-19,975.18949
2023-08-20,975.18949
2023-08-21,975.18949
2023-08-22,975.18949
2023-08-23,975.18949
2023-08-24,975.18949
2023-08-25,975.18949
2023-08-26,975.18949
2023-08-27,975.18949
2023-08-28,975.18949
2023-08-29,975.18949
2023-08-30,975.18949
2023-08-31,975.18949
2023-09-01,1064.94492
2023-09-02,1064.94492
2023-09-03,1064.94492
2023-09-04,1064.94492
2023-09-05,1064.94492
2023-09-06,1064.94492
2023-09-07,1064.94492
2023-09-08,1064.94492
2023-09-09,1064.94492
2023-09-10,1064.94492
2023-09-11,1064.94492
2023-09-12,1064.94492
2023-09-13,1064.94492
2023-09-14,1064.94492
2023-09-15,1064.94492
2023-09-16,1064.94492
2023-09-17,1064.94492
2023-09-18,1064.94492
2023-09-19,1064.94492
2023-09-20,1064.94492
2023-09-21,1064.94492
2023-09-22,1064.94492
2023-09-23,1064.94492
2023-09-24,1064.94492
2023-09-25,1064.94492
2023-09-26,1064.94492
2023-09-27,1064.94492
2023-09-28,1064.94492
2023-09-29,1064.94492
2023-09-30,1064.94492
2023-10-01,1066.64977
2023-10-02,1066.64977
2023-10-03,1066.64977
2023-10-04,1066.64977
2023-10-05,1066.64977
2023-10-06,1066.64977
2023-10-07,1066.64977
2023-10-08,1066.64977
2023-10-09,1066.64977
2023-10-10,1066.64977
2023-10-11,1066.64977
2023-10-12,1066.64977
2023-10-13,1066.64977
2023-10-14,1066.64977
2023-10-15,1066.64977
2023-10-16,1066.64977
2023-10-17,1066.64977
2023-10-18,1066.64977
2023-10-19,1066.64977
2023-10-20,1066.64977
2023-10-21,1066.64977
2023-10-22,1066.64977
2023-10-23,1066.64977
2023-10-24,1066.64977
2023-10-25,1066.64977
2023-10-26,1066.64977
2023-10-27,1066.64977
2023-10-28,1066.64977
2023-10-29,1066.64977
2023-10-30,1066.64977
2023-10-31,1066.64977
2023-11-01,1081.25092
2023-11-02,1081.25092
2023-11-03,1081.25092
2023-11-04,1081.25092
2023-11-05,1081.25092
2023-11-06,1081.25092
2023-11-07,1081.25092
2023-11-08,1081.25092
2023-11-09,1081.25092
2023-11-10,1081.25092
2023-11-11,1081.25092
2023-11-12,1081.25092
2023-11-13,1081.25092
2023-11-14,1081.25092
2023-11-15,1081.25092
2023-11-16,1081.25092
2023-11-17,1081.25092
2023-11-18,1081.25092
2023-11-19,1081.25092
2023-11-20,1081.25092
2023-11-21,1081.25092
2023-11-22,1081.25092
2023-11-23,1081.25092
2023-11-24,1081.25092
2023-11-25,1081.25092
2023-11-26,1081.25092
2023-11-27,1081.25092
2023-11-28,1081.25092
2023-11-29,1081.25092
2023-11-30,1081.25092
2023-12-01,1144.04344
2023-12-02,1144.04344
2023-12-03,1144.04344
2023-12-04,1144.04344
2023-12-05,1144.04344
2023-12-06,1144.04344
2023-12-07,1144.04344
2023-12-08,1144.04344
2023-12-09,1144.04344
2023-12-10,1144.04344
2023-12-11,1144.04344
2023-12-12,1144.04344
2023-12-13,1144.04344
2023-12-14,1144.04344
2023-12-15,1144.04344
2023-12-16,1144.04344
2023-12-17,1144.04344
2023-12-18,1144.04344
2023-12-19,1144.04344
2023-12-20,1144.04344
2023-12-21,1144.04344
2023-12-22,1144.04344
2023-12-23,1144.04344
2023-12-24,1144.04344
2023-12-25,1144.04344
2023-12-26,1144.04344
2023-12-27,1144.04344
2023-12-28,1144.04344
2023-12-29,1144.04344
2023-12-30,1144.04344
2023-12-31,1144.04344
2024-01-01,1045.08036
2024-01-02,1045.08036
2024-01-03,1045.08036
2024-01-04,1045.08036
2024-01-05,1045.08036
2024-01-06,1045.08036
2024-01-07,1045.08036
2024-01-08,1045.08036
2024-01-09,1045.08036
2024-01-10,1045.08036
2024-01-11,1045.08036
2024-01-12,1045.08036
2024-01-13,1045.08036
2024-01-14,1045.08036
2024-01-15,1045.08036
2024-01-16,1045.08036
2024-01-17,1045.08036
2024-01-18,1045.08036
2024-01-19,1045.08036
2024-01-20,1045.08036
2024-01-21,1045.08036
2024-01-22,1045.08036
2024-01-23,1045.08036
2024-01-24,1045.08036
2024-01-25,1045.08036
2024-01-26,1045.08036
2024-01-27,1045.08036
2024-01-28,1045.08036
2024-01-29,1045.08036
2024-01-30,1045.08036
2024-01-31,1045.08036
2024-02-01,1019.37387
2024-02-02,1019.37387
2024-02-03,1019.37387
2024-02-04,1019.37387
2024-02-05,1019.37387
2024-02-06,1019.37387
2024-02-07,1019.37387
2024-02-08,1019.37387
2024-02-09,1019.37387
2024-02-10,1019.37387
2024-02-11,1019.37387
2024-02-12,1019.37387
2024-02-13,1019.37387
2024-02-14,1019.37387
2024-02-15,1019.37387
2024-02-16,1019.37387
2024-02-17,1019.37387
2024-02-18,1019.37387
2024-02-19,1019.37387
2024-02-20,1019.37387
2024-02-21,1019.37387
2024-02-22,1019.37387
2024-02-23,1019.37387
2024-02-24,1019.37387
2024-02-25,1019.37387
2024-02-26,1019.37387
2024-02-27,1019.37387
2024-02-28,1019.37387
2024-02-29,1019.37387
2024-03-01,1034.44047
2024-03-02,1034.44047
2024-03-03,1034.44047
2024-03-04,1034.44047
2024-03-05,1034.44047
2024-03-06,1034.44047
2024-03-07,1034.44047
2024-03-08,1034.44047
2024-03-09,1034.44047
2024-03-10,1034.44047
2024-03-11,1034.44047
2024-03-12,1034.44047
2024-03-13,1034.44047
2024-03-14,1034.44047
2024-03-15,1034.44047
2024-03-16,1034.44047
2024-03-17,1034.44047
2024-03-18,1034.44047
2024-03-19,1034.44047
2024-03-20,1034.44047
2024-03-21,1034.44047
2024-03-22,1034.44047
2024-03-23,1034.44047
2024-03-24,1034.44047
2024-03-25,1034.44047
2024-03-26,1034.44047
2024-03-27,1034.44047
2024-03-28,1034.44047
2024-03-29,1034.44047
2024-03-30,1034.44047
2024-03-31,1034.44047
2024-04-01,1056.62215
2024-04-02,1056.62215
2024-04-03,1056.62215
2024-04-04,1056.62215
2024-04-05,1056.62215
2024-04-06,1056.62215
2024-04-07,1056.62215
2024-04-08,1056.62215
2024-04-09,1056.62215
2024-04-10,1056.62215
2024-04-11,1056.62215
2024-04-12,1056.62215
2024-04-13,1056.62215
2024-04-14,1056.62215
2024-04-15,1056.62215
2024-04-16,1056.62215
2024-04-17,1056.62215
2024-04-18,1056.62215
2024-04-19,1056.62215
2024-04-20,1056.62215
2024-04-21,1056.62215
2024-04-22,1056.62215
2024-04-23,1056.62215
2024-04-24,1056.62215
2024-04-25,1056.62215
2024-04-26,1056.62215
2024-04-27,1056.62215
2024-04-28,1056.62215
2024-04-29,1056.62215
2024-04-30,1056.62215
2024-05-01,993.76004
2024-05-02,993.76004
2024-05-03,993.76004
2024-05-04,993.76004
2024-05-05,993.76004
2024-05-06,993.76004
2024-05-07,993.76004
2024-05-08,993.76004
2024-05-09,993.76004
2024-05-10,993.76004
2024-05-11,993.76004
2024-05-12,993.76004
2024-05-13,993.76004
2024-05-14,993.76004
2024-05-15,993.76004
2024-05-16,993.76004
2024-05-17,993.76004
2024-05-18,993.76004
2024-05-19,993.76004
2024-05-20,993.76004
2024-05-21,993.76004
2024-05-22,993.76004
2024-05-23,993.76004
2024-05-24,993.76004
2024-05-25,993.76004
2024-05-26,993.76004
2024-05-27,993.76004
2024-05-28,993.76004
2024-05-29,993.76004
2024-05-30,993.76004
2024-05-31,993.76004
2024-06-01,975.89794
2024-06-02,975.89794
2024-06-03,975.89794
2024-06-04,975.89794
2024-06-05,975.89794
2024-06-06,975.89794
2024-06-07,975.89794
2024-06-08,975.89794
2024-06-09,975.89794
2024-06-10,975.89794
2024-06-11,975.89794
2024-06-12,975.89794
2024-06-13,975.89794
2024-06-14,975.89794
2024-06-15,975.89794
2024-06-16,975.89794
2024-06-17,975.89794
2024-06-18,975.89794
2024-06-19,975.89794
2024-06-20,975.89794
2024-06-21,975.89794
2024-06-22,975.89794
2024-06-23,975.89794
2024-06-24,975.89794
2024-06-25,975.89794
2024-06-26,975.89794
2024-06-27,975.89794
2024-06-28,975.89794
2024-06-29,975.89794
2024-06-30,975.89794
2024-07-01,951.25229
2024-07-02,951.25229
2024-07-03,951.25229
2024-07-04,951.25229
2024-07-05,951.25229
2024-07-06,951.25229
2024-07-07,951.25229
2024-07-08,951.25229
2024-07-09,951.25229
2024-07-10,951.25229
2024-07-11,951.25229
2024-07-12,951.25229
2024-07-13,951.25229
2024-07-14,951.25229
2024-07-15,951.25229
2024-07-16,951.25229
2024-07-17,951.25229
2024-07-18,951.25229
2024-07-19,951.25229
2024-07-20,951.25229
2024-07-21,951.25229
2024-07-22,951.25229
2024-07-23,951.25229
2024-07-24,951.25229
2024-07-25,951.25229
2024-07-26,951.25229
2024-07-27,951.25229
2024-07-28,951.25229
2024-07-29,951.25229
2024-07-30,951.25229
2024-07-31,951.25229
2024-08-01,920.81738
2024-08-02,920.81738
2024-08-03,920.81738
2024-08-04,920.81738
2024-08-05,920.81738
2024-08-06,920.81738
2024-08-07,920.81738
2024-08-08,920.81738
2024-08-09,920.81738
2024-08-10,920.81738
2024-08-11,920.81738
2024-08-12,920.81738
2024-08-13,920.81738
2024-08-14,920.81738
2024-08-15,920.81738
2024-08-16,920.81738
2024-08-17,920.81738
2024-08-18,920.81738
2024-08-19,920.81738
2024-08-20,920.81738
2024-08-21,920.81738
2024-08-22,920.81738
2024-08-23,920.81738
2024-08-24,920.81738
2024-08-25,920.81738
2024-08-26,920.81738
2024-08-27,920.81738
2024-08-28,920.81738
2024-08-29,920.81738
2024-08-30,920.81738
2024-08-31,920.81738
2024-09-01,932.49018
2024-09-02,932.49018
2024-09-03,932.49018
2024-09-04,932.49018
2024-09-05,932.49018
2024-09-06,932.49018
2024-09-07,932.49018
2024-09-08,932.49018
2024-09-09,932.49018
2024-09-10,932.49018
2024-09-11,932.49018
2024-09-12,932.49018
2024-09-13,932.49018
2024-09-14,932.49018
2024-09-15,932.49018
2024-09-16,932.49018
2024-09-17,932.49018
2024-09-18,932.49018
2024-09-19,932.49018
2024-09-20,932.49018
2024-09-21,932.49018
2024-09-22,932.49018
2024-09-23,932.49018
2024-09-24,932.49018
2024-09-25,932.49018
2024-09-26,932.49018
2024-09-27,932.49018
2024-09-28,932.49018
2024-09-29,932.49018
2024-09-30,932.49018
2024-10-01,945.3104
2024-10-02,945.3104
2024-10-03,945.3104
2024-10-04,945.3104
2024-10-05,945.3104
2024-10-06,945.3104
2024-10-07,945.3104
2024-10-08,945.3104
2024-10-09,945.3104
2024-10-10,945.3104
2024-10-11,945.3104
2024-10-12,945.3104
2024-10-13,945.3104
2024-10-14,945.3104
2024-10-15,945.3104
2024-10-16,945.3104
2024-10-17,945.3104
2024-10-18,945.3104
2024-10-19,945.3104
2024-10-20,945.3104
2024-10-21,945.3104
2024-10-22,945.3104
2024-10-23,945.3104
2024-10-24,945.3104
2024-10-25,945.3104
2024-10-26,945.3104
2024-10-27,945.3104
2024-10-28,945.3104
2024-10-29,945.3104
2024-10-30,945.3104
2024-10-31,945.3104
2024-11-01,936.05983
2024-11-02,936.05983
2024-11-03,936.05983
2024-11-04,936.05983
2024-11-05,936.05983
2024-11-06,936.05983
2024-11-07,936.05983
2024-11-08,936.05983
2024-11-09,936.05983
2024-11-10,936.05983
2024-11-11,936.05983
2024-11-12,936.05983
2024-11-13,936.05983
2024-11-14,936.05983
2024-11-15,936.05983
2024-11-16,936.05983
2024-11-17,936.05983
2024-11-18,936.05983
2024-11-19,936.05983
2024-11-20,936.05983
2024-11-21,936.05983
2024-11-22,936.05983
2024-11-23,936.05983
2024-11-24,936.05983
2024-11-25,936.05983
2024-11-26,936.05983
2024-11-27,936.05983
2024-11-28,936.05983
2024-11-29,936.05983
2024-11-30,936.05983
2024-12-01,948.84506
2024-12-02,948.84506
2024-12-03,948.84506
2024-12-04,948.84506
2024-12-05,948.84506
2024-12-06,948.84506
2024-12-07,948.84506
2024-12-08,948.84506
2024-12-09,948.84506
2024-12-10,948.84506
2024-12-11,948.84506
2024-12-12,948.84506
2024-12-13,948.84506
2024-12-14,948.84506
2024-12-15,948.84506
2024-12-16,948.84506
2024-12-17,948.84506
2024-12-18,948.84506
2024-12-19,948.84506
2024-12-20,948.84506
2024-12-21,948.84506
2024-12-22,948.84506
2024-12-23,948.84506
2024-12-24,948.84506
2024-12-25,948.84506
2024-12-26,948.84506
2024-12-27,948.84506
2024-12-28,948.84506
2024-12-29,948.84506
2024-12-30,948.84506
2024-12-31,948.84506
2025-01-01,951.76223
2025-01-02,951.76223
2025-01-03,951.76223
2025-01-04,951.76223
2025-01-05,951.76223
2025-01-06,951.76223
2025-01-07,951.76223
2025-01-08,951.76223
2025-01-09,951.76223
2025-01-10,951.76223
2025-01-11,951.76223
2025-01-12,951.76223
2025-01-13,951.76223
2025-01-14,951.76223
2025-01-15,951.76223
2025-01-16,951.76223
2025-01-17,951.76223
2025-01-18,951.76223
2025-01-19,951.76223
2025-01-20,951.76223
2025-01-21,951.76223
2025-01-22,951.76223
2025-01-23,951.76223
2025-01-24,951.76223
2025-01-25,951.76223
2025-01-26,951.76223
2025-01-27,951.76223
2025-01-28,951.76223
2025-01-29,951.76223
2025-01-30,951.76223
2025-01-31,951.76223
2025-02-01,970.59124
2025-02-02,970.59124
2025-02-03,970.59124
2025-02-04,970.59124
2025-02-05,970.59124
2025-02-06,970.59124
2025-02-07,970.59124
2025-02-08,970.59124
2025-02-09,970.59124
2025-02-10,970.59124
2025-02-11,970.59124
2025-02-12,970.59124
2025-02-13,970.59124
2025-02-14,970.59124
2025-02-15,970.59124
2025-02-16,970.59124
2025-02-17,970.59124
2025-02-18,970.59124
2025-02-19,970.59124
2025-02-20,970.59124
2025-02-21,970.59124
2025-02-22,970.59124
2025-02-23,970.59124
2025-02-24,970.59124
2025-02-25,970.59124
2025-02-26,970.59124
2025-02-27,970.59124
2025-02-28,970.59124
2025-03-01,937.30314
2025-03-02,937.30314
2025-03-03,937.30314
2025-03-04,937.30314
2025-03-05,937.30314
2025-03-06,937.30314
2025-03-07,937.30314
2025-03-08,937.30314
2025-03-09,937.30314
2025-03-10,937.30314
2025-03-11,937.30314
2025-03-12,937.30314
2025-03-13,937.30314
2025-03-14,937.30314
2025-03-15,937.30314
2025-03-16,937.30314
2025-03-17,937.30314
2025-03-18,937.30314
2025-03-19,937.30314
2025-03-20,937.30314
2025-03-21,937.30314
2025-03-22,937.30314
2025-03-23,937.30314
2025-03-24,937.30314
2025-03-25,937.30314
2025-03-26,937.30314
2025-03-27,937.30314
2025-03-28,937.30314
2025-03-29,937.30314
2025-03-30,937.30314
2025-03-31,937.30314
2025-04-01,928.32872
2025-04-02,928.32872
2025-04-03,928.32872
2025-04-04,928.32872
2025-04-05,928.32872
2025-04-06,928.32872
2025-04-07,928.32872
2025-04-08,928.32872
2025-04-09,928.32872
2025-04-10,928.32872
2025-04-11,928.32872
2025-04-12,928.32872
2025-04-13,928.32872
2025-04-14,928.32872
2025-04-15,928.32872
2025-04-16,928.32872
2025-04-17,928.32872
2025-04-18,928.32872
2025-04-19,928.32872
2025-04-20,928.32872
2025-04-21,928.32872
2025-04-22,928.32872
2025-04-23,928.32872
2025-04-24,928.32872
2025-04-25,928.32872
2025-04-26,928.32872
2025-04-27,928.32872
2025-04-28,928.32872
2025-04-29,928.32872
2025-04-30,928.32872
2025-05-01,891.21776
2025-05-02,891.21776
2025-05-03,891.21776
2025-05-04,891.21776
2025-05-05,891.21776
2025-05-06,891.21776
2025-05-07,891.21776
2025-05-08,891.21776
2025-05-09,891.21776
2025-05-10,891.21776
2025-05-11,891.21776
2025-05-12,891.21776
2025-05-13,891.21776
2025-05-14,891.21776
2025-05-15,891.21776
2025-05-16,891.21776
2025-05-17,891.21776
2025-05-18,891.21776
2025-05-19,891.21776
2025-05-20,891.21776
2025-05-21,891.21776
2025-05-22,891.21776
2025-05-23,891.21776
2025-05-24,891.21776
2025-05-25,891.21776
2025-05-26,891.21776
2025-05-27,891.21776
2025-05-28,891.21776
2025-05-29,891.21776
2025-05-30,891.21776
2025-05-31,891.21776
2025-06-01,858.79013
2025-06-02,858.79013
2025-06-03,858.79013
2025-06-04,858.79013
2025-06-05,858.79013
2025-06-06,858.79013
2025-06-07,858.79013
2025-06-08,858.79013
2025-06-09,858.79013
2025-06-10,858.79013
2025-06-11,858.79013
2025-06-12,858.79013
2025-06-13,858.79013
2025-06-14,858.79013
2025-06-15,858.79013
2025-06-16,858.79013
2025-06-17,858.79013
2025-06-18,858.79013
2025-06-19,858.79013
2025-06-20,858.79013
2025-06-21,858.79013
2025-06-22,858.79013
2025-06-23,858.79013
2025-06-24,858.79013
2025-06-25,858.79013
2025-06-26,858.79013
2025-06-27,858.79013
2025-06-28,858.79013
2025-06-29,858.79013
2025-06-30,858.79013
2025-07-01,865.22053
2025-07-02,865.22053
2025-07-03,865.22053
2025-07-04,865.22053
2025-07-05,865.22053
2025-07-06,865.22053
2025-07-07,865.22053
2025-07-08,865.22053
2025-07-09,865.22053
2025-07-10,865.22053
2025-07-11,865.22053
2025-07-12,865.22053
2025-07-13,865.22053
2025-07-14,865.22053
2025-07-15,865.22053
2025-07-16,865.22053
2025-07-17,865.22053
2025-07-18,865.22053
2025-07-19,865.22053
2025-07-20,865.22053
2025-07-21,865.22053
2025-07-22,865.22053
2025-07-23,865.22053
2025-07-24,865.22053
2025-07-25,865.22053
2025-07-26,865.22053
2025-07-27,865.22053
2025-07-28,865.22053
2025-07-29,865.22053
2025-07-30,865.22053
2025-07-31,865.22053
2025-08-01,898.02172
2025-08-02,898.02172
2025-08-03,898.02172
2025-08-04,898.02172
2025-08-05,898.02172
2025-08-06,898.02172
2025-08-07,898.02172
2025-08-08,898.02172
2025-08-09,898.02172
2025-08-10,898.02172
2025-08-11,898.02172
2025-08-12,898.02172
2025-08-13,898.02172
2025-08-14,898.02172
2025-08-15,898.02172
2025-08-16,898.02172
2025-08-17,898.02172
2025-08-18,898.02172
2025-08-19,898.02172
2025-08-20,898.02172
2025-08-21,898.02172
2025-08-22,898.02172
2025-08-23,898.02172
2025-08-24,898.02172
2025-08-25,898.02172
2025-08-26,898.02172
2025-08-27,898.02172
2025-08-28,898.02172
2025-08-29,898.02172
2025-08-30,898.02172
2025-08-31,898.02172
2025-09-01,893.85368
2025-09-02,893.85368
2025-09-03,893.85368
2025-09-04,893.85368
2025-09-05,893.85368
2025-09-06,893.85368
2025-09-07,893.85368
2025-09-08,893.85368
2025-09-09,893.85368
2025-09-10,893.85368
2025-09-11,893.85368
2025-09-12,893.85368
2025-09-13,893.85368
2025-09-14,893.85368
2025-09-15,893.85368
2025-09-16,893.85368
2025-09-17,893.85368
2025-09-18,893.85368
2025-09-19,893.85368
2025-09-20,893.85368
2025-09-21,893.85368
2025-09-22,893.85368
2025-09-23,893.85368
2025-09-24,893.85368
2025-09-25,893.85368
2025-09-26,893.85368
2025-09-27,893.85368
2025-09-28,893.85368
2025-09-29,893.85368
2025-09-30,893.85368
2025-10-01,857.21111
2025-10-02,857.21111
2025-10-03,857.21111
2025-10-04,857.21111
2025-10-05,857.21111
2025-10-06,857.21111
2025-10-07,857.21111
2025-10-08,857.21111
2025-10-09,857.21111
2025-10-10,857.21111
2025-10-11,857.21111
2025-10-12,857.21111
2025-10-13,857.21111
2025-10-14,857.21111
2025-10-15,857.21111
2025-10-16,857.21111
2025-10-17,857.21111
2025-10-18,857.21111
2025-10-19,857.21111
2025-10-20,857.21111
2025-10-21,857.21111
2025-10-22,857.21111
2025-10-23,857.21111
2025-10-24,857.21111
2025-10-25,857.21111
2025-10-26,857.21111
2025-10-27,857.21111
2025-10-28,857.21111
2025-10-29,857.21111
2025-10-30,857.21111
2025-10-31,857.21111
2025-11-01,829.27159
2025-11-02,829.27159
2025-11-03,829.27159
2025-11-04,829.27159
2025-11-05,829.27159
2025-11-06,829.27159
2025-11-07,829.27159
2025-11-08,829.27159
2025-11-09,829.27159
2025-11-10,829.27159
2025-11-11,829.27159
2025-11-12,829.27159
2025-11-13,829.27159
2025-11-14,829.27159
2025-11-15,829.27159
2025-11-16,829.27159
2025-11-17,829.27159
2025-11-18,829.27159
2025-11-19,829.27159
2025-11-20,829.27159
2025-11-21,829.27159
2025-11-22,829.27159
2025-11-23,829.27159
2025-11-24,829.27159
2025-11-25,829.27159
2025-11-26,829.27159
2025-11-27,829.27159
2025-11-28,829.27159
2025-11-29,829.27159
2025-11-30,829.27159
2025-12-01,864.90885
2025-12-02,864.90885
2025-12-03,864.90885
2025-12-04,864.90885
2025-12-05,864.90885
2025-12-06,864.90885
2025-12-07,864.90885
2025-12-08,864.90885
2025-12-09,864.90885
2025-12-10,864.90885
2025-12-11,864.90885
2025-12-12,864.90885
2025-12-13,864.90885
2025-12-14,864.90885
2025-12-15,864.90885
2025-12-16,864.90885
2025-12-17,864.90885
2025-12-18,864.90885
2025-12-19,864.90885
2025-12-20,864.90885
2025-12-21,864.90885
2025-12-22,864.90885
2025-12-23,864.90885
2025-12-24,864.90885
2025-12-25,864.90885
2025-12-26,864.90885
2025-12-27,864.90885
2025-12-28,864.90885
2025-12-29,864.90885
2025-12-30,864.90885
2025-12-31,864.90885
2026-01-01,830.33514
2026-01-02,830.33514
2026-01-03,830.33514
2026-01-04,830.33514
2026-01-05,830.33514
2026-01-06,830.33514
2026-01-07,830.33514
2026-01-08,830.33514
2026-01-09,830.33514
2026-01-10,830.33514
2026-01-11,830.33514
2026-01-12,830.33514
2026-01-13,830.33514
2026-01-14,830.33514
2026-01-15,830.33514
2026-01-16,830.33514
2026-01-17,830.33514
2026-01-18,830.33514
2026-01-19,830.33514
2026-01-20,830.33514
2026-01-21,830.33514
2026-01-22,830.33514
2026-01-23,830.33514
2026-01-24,830.33514
2026-01-25,830.33514
2026-01-26,830.33514
2026-01-27,830.33514
2026-01-28,830.33514
2026-01-29,830.33514
2026-01-30,830.33514
2026-01-31,830.33514
2026-02-01,821.82952
2026-02-02,821.82952
2026-02-03,821.82952
2026-02-04,821.82952
2026-02-05,821.82952
2026-02-06,821.82952
2026-02-07,821.82952
2026-02-08,821.82952
2026-02-09,821.82952
2026-02-10,821.82952
2026-02-11,821.82952
2026-02-12,821.82952
2026-02-13,821.82952
2026-02-14,821.82952
2026-02-15,821.82952
2026-02-16,821.82952
2026-02-17,821.82952
2026-02-18,821.82952
2026-02-19,821.82952
2026-02-20,821.82952
2026-02-21,821.82952
2026-02-22,821.82952
2026-02-23,821.82952
2026-02-24,821.82952
2026-02-25,821.82952
2026-02-26,821.82952
2026-02-27,821.82952
2026-02-28,821.82952
2026-03-01,830.61817
2026-03-02,830.61817
2026-03-03,830.61817
2026-03-04,830.61817
2026-03-05,830.61817
2026-03-06,830.61817
2026-03-07,830.61817
2026-03-08,830.61817
2026-03-09,830.61817
2026-03-10,830.61817
2026-03-11,830.61817
2026-03-12,830.61817
2026-03-13,830.61817
2026-03-14,830.61817
2026-03-15,830.61817
2026-03-16,830.61817
2026-03-17,830.61817
2026-03-18,830.61817
2026-03-19,830.61817
2026-03-20,830.61817
2026-03-21,830.61817
2026-03-22,830.61817
2026-03-23,830.61817
2026-03-24,830.61817
2026-03-25,830.61817
2026-03-26,830.61817
2026-03-27,830.61817
2026-03-28,830.61817
2026-03-29,830.61817
2026-03-30,830.61817
2026-03-31,830.61817
2026-04-01,1128.45681
2026-04-02,1128.45681
2026-04-03,1128.45681
2026-04-04,1128.45681
2026-04-05,1128.45681
2026-04-06,1128.45681
2026-04-07,1128.45681
2026-04-08,1128.45681
2026-04-09,1128.45681
2026-04-10,1128.45681
2026-04-11,1128.45681
2026-04-12,1128.45681
2026-04-13,1128.45681
2026-04-14,1128.45681
2026-04-15,1128.45681
2026-04-16,1128.45681
2026-04-17,1128.45681
2026-04-18,1128.45681
2026-04-19,1128.45681
2026-04-20,1128.45681
2026-04-21,1128.45681
2026-04-22,1128.45681
2026-04-23,1128.45681
2026-04-24,1128.45681
2026-04-25,1128.45681
2026-04-26,1128.45681
2026-04-27,1128.45681
2026-04-28,1128.45681
2026-04-29,1128.45681
2026-04-30,1128.45681
2026-05-01,1160.72081
2026-05-02,1160.72081
2026-05-03,1160.72081
2026-05-04,1160.72081
2026-05-05,1160.72081
2026-05-06,1160.72081
2026-05-07,1160.72081
2026-05-08,1160.72081
2026-05-09,1160.72081
2026-05-10,1160.72081
2026-05-11,1160.72081
2026-05-12,1160.72081
2026-05-13,1160.72081
2026-05-14,1160.72081
2026-05-15,1160.72081
2026-05-16,1160.72081
2026-05-17,1160.72081
2026-05-18,1160.72081
2026-05-19,1160.72081
2026-05-20,1160.72081
2026-05-21,1160.72081
2026-05-22,1160.72081
2026-05-23,1160.72081
2026-05-24,1160.72081
2026-05-25,1160.72081
2026-05-26,1160.72081
2026-05-27,1160.72081
2026-05-28,1160.72081
2026-05-29,1160.72081
2026-05-30,1160.72081
2026-05-31,1160.72081
2026-06-01,1303.93788
2026-06-02,1303.93788
2026-06-03,1303.93788
2026-06-04,1303.93788
2026-06-05,1303.93788
2026-06-06,1303.93788
2026-06-07,1303.93788
2026-06-08,1303.93788
2026-06-09,1303.93788
2026-06-10,1303.93788
2026-06-11,1303.93788
2026-06-12,1303.93788
2026-06-13,1303.93788
2026-06-14,1303.93788
2026-06-15,1303.93788
2026-06-16,1303.93788
2026-06-17,1303.93788
2026-06-18,1303.93788
2026-06-19,1303.93788
2026-06-20,1303.93788
2026-06-21,1303.93788
2026-06-22,1303.93788
2026-06-23,1303.93788
2026-06-24,1303.93788
2026-06-25,1303.93788
2026-06-26,1303.93788
2026-06-27,1303.93788
2026-06-28,1303.93788
2026-06-29,1303.93788
2026-06-30,1303.93788
2026-07-01,1221.30934
2026-07-02,1221.30934
2026-07-03,1221.30934
2026-07-04,1221.30934
2026-07-05,1221.30934
2026-07-06,1221.30934
2026-07-07,1221.30934
2026-07-08,1221.30934
2026-07-09,1221.30934
2026-07-10,1221.30934
2026-07-11,1221.30934
2026-07-12,1221.30934
2026-07-13,1221.30934
2026-07-14,1221.30934
2026-07-15,1221.30934
2026-07-16,1221.30934
2026-07-17,1221.30934
2026-07-18,1221.30934
2026-07-19,1221.30934
2026-07-20,1221.30934
2026-07-21,1221.30934
2026-07-22,1221.30934
2026-07-23,1221.30934
2026-07-24,1221.30934
2026-07-25,1221.30934
2026-07-26,1221.30934
2026-07-27,1221.30934
2026-07-28,1221.30934
2026-07-29,1221.30934
2026-07-30,1221.30934
2026-07-31,1221.30934
2026-08-01,1092.7582
2026-08-02,1092.7582
2026-08-03,1092.7582
2026-08-04,1092.7582
2026-08-05,1092.7582
2026-08-06,1092.7582
2026-08-07,1092.7582
