fecha_hora,precio_escasez
2019-01-01,482.10127
2019-01-02,482.10127
2019-01-03,482.10127
2019-01-04,482.10127
2019-01-05,482.10127
2019-01-06,482.10127
2019-01-07,482.10127
2019-01-08,482.10127
2019-01-09,482.10127
2019-01-10,482.10127
2019-01-11,482.10127
2019-01-12,482.10127
2019-01-13,482.10127
2019-01-14,482.10127
2019-01-15,482.10127
2019-01-16,482.10127
2019-01-17,482.10127
2019-01-18,482.10127
2019-01-19,482.10127
2019-01-20,482.10127
2019-01-21,482.10127
2019-01-22,482.10127
2019-01-23,482.10127
2019-01-24,482.10127
2019-01-25,482.10127
2019-01-26,482.10127
2019-01-27,482.10127
2019-01-28,482.10127
2019-01-29,482.10127
2019-01-30,482.10127
2019-01-31,482.10127
2019-02-01,461.02464
2019-02-02,461.02464
2019-02-03,461.02464
2019-02-04,461.02464
2019-02-05,461.02464
2019-02-06,461.02464
2019-02-07,461.02464
2019-02-08,461.02464
2019-02-09,461.02464
2019-02-10,461.02464
2019-02-11,461.02464
2019-02-12,461.02464
2019-02-13,461.02464
2019-02-14,461.02464
2019-02-15,461.02464
2019-02-16,461.02464
2019-02-17,461.02464
2019-02-18,461.02464
2019-02-19,461.02464
2019-02-20,461.02464
2019-02-21,461.02464
2019-02-22,461.02464
2019-02-23,461.02464
2019-02-24,461.02464
2019-02-25,461.02464
2019-02-26,461.02464
2019-02-27,461.02464
2019-02-28,461.02464
2019-03-01,489.46799
2019-03-02,489.46799
2019-03-03,489.46799
2019-03-04,489.46799
2019-03-05,489.46799
2019-03-06,489.46799
2019-03-07,489.46799
2019-03-08,489.46799
2019-03-09,489.46799
2019-03-10,489.46799
2019-03-11,489.46799
2019-03-12,489.46799
2019-03-13,489.46799
2019-03-14,489.46799
2019-03-15,489.46799
2019-03-16,489.46799
2019-03-17,489.46799
2019-03-18,489.46799
2019-03-19,489.46799
2019-03-20,489.46799
2019-03-21,489.46799
2019-03-22,489.46799
2019-03-23,489.46799
2019-03-24,489.46799
2019-03-25,489.46799
2019-03-26,489.46799
2019-03-27,489.46799
2019-03-28,489.46799
2019-03-29,489.46799
2019-03-30,489.46799
2019-03-31,489.46799
2019-04-01,522.81632
2019-04-02,522.81632
2019-04-03,522.81632
2019-04-04,522.81632
2019-04-05,522.81632
2019-04-06,522.81632
2019-04-07,522.81632
2019-04-08,522.81632
2019-04-09,522.81632
2019-04-10,522.81632
2019-04-11,522.81632
2019-04-12,522.81632
2019-04-13,522.81632
2019-04-14,522.81632
2019-04-15,522.81632
2019-04-16,522.81632
2019-04-17,522.81632
2019-04-18,522.81632
2019-04-19,522.81632
2019-04-20,522.81632
2019-04-21,522.81632
2019-04-22,522.81632
2019-04-23,522.81632
2019-04-24,522.81632
2019-04-25,522.81632
2019-04-26,522.81632
2019-04-27,522.81632
2019-04-28,522.81632
2019-04-29,522.81632
2019-04-30,522.81632
2019-05-01,536.21355
2019-05-02,536.21355
2019-05-03,536.21355
2019-05-04,536.21355
2019-05-05,536.21355
2019-05-06,536.21355
2019-05-07,536.21355
2019-05-08,536.21355
2019-05-09,536.21355
2019-05-10,536.21355
2019-05-11,536.21355
2019-05-12,536.21355
2019-05-13,536.21355
2019-05-14,536.21355
2019-05-15,536.21355
2019-05-16,536.21355
2019-05-17,536.21355
2019-05-18,536.21355
2019-05-19,536.21355
2019-05-20,536.21355
2019-05-21,536.21355
2019-05-22,536.21355
2019-05-23,536.21355
2019-05-24,536.21355
2019-05-25,536.21355
2019-05-26,536.21355
2019-05-27,536.21355
2019-05-28,536.21355
2019-05-29,536.21355
2019-05-30,536.21355
2019-05-31,536.21355
2019-06-01,560.23492
2019-06-02,560.23492
2019-06-03,560.23492
2019-06-04,560.23492
2019-06-05,560.23492
2019-06-06,560.23492
2019-06-07,560.23492
2019-06-08,560.23492
2019-06-09,560.23492
2019-06-10,560.23492
2019-06-11,560.23492
2019-06-12,560.23492
2019-06-13,560.23492
2019-06-14,560.23492
2019-06-15,560.23492
2019-06-16,560.23492
2019-06-17,560.23492
2019-06-18,560.23492
2019-06-19,560.23492
2019-06-20,560.23492
2019-06-21,560.23492
2019-06-22,560.23492
2019-06-23,560.23492
2019-06-24,560.23492
2019-06-25,560.23492
2019-06-26,560.23492
2019-06-27,560.23492
2019-06-28,560.23492
2019-06-29,560.23492
2019-06-30,560.23492
2019-07-01,513.23847
2019-07-02,513.23847
2019-07-03,513.23847
2019-07-04,513.23847
2019-07-05,513.23847
2019-07-06,513.23847
2019-07-07,513.23847
2019-07-08,513.23847
2019-07-09,513.23847
2019-07-10,513.23847
2019-07-11,513.23847
2019-07-12,513.23847
2019-07-13,513.23847
2019-07-14,513.23847
2019-07-15,513.23847
2019-07-16,513.23847
2019-07-17,513.23847
2019-07-18,513.23847
2019-07-19,513.23847
2019-07-20,513.23847
2019-07-21,513.23847
2019-07-22,513.23847
2019-07-23,513.23847
2019-07-24,513.23847
2019-07-25,513.23847
2019-07-26,513.23847
2019-07-27,513.23847
2019-07-28,513.23847
2019-07-29,513.23847
2019-07-30,513.23847
2019-07-31,513.23847
2019-08-01,533.84049
2019-08-02,533.84049
2019-08-03,533.84049
2019-08-04,533.84049
2019-08-05,533.84049
2019-08-06,533.84049
2019-08-07,533.84049
2019-08-08,533.84049
2019-08-09,533.84049
2019-08-10,533.84049
2019-08-11,533.84049
2019-08-12,533.84049
2019-08-13,533.84049
2019-08-14,533.84049
2019-08-15,533.84049
2019-08-16,533.84049
2019-08-17,533.84049
2019-08-18,533.84049
2019-08-19,533.84049
2019-08-20,533.84049
2019-08-21,533.84049
2019-08-22,533.84049
2019-08-23,533.84049
2019-08-24,533.84049
2019-08-25,533.84049
2019-08-26,533.84049
2019-08-27,533.84049
2019-08-28,533.84049
2019-08-29,533.84049
2019-08-30,533.84049
2019-08-31,533.84049
2019-09-01,525.52916
2019-09-02,525.52916
2019-09-03,525.52916
2019-09-04,525.52916
2019-09-05,525.52916
2019-09-06,525.52916
2019-09-07,525.52916
2019-09-08,525.52916
2019-09-09,525.52916
2019-09-10,525.52916
2019-09-11,525.52916
2019-09-12,525.52916
2019-09-13,525.52916
2019-09-14,525.52916
2019-09-15,525.52916
2019-09-16,525.52916
2019-09-17,525.52916
2019-09-18,525.52916
2019-09-19,525.52916
2019-09-20,525.52916
2019-09-21,525.52916
2019-09-22,525.52916
2019-09-23,525.52916
2019-09-24,525.52916
2019-09-25,525.52916
2019-09-26,525.52916
2019-09-27,525.52916
2019-09-28,525.52916
2019-09-29,525.52916
2019-09-30,525.52916
2019-10-01,549.97331
2019-10-02,549.97331
2019-10-03,549.97331
2019-10-04,549.97331
2019-10-05,549.97331
2019-10-06,549.97331
2019-10-07,549.97331
2019-10-08,549.97331
2019-10-09,549.97331
2019-10-10,549.97331
2019-10-11,549.97331
2019-10-12,549.97331
2019-10-13,549.97331
2019-10-14,549.97331
2019-10-15,549.97331
2019-10-16,549.97331
2019-10-17,549.97331
2019-10-18,549.97331
2019-10-19,549.97331
2019-10-20,549.97331
2019-10-21,549.97331
2019-10-22,549.97331
2019-10-23,549.97331
2019-10-24,549.97331
2019-10-25,549.97331
2019-10-26,549.97331
2019-10-27,549.97331
2019-10-28,549.97331
2019-10-29,549.97331
2019-10-30,549.97331
2019-10-31,549.97331
2019-11-01,569.44505
2019-11-02,569.44505
2019-11-03,569.44505
2019-11-04,569.44505
2019-11-05,569.44505
2019-11-06,569.44505
2019-11-07,569.44505
2019-11-08,569.44505
2019-11-09,569.44505
2019-11-10,569.44505
2019-11-11,569.44505
2019-11-12,569.44505
2019-11-13,569.44505
2019-11-14,569.44505
2019-11-15,569.44505
2019-11-16,569.44505
2019-11-17,569.44505
2019-11-18,569.44505
2019-11-19,569.44505
2019-11-20,569.44505
2019-11-21,569.44505
2019-11-22,569.44505
2019-11-23,569.44505
2019-11-24,569.44505
2019-11-25,569.44505
2019-11-26,569.44505
2019-11-27,569.44505
2019-11-28,569.44505
2019-11-29,569.44505
2019-11-30,569.44505
2019-12-01,561.58805
2019-12-02,561.58805
2019-12-03,561.58805
2019-12-04,561.58805
2019-12-05,561.58805
2019-12-06,561.58805
2019-12-07,561.58805
2019-12-08,561.58805
2019-12-09,561.58805
2019-12-10,561.58805
2019-12-11,561.58805
2019-12-12,561.58805
2019-12-13,561.58805
2019-12-14,561.58805
2019-12-15,561.58805
2019-12-16,561.58805
2019-12-17,561.58805
2019-12-18,561.58805
2019-12-19,561.58805
2019-12-20,561.58805
2019-12-21,561.58805
2019-12-22,561.58805
2019-12-23,561.58805
2019-12-24,561.58805
2019-12-25,561.58805
2019-12-26,561.58805
2019-12-27,561.58805
2019-12-28,561.58805
2019-12-29,561.58805
2019-12-30,561.58805
2019-12-31,561.58805
2020-01-01,551.24257
2020-01-02,551.24257
2020-01-03,551.24257
2020-01-04,551.24257
2020-01-05,551.24257
2020-01-06,551.24257
2020-01-07,551.24257
2020-01-08,551.24257
2020-01-09,551.24257
2020-01-10,551.24257
2020-01-11,551.24257
2020-01-12,551.24257
2020-01-13,551.24257
2020-01-14,551.24257
2020-01-15,551.24257
2020-01-16,551.24257
2020-01-17,551.24257
2020-01-18,551.24257
2020-01-19,551.24257
2020-01-20,551.24257
2020-01-21,551.24257
2020-01-22,551.24257
2020-01-23,551.24257
2020-01-24,551.24257
2020-01-25,551.24257
2020-01-26,551.24257
2020-01-27,551.24257
2020-01-28,551.24257
2020-01-29,551.24257
2020-01-30,551.24257
2020-01-31,551.24257
2020-02-01,602.93668
2020-02-02,602.93668
2020-02-03,602.93668
2020-02-04,602.93668
2020-02-05,602.93668
2020-02-06,602.93668
2020-02-07,602.93668
2020-02-08,602.93668
2020-02-09,602.93668
2020-02-10,602.93668
2020-02-11,602.93668
2020-02-12,602.93668
2020-02-13,602.93668
2020-02-14,602.93668
2020-02-15,602.93668
2020-02-16,602.93668
2020-02-17,602.93668
2020-02-18,602.93668
2020-02-19,602.93668
2020-02-20,602.93668
2020-02-21,602.93668
2020-02-22,602.93668
2020-02-23,602.93668
2020-02-24,602.93668
2020-02-25,602.93668
2020-02-26,602.93668
2020-02-27,602.93668
2020-02-28,602.93668
2020-02-29,602.93668
2020-03-01,555.40103
2020-03-02,555.40103
2020-03-03,555.40103
2020-03-04,555.40103
2020-03-05,555.40103
2020-03-06,555.40103
2020-03-07,555.40103
2020-03-08,555.40103
2020-03-09,555.40103
2020-03-10,555.40103
2020-03-11,555.40103
2020-03-12,555.40103
2020-03-13,555.40103
2020-03-14,555.40103
2020-03-15,555.40103
2020-03-16,555.40103
2020-03-17,555.40103
2020-03-18,555.40103
2020-03-19,555.40103
2020-03-20,555.40103
2020-03-21,555.40103
2020-03-22,555.40103
2020-03-23,555.40103
2020-03-24,555.40103
2020-03-25,555.40103
2020-03-26,555.40103
2020-03-27,555.40103
2020-03-28,555.40103
2020-03-29,555.40103
2020-03-30,555.40103
2020-03-31,555.40103
2020-04-01,452.11539
2020-04-02,452.11539
2020-04-03,452.11539
2020-04-04,452.11539
2020-04-05,452.11539
2020-04-06,452.11539
2020-04-07,452.11539
2020-04-08,452.11539
2020-04-09,452.11539
2020-04-10,452.11539
2020-04-11,452.11539
2020-04-12,452.11539
2020-04-13,452.11539
2020-04-14,452.11539
2020-04-15,452.11539
2020-04-16,452.11539
2020-04-17,452.11539
2020-04-18,452.11539
2020-04-19,452.11539
2020-04-20,452.11539
2020-04-21,452.11539
2020-04-22,452.11539
2020-04-23,452.11539
2020-04-24,452.11539
2020-04-25,452.11539
2020-04-26,452.11539
2020-04-27,452.11539
2020-04-28,452.11539
2020-04-29,452.11539
2020-04-30,452.11539
2020-05-01,312.32792
2020-05-02,312.32792
2020-05-03,312.32792
2020-05-04,312.32792
2020-05-05,312.32792
2020-05-06,312.32792
2020-05-07,312.32792
2020-05-08,312.32792
2020-05-09,312.32792
2020-05-10,312.32792
2020-05-11,312.32792
2020-05-12,312.32792
2020-05-13,312.32792
2020-05-14,312.32792
2020-05-15,312.32792
2020-05-16,312.32792
2020-05-17,312.32792
2020-05-18,312.32792
2020-05-19,312.32792
2020-05-20,312.32792
2020-05-21,312.32792
2020-05-22,312.32792
2020-05-23,312.32792
2020-05-24,312.32792
2020-05-25,312.32792
2020-05-26,312.32792
2020-05-27,312.32792
2020-05-28,312.32792
2020-05-29,312.32792
2020-05-30,312.32792
2020-05-31,312.32792
2020-06-01,303.84222
2020-06-02,303.84222
2020-06-03,303.84222
2020-06-04,303.84222
2020-06-05,303.84222
2020-06-06,303.84222
2020-06-07,303.84222
2020-06-08,303.84222
2020-06-09,303.84222
2020-06-10,303.84222
2020-06-11,303.84222
2020-06-12,303.84222
2020-06-13,303.84222
2020-06-14,303.84222
2020-06-15,303.84222
2020-06-16,303.84222
2020-06-17,303.84222
2020-06-18,303.84222
2020-06-19,303.84222
2020-06-20,303.84222
2020-06-21,303.84222
2020-06-22,303.84222
2020-06-23,303.84222
2020-06-24,303.84222
2020-06-25,303.84222
2020-06-26,303.84222
2020-06-27,303.84222
2020-06-28,303.84222
2020-06-29,303.84222
2020-06-30,303.84222
2020-07-01,370.42162
2020-07-02,370.42162
2020-07-03,370.42162
2020-07-04,370.42162
2020-07-05,370.42162
2020-07-06,370.42162
2020-07-07,370.42162
2020-07-08,370.42162
2020-07-09,370.42162
2020-07-10,370.42162
2020-07-11,370.42162
2020-07-12,370.42162
2020-07-13,370.42162
2020-07-14,370.42162
2020-07-15,370.42162
2020-07-16,370.42162
2020-07-17,370.42162
2020-07-18,370.42162
2020-07-19,370.42162
2020-07-20,370.42162
2020-07-21,370.42162
2020-07-22,370.42162
2020-07-23,370.42162
2020-07-24,370.42162
2020-07-25,370.42162
2020-07-26,370.42162
2020-07-27,370.42162
2020-07-28,370.42162
2020-07-29,370.42162
2020-07-30,370.42162
2020-07-31,370.42162
2020-08-01,406.44975
2020-08-02,406.44975
2020-08-03,406.44975
2020-08-04,406.44975
2020-08-05,406.44975
2020-08-06,406.44975
2020-08-07,406.44975
2020-08-08,406.44975
2020-08-09,406.44975
2020-08-10,406.44975
2020-08-11,406.44975
2020-08-12,406.44975
2020-08-13,406.44975
2020-08-14,406.44975
2020-08-15,406.44975
2020-08-16,406.44975
2020-08-17,406.44975
2020-08-18,406.44975
2020-08-19,406.44975
2020-08-20,406.44975
2020-08-21,406.44975
2020-08-22,406.44975
2020-08-23,406.44975
2020-08-24,406.44975
2020-08-25,406.44975
2020-08-26,406.44975
2020-08-27,406.44975
2020-08-28,406.44975
2020-08-29,406.44975
2020-08-30,406.44975
2020-08-31,406.44975
2020-09-01,448.58628
2020-09-02,448.58628
2020-09-03,448.58628
2020-09-04,448.58628
2020-09-05,448.58628
2020-09-06,448.58628
2020-09-07,448.58628
2020-09-08,448.58628
2020-09-09,448.58628
2020-09-10,448.58628
2020-09-11,448.58628
2020-09-12,448.58628
2020-09-13,448.58628
2020-09-14,448.58628
2020-09-15,448.58628
2020-09-16,448.58628
2020-09-17,448.58628
2020-09-18,448.58628
2020-09-19,448.58628
2020-09-20,448.58628
2020-09-21,448.58628
2020-09-22,448.58628
2020-09-23,448.58628
2020-09-24,448.58628
2020-09-25,448.58628
2020-09-26,448.58628
2020-09-27,448.58628
2020-09-28,448.58628
2020-09-29,448.58628
2020-09-30,448.58628
2020-10-01,449.18438
2020-10-02,449.18438
2020-10-03,449.18438
2020-10-04,449.18438
2020-10-05,449.18438
2020-10-06,449.18438
2020-10-07,449.18438
2020-10-08,449.18438
2020-10-09,449.18438
2020-10-10,449.18438
2020-10-11,449.18438
2020-10-12,449.18438
2020-10-13,449.18438
2020-10-14,449.18438
2020-10-15,449.18438
2020-10-16,449.18438
2020-10-17,449.18438
2020-10-18,449.18438
2020-10-19,449.18438
2020-10-20,449.18438
2020-10-21,449.18438
2020-10-22,449.18438
2020-10-23,449.18438
2020-10-24,449.18438
2020-10-25,449.18438
2020-10-26,449.18438
2020-10-27,449.18438
2020-10-28,449.18438
2020-10-29,449.18438
2020-10-30,449.18438
2020-10-31,449.18438
2020-11-01,454.14691
2020-11-02,454.14691
2020-11-03,454.14691
2020-11-04,454.14691
2020-11-05,454.14691
2020-11-06,454.14691
2020-11-07,454.14691
2020-11-08,454.14691
2020-11-09,454.14691
2020-11-10,454.14691
2020-11-11,454.14691
2020-11-12,454.14691
2020-11-13,454.14691
2020-11-14,454.14691
2020-11-15,454.14691
2020-11-16,454.14691
2020-11-17,454.14691
2020-11-18,454.14691
2020-11-19,454.14691
2020-11-20,454.14691
2020-11-21,454.14691
2020-11-22,454.14691
2020-11-23,454.14691
2020-11-24,454.14691
2020-11-25,454.14691
2020-11-26,454.14691
2020-11-27,454.14691
2020-11-28,454.14691
2020-11-29,454.14691
2020-11-30,454.14691
2020-12-01,435.99166
2020-12-02,435.99166
2020-12-03,435.99166
2020-12-04,435.99166
2020-12-05,435.99166
2020-12-06,435.99166
2020-12-07,435.99166
2020-12-08,435.99166
2020-12-09,435.99166
2020-12-10,435.99166
2020-12-11,435.99166
2020-12-12,435.99166
2020-12-13,435.99166
2020-12-14,435.99166
2020-12-15,435.99166
2020-12-16,435.99166
2020-12-17,435.99166
2020-12-18,435.99166
2020-12-19,435.99166
2020-12-20,435.99166
2020-12-21,435.99166
2020-12-22,435.99166
2020-12-23,435.99166
2020-12-24,435.99166
2020-12-25,435.99166
2020-12-26,435.99166
2020-12-27,435.99166
2020-12-28,435.99166
2020-12-29,435.99166
2020-12-30,435.99166
2020-12-31,435.99166
2021-01-01,460.85485
2021-01-02,460.85485
2021-01-03,460.85485
2021-01-04,460.85485
2021-01-05,460.85485
2021-01-06,460.85485
2021-01-07,460.85485
2021-01-08,460.85485
2021-01-09,460.85485
2021-01-10,460.85485
2021-01-11,460.85485
2021-01-12,460.85485
2021-01-13,460.85485
2021-01-14,460.85485
2021-01-15,460.85485
2021-01-16,460.85485
2021-01-17,460.85485
2021-01-18,460.85485
2021-01-19,460.85485
2021-01-20,460.85485
2021-01-21,460.85485
2021-01-22,460.85485
2021-01-23,460.85485
2021-01-24,460.85485
2021-01-25,460.85485
2021-01-26,460.85485
2021-01-27,460.85485
2021-01-28,460.85485
2021-01-29,460.85485
2021-01-30,460.85485
2021-01-31,460.85485
2021-02-01,507.90973
2021-02-02,507.90973
2021-02-03,507.90973
2021-02-04,507.90973
2021-02-05,507.90973
2021-02-06,507.90973
2021-02-07,507.90973
2021-02-08,507.90973
2021-02-09,507.90973
2021-02-10,507.90973
2021-02-11,507.90973
2021-02-12,507.90973
2021-02-13,507.90973
2021-02-14,507.90973
2021-02-15,507.90973
2021-02-16,507.90973
2021-02-17,507.90973
2021-02-18,507.90973
2021-02-19,507.90973
2021-02-20,507.90973
2021-02-21,507.90973
2021-02-22,507.90973
2021-02-23,507.90973
2021-02-24,507.90973
2021-02-25,507.90973
2021-02-26,507.90973
2021-02-27,507.90973
2021-02-28,507.90973
2021-03-01,557.39601
2021-03-02,557.39601
2021-03-03,557.39601
2021-03-04,557.39601
2021-03-05,557.39601
2021-03-06,557.39601
2021-03-07,557.39601
2021-03-08,557.39601
2021-03-09,557.39601
2021-03-10,557.39601
2021-03-11,557.39601
2021-03-12,557.39601
2021-03-13,557.39601
2021-03-14,557.39601
2021-03-15,557.39601
2021-03-16,557.39601
2021-03-17,557.39601
2021-03-18,557.39601
2021-03-19,557.39601
2021-03-20,557.39601
2021-03-21,557.39601
2021-03-22,557.39601
2021-03-23,557.39601
2021-03-24,557.39601
2021-03-25,557.39601
2021-03-26,557.39601
2021-03-27,557.39601
2021-03-28,557.39601
2021-03-29,557.39601
2021-03-30,557.39601
2021-03-31,557.39601
2021-04-01,603.70652
2021-04-02,603.70652
2021-04-03,603.70652
2021-04-04,603.70652
2021-04-05,603.70652
2021-04-06,603.70652
2021-04-07,603.70652
2021-04-08,603.70652
2021-04-09,603.70652
2021-04-10,603.70652
2021-04-11,603.70652
2021-04-12,603.70652
2021-04-13,603.70652
2021-04-14,603.70652
2021-04-15,603.70652
2021-04-16,603.70652
2021-04-17,603.70652
2021-04-18,603.70652
2021-04-19,603.70652
2021-04-20,603.70652
2021-04-21,603.70652
2021-04-22,603.70652
2021-04-23,603.70652
2021-04-24,603.70652
2021-04-25,603.70652
2021-04-26,603.70652
2021-04-27,603.70652
2021-04-28,603.70652
2021-04-29,603.70652
2021-04-30,603.70652
2021-05-01,591.92078
2021-05-02,591.92078
2021-05-03,591.92078
2021-05-04,591.92078
2021-05-05,591.92078
2021-05-06,591.92078
2021-05-07,591.92078
2021-05-08,591.92078
2021-05-09,591.92078
2021-05-10,591.92078
2021-05-11,591.92078
2021-05-12,591.92078
2021-05-13,591.92078
2021-05-14,591.92078
2021-05-15,591.92078
2021-05-16,591.92078
2021-05-17,591.92078
2021-05-18,591.92078
2021-05-19,591.92078
2021-05-20,591.92078
2021-05-21,591.92078
2021-05-22,591.92078
2021-05-23,591.92078
2021-05-24,591.92078
2021-05-25,591.92078
2021-05-26,591.92078
2021-05-27,591.92078
2021-05-28,591.92078
2021-05-29,591.92078
2021-05-30,591.92078
2021-05-31,591.92078
2021-06-01,615.15896
2021-06-02,615.15896
2021-06-03,615.15896
2021-06-04,615.15896
2021-06-05,615.15896
2021-06-06,615.15896
2021-06-07,615.15896
2021-06-08,615.15896
2021-06-09,615.15896
2021-06-10,615.15896
2021-06-11,615.15896
2021-06-12,615.15896
2021-06-13,615.15896
2021-06-14,615.15896
2021-06-15,615.15896
2021-06-16,615.15896
2021-06-17,615.15896
2021-06-18,615.15896
2021-06-19,615.15896
2021-06-20,615.15896
2021-06-21,615.15896
2021-06-22,615.15896
2021-06-23,615.15896
2021-06-24,615.15896
2021-06-25,615.15896
2021-06-26,615.15896
2021-06-27,615.15896
2021-06-28,615.15896
2021-06-29,615.15896
2021-06-30,615.15896
2021-07-01,627.71099
2021-07-02,627.71099
2021-07-03,627.71099
2021-07-04,627.71099
2021-07-05,627.71099
2021-07-06,627.71099
2021-07-07,627.71099
2021-07-08,627.71099
2021-07-09,627.71099
2021-07-10,627.71099
2021-07-11,627.71099
2021-07-12,627.71099
2021-07-13,627.71099
2021-07-14,627.71099
2021-07-15,627.71099
2021-07-16,627.71099
2021-07-17,627.71099
2021-07-18,627.71099
2021-07-19,627.71099
2021-07-20,627.71099
2021-07-21,627.71099
2021-07-22,627.71099
2021-07-23,627.71099
2021-07-24,627.71099
2021-07-25,627.71099
2021-07-26,627.71099
2021-07-27,627.71099
2021-07-28,627.71099
2021-07-29,627.71099
2021-07-30,627.71099
2021-07-31,627.71099
2021-08-01,671.8704
2021-08-02,671.8704
2021-08-03,671.8704
2021-08-04,671.8704
2021-08-05,671.8704
2021-08-06,671.8704
2021-08-07,671.8704
2021-08-08,671.8704
2021-08-09,671.8704
2021-08-10,671.8704
2021-08-11,671.8704
2021-08-12,671.8704
2021-08-13,671.8704
2021-08-14,671.8704
2021-08-15,671.8704
2021-08-16,671.8704
2021-08-17,671.8704
2021-08-18,671.8704
2021-08-19,671.8704
2021-08-20,671.8704
2021-08-21,671.8704
2021-08-22,671.8704
2021-08-23,671.8704
2021-08-24,671.8704
2021-08-25,671.8704
2021-08-26,671.8704
2021-08-27,671.8704
2021-08-28,671.8704
2021-08-29,671.8704
2021-08-30,671.8704
2021-08-31,671.8704
2021-09-01,665.00466
2021-09-02,665.00466
2021-09-03,665.00466
2021-09-04,665.00466
2021-09-05,665.00466
2021-09-06,665.00466
2021-09-07,665.00466
2021-09-08,665.00466
2021-09-09,665.00466
2021-09-10,665.00466
2021-09-11,665.00466
2021-09-12,665.00466
2021-09-13,665.00466
2021-09-14,665.00466
2021-09-15,665.00466
2021-09-16,665.00466
2021-09-17,665.00466
2021-09-18,665.00466
2021-09-19,665.00466
2021-09-20,665.00466
2021-09-21,665.00466
2021-09-22,665.00466
2021-09-23,665.00466
2021-09-24,665.00466
2021-09-25,665.00466
2021-09-26,665.00466
2021-09-27,665.00466
2021-09-28,665.00466
2021-09-29,665.00466
2021-09-30,665.00466
2021-10-01,691.40608
2021-10-02,691.40608
2021-10-03,691.40608
2021-10-04,691.40608
2021-10-05,691.40608
2021-10-06,691.40608
2021-10-07,691.40608
2021-10-08,691.40608
2021-10-09,691.40608
2021-10-10,691.40608
2021-10-11,691.40608
2021-10-12,691.40608
2021-10-13,691.40608
2021-10-14,691.40608
2021-10-15,691.40608
2021-10-16,691.40608
2021-10-17,691.40608
2021-10-18,691.40608
2021-10-19,691.40608
2021-10-20,691.40608
2021-10-21,691.40608
2021-10-22,691.40608
2021-10-23,691.40608
2021-10-24,691.40608
2021-10-25,691.40608
2021-10-26,691.40608
2021-10-27,691.40608
2021-10-28,691.40608
2021-10-29,691.40608
2021-10-30,691.40608
2021-10-31,691.40608
2021-11-01,746.34883
2021-11-02,746.34883
2021-11-03,746.34883
2021-11-04,746.34883
2021-11-05,746.34883
2021-11-06,746.34883
2021-11-07,746.34883
2021-11-08,746.34883
2021-11-09,746.34883
2021-11-10,746.34883
2021-11-11,746.34883
2021-11-12,746.34883
2021-11-13,746.34883
2021-11-14,746.34883
2021-11-15,746.34883
2021-11-16,746.34883
2021-11-17,746.34883
2021-11-18,746.34883
2021-11-19,746.34883
2021-11-20,746.34883
2021-11-21,746.34883
2021-11-22,746.34883
2021-11-23,746.34883
2021-11-24,746.34883
2021-11-25,746.34883
2021-11-26,746.34883
2021-11-27,746.34883
2021-11-28,746.34883
2021-11-29,746.34883
2021-11-30,746.34883
2021-12-01,784.96818
2021-12-02,784.96818
2021-12-03,784.96818
2021-12-04,784.96818
2021-12-05,784.96818
2021-12-06,784.96818
2021-12-07,784.96818
2021-12-08,784.96818
2021-12-09,784.96818
2021-12-10,784.96818
2021-12-11,784.96818
2021-12-12,784.96818
2021-12-13,784.96818
2021-12-14,784.96818
2021-12-15,784.96818
2021-12-16,784.96818
2021-12-17,784.96818
2021-12-18,784.96818
2021-12-19,784.96818
2021-12-20,784.96818
2021-12-21,784.96818
2021-12-22,784.96818
2021-12-23,784.96818
2021-12-24,784.96818
2021-12-25,784.96818
2021-12-26,784.96818
2021-12-27,784.96818
2021-12-28,784.96818
2021-12-29,784.96818
2021-12-30,784.96818
2021-12-31,784.96818
2022-01-01,731.04981
2022-01-02,731.04981
2022-01-03,731.04981
2022-01-04,731.04981
2022-01-05,731.04981
2022-01-06,731.04981
2022-01-07,731.04981
2022-01-08,731.04981
2022-01-09,731.04981
2022-01-10,731.04981
2022-01-11,731.04981
2022-01-12,731.04981
2022-01-13,731.04981
2022-01-14,731.04981
2022-01-15,731.04981
2022-01-16,731.04981
2022-01-17,731.04981
2022-01-18,731.04981
2022-01-19,731.04981
2022-01-20,731.04981
2022-01-21,731.04981
2022-01-22,731.04981
2022-01-23,731.04981
2022-01-24,731.04981
2022-01-25,731.04981
2022-01-26,731.04981
2022-01-27,731.04981
2022-01-28,731.04981
2022-01-29,731.04981
2022-01-30,731.04981
2022-01-31,731.04981
2022-02-01,784.12563
2022-02-02,784.12563
2022-02-03,784.12563
2022-02-04,784.12563
2022-02-05,784.12563
2022-02-06,784.12563
2022-02-07,784.12563
2022-02-08,784.12563
2022-02-09,784.12563
2022-02-10,784.12563
2022-02-11,784.12563
2022-02-12,784.12563
2022-02-13,784.12563
2022-02-14,784.12563
2022-02-15,784.12563
2022-02-16,784.12563
2022-02-17,784.12563
2022-02-18,784.12563
2022-02-19,784.12563
2022-02-20,784.12563
2022-02-21,784.12563
2022-02-22,784.12563
2022-02-23,784.12563
2022-02-24,784.12563
2022-02-25,784.12563
2022-02-26,784.12563
2022-02-27,784.12563
2022-02-28,784.12563
2022-03-01,854.16036
2022-03-02,854.16036
2022-03-03,854.16036
2022-03-04,854.16036
2022-03-05,854.16036
2022-03-06,854.16036
2022-03-07,854.16036
2022-03-08,854.16036
2022-03-09,854.16036
2022-03-10,854.16036
2022-03-11,854.16036
2022-03-12,854.16036
2022-03-13,854.16036
2022-03-14,854.16036
2022-03-15,854.16036
2022-03-16,854.16036
2022-03-17,854.16036
2022-03-18,854.16036
2022-03-19,854.16036
2022-03-20,854.16036
2022-03-21,854.16036
2022-03-22,854.16036
2022-03-23,854.16036
2022-03-24,854.16036
2022-03-25,854.16036
2022-03-26,854.16036
2022-03-27,854.16036
2022-03-28,854.16036
2022-03-29,854.16036
2022-03-30,854.16036
2022-03-31,854.16036
2022-04-01,915.62418
2022-04-02,915.62418
2022-04-03,915.62418
2022-04-04,915.62418
2022-04-05,915.62418
2022-04-06,915.62418
2022-04-07,915.62418
2022-04-08,915.62418
2022-04-09,915.62418
2022-04-10,915.62418
2022-04-11,915.62418
2022-04-12,915.62418
2022-04-13,915.62418
2022-04-14,915.62418
2022-04-15,915.62418
2022-04-16,915.62418
2022-04-17,915.62418
2022-04-18,915.62418
2022-04-19,915.62418
2022-04-20,915.62418
2022-04-21,915.62418
2022-04-22,915.62418
2022-04-23,915.62418
2022-04-24,915.62418
2022-04-25,915.62418
2022-04-26,915.62418
2022-04-27,915.62418
2022-04-28,915.62418
2022-04-29,915.62418
2022-04-30,915.62418
2022-05-01,971.18007
2022-05-02,971.18007
2022-05-03,971.18007
2022-05-04,971.18007
2022-05-05,971.18007
2022-05-06,971.18007
2022-05-07,971.18007
2022-05-08,971.18007
2022-05-09,971.18007
2022-05-10,971.18007
2022-05-11,971.18007
2022-05-12,971.18007
2022-05-13,971.18007
2022-05-14,971.18007
2022-05-15,971.18007
2022-05-16,971.18007
2022-05-17,971.18007
2022-05-18,971.18007
2022-05-19,971.18007
2022-05-20,971.18007
2022-05-21,971.18007
2022-05-22,971.18007
2022-05-23,971.18007
2022-05-24,971.18007
2022-05-25,971.18007
2022-05-26,971.18007
2022-05-27,971.18007
2022-05-28,971.18007
2022-05-29,971.18007
2022-05-30,971.18007
2022-05-31,971.18007
2022-06-01,952.52425
2022-06-02,952.52425
2022-06-03,952.52425
2022-06-04,952.52425
2022-06-05,952.52425
2022-06-06,952.52425
2022-06-07,952.52425
2022-06-08,952.52425
2022-06-09,952.52425
2022-06-10,952.52425
2022-06-11,952.52425
2022-06-12,952.52425
2022-06-13,952.52425
2022-06-14,952.52425
2022-06-15,952.52425
2022-06-16,952.52425
2022-06-17,952.52425
2022-06-18,952.52425
2022-06-19,952.52425
2022-06-20,952.52425
2022-06-21,952.52425
2022-06-22,952.52425
2022-06-23,952.52425
2022-06-24,952.52425
2022-06-25,952.52425
2022-06-26,952.52425
2022-06-27,952.52425
2022-06-28,952.52425
2022-06-29,952.52425
2022-06-30,952.52425
2022-07-01,1030.08459
2022-07-02,1030.08459
2022-07-03,1030.08459
2022-07-04,1030.08459
2022-07-05,1030.08459
2022-07-06,1030.08459
2022-07-07,1030.08459
2022-07-08,1030.08459
2022-07-09,1030.08459
2022-07-10,1030.08459
2022-07-11,1030.08459
2022-07-12,1030.08459
2022-07-13,1030.08459
2022-07-14,1030.08459
2022-07-15,1030.08459
2022-07-16,1030.08459
2022-07-17,1030.08459
2022-07-18,1030.08459
2022-07-19,1030.08459
2022-07-20,1030.08459
2022-07-21,1030.08459
2022-07-22,1030.08459
2022-07-23,1030.08459
2022-07-24,1030.08459
2022-07-25,1030.08459
2022-07-26,1030.08459
2022-07-27,1030.08459
2022-07-28,1030.08459
2022-07-29,1030.08459
2022-07-30,1030.08459
2022-07-31,1030.08459
2022-08-01,1037.23236
2022-08-02,1037.23236
2022-08-03,1037.23236
2022-08-04,1037.23236
2022-08-05,1037.23236
2022-08-06,1037.23236
2022-08-07,1037.23236
2022-08-08,1037.23236
2022-08-09,1037.23236
2022-08-10,1037.23236
2022-08-11,1037.23236
2022-08-12,1037.23236
2022-08-13,1037.23236
2022-08-14,1037.23236
2022-08-15,1037.23236
2022-08-16,1037.23236
2022-08-17,1037.23236
2022-08-18,1037.23236
2022-08-19,1037.23236
2022-08-20,1037.23236
2022-08-21,1037.23236
2022-08-22,1037.23236
2022-08-23,1037.23236
2022-08-24,1037.23236
2022-08-25,1037.23236
2022-08-26,1037.23236
2022-08-27,1037.23236
2022-08-28,1037.23236
2022-08-29,1037.23236
2022-08-30,1037.23236
2022-08-31,1037.23236
2022-09-01,997.3045
2022-09-02,997.3045
2022-09-03,997.3045
2022-09-04,997.3045
2022-09-05,997.3045
2022-09-06,997.3045
2022-09-07,997.3045
2022-09-08,997.3045
2022-09-09,997.3045
2022-09-10,997.3045
2022-09-11,997.3045
2022-09-12,997.3045
2022-09-13,997.3045
2022-09-14,997.3045
2022-09-15,997.3045
2022-09-16,997.3045
2022-09-17,997.3045
2022-09-18,997.3045
2022-09-19,997.3045
2022-09-20,997.3045
2022-09-21,997.3045
2022-09-22,997.3045
2022-09-23,997.3045
2022-09-24,997.3045
2022-09-25,997.3045
2022-09-26,997.3045
2022-09-27,997.3045
2022-09-28,997.3045
2022-09-29,997.3045
2022-09-30,997.3045
2022-10-01,909.89397
2022-10-02,909.89397
2022-10-03,909.89397
2022-10-04,909.89397
2022-10-05,909.89397
2022-10-06,909.89397
2022-10-07,909.89397
2022-10-08,909.89397
2022-10-09,909.89397
2022-10-10,909.89397
2022-10-11,909.89397
2022-10-12,909.89397
2022-10-13,909.89397
2022-10-14,909.89397
2022-10-15,909.89397
2022-10-16,909.89397
2022-10-17,909.89397
2022-10-18,909.89397
2022-10-19,909.89397
2022-10-20,909.89397
2022-10-21,909.89397
2022-10-22,909.89397
2022-10-23,909.89397
2022-10-24,909.89397
2022-10-25,909.89397
2022-10-26,909.89397
2022-10-27,909.89397
2022-10-28,909.89397
2022-10-29,909.89397
2022-10-30,909.89397
2022-10-31,909.89397
2022-11-01,940.17722
2022-11-02,940.17722
2022-11-03,940.17722
2022-11-04,940.17722
2022-11-05,940.17722
2022-11-06,940.17722
2022-11-07,940.17722
2022-11-08,940.17722
2022-11-09,940.17722
2022-11-10,940.17722
2022-11-11,940.17722
2022-11-12,940.17722
2022-11-13,940.17722
2022-11-14,940.17722
2022-11-15,940.17722
2022-11-16,940.17722
2022-11-17,940.17722
2022-11-18,940.17722
2022-11-19,940.17722
2022-11-20,940.17722
2022-11-21,940.17722
2022-11-22,940.17722
2022-11-23,940.17722
2022-11-24,940.17722
2022-11-25,940.17722
2022-11-26,940.17722
2022-11-27,940.17722
2022-11-28,940.17722
2022-11-29,940.17722
2022-11-30,940.17722
2022-12-01,945.0571
2022-12-02,945.0571
2022-12-03,945.0571
2022-12-04,945.0571
2022-12-05,945.0571
2022-12-06,945.0571
2022-12-07,945.0571
2022-12-08,945.0571
2022-12-09,945.0571
2022-12-10,945.0571
2022-12-11,945.0571
2022-12-12,945.0571
2022-12-13,945.0571
2022-12-14,945.0571
2022-12-15,945.0571
2022-12-16,945.0571
2022-12-17,945.0571
2022-12-18,945.0571
2022-12-19,945.0571
2022-12-20,945.0571
2022-12-21,945.0571
2022-12-22,945.0571
2022-12-23,945.0571
2022-12-24,945.0571
2022-12-25,945.0571
2022-12-26,945.0571
2022-12-27,945.0571
2022-12-28,945.0571
2022-12-29,945.0571
2022-12-30,945.0571
2022-12-31,945.0571
2023-01-01,854.84019
2023-01-02,854.84019
2023-01-03,854.84019
2023-01-04,854.84019
2023-01-05,854.84019
2023-01-06,854.84019
2023-01-07,854.84019
2023-01-08,854.84019
2023-01-09,854.84019
2023-01-10,854.84019
2023-01-11,854.84019
2023-01-12,854.84019
2023-01-13,854.84019
2023-01-14,854.84019
2023-01-15,854.84019
2023-01-16,854.84019
2023-01-17,854.84019
2023-01-18,854.84019
2023-01-19,854.84019
2023-01-20,854.84019
2023-01-21,854.84019
2023-01-22,854.84019
2023-01-23,854.84019
2023-01-24,854.84019
2023-01-25,854.84019
2023-01-26,854.84019
2023-01-27,854.84019
2023-01-28,854.84019
2023-01-29,854.84019
2023-01-30,854.84019
2023-01-31,854.84019
2023-02-01,821.65689
2023-02-02,821.65689
2023-02-03,821.65689
2023-02-04,821.65689
2023-02-05,821.65689
2023-02-06,821.65689
2023-02-07,821.65689
2023-02-08,821.65689
2023-02-09,821.65689
2023-02-10,821.65689
2023-02-11,821.65689
2023-02-12,821.65689
2023-02-13,821.65689
2023-02-14,821.65689
2023-02-15,821.65689
2023-02-16,821.65689
2023-02-17,821.65689
2023-02-18,821.65689
2023-02-19,821.65689
2023-02-20,821.65689
2023-02-21,821.65689
2023-02-22,821.65689
2023-02-23,821.65689
2023-02-24,821.65689
2023-02-25,821.65689
2023-02-26,821.65689
2023-02-27,821.65689
2023-02-28,821.65689
2023-03-01,899.72656
2023-03-02,899.72656
2023-03-03,899.72656
2023-03-04,899.72656
2023-03-05,899.72656
2023-03-06,899.72656
2023-03-07,899.72656
2023-03-08,899.72656
2023-03-09,899.72656
2023-03-10,899.72656
2023-03-11,899.72656
2023-03-12,899.72656
2023-03-13,899.72656
2023-03-14,899.72656
2023-03-15,899.72656
2023-03-16,899.72656
2023-03-17,899.72656
2023-03-18,899.72656
2023-03-19,899.72656
2023-03-20,899.72656
2023-03-21,899.72656
2023-03-22,899.72656
2023-03-23,899.72656
2023-03-24,899.72656
2023-03-25,899.72656
2023-03-26,899.72656
2023-03-27,899.72656
2023-03-28,899.72656
2023-03-29,899.72656
2023-03-30,899.72656
2023-03-31,899.72656
2023-04-01,810.44629
2023-04-02,810.44629
2023-04-03,810.44629
2023-04-04,810.44629
2023-04-05,810.44629
2023-04-06,810.44629
2023-04-07,810.44629
2023-04-08,810.44629
2023-04-09,810.44629
2023-04-10,810.44629
2023-04-11,810.44629
2023-04-12,810.44629
2023-04-13,810.44629
2023-04-14,810.44629
2023-04-15,810.44629
2023-04-16,810.44629
2023-04-17,810.44629
2023-04-18,810.44629
2023-04-19,810.44629
2023-04-20,810.44629
2023-04-21,810.44629
2023-04-22,810.44629
2023-04-23,810.44629
2023-04-24,810.44629
2023-04-25,810.44629
2023-04-26,810.44629
2023-04-27,810.44629
2023-04-28,810.44629
2023-04-29,810.44629
2023-04-30,810.44629
2023-05-01,831.82964
2023-05-02,831.82964
2023-05-03,831.82964
2023-05-04,831.82964
2023-05-05,831.82964
2023-05-06,831.82964
2023-05-07,831.82964
2023-05-08,831.82964
2023-05-09,831.82964
2023-05-10,831.82964
2023-05-11,831.82964
2023-05-12,831.82964
2023-05-13,831.82964
2023-05-14,831.82964
2023-05-15,831.82964
2023-05-16,831.82964
2023-05-17,831.82964
2023-05-18,831.82964
2023-05-19,831.82964
2023-05-20,831.82964
2023-05-21,831.82964
2023-05-22,831.82964
2023-05-23,831.82964
2023-05-24,831.82964
2023-05-25,831.82964
2023-05-26,831.82964
2023-05-27,831.82964
2023-05-28,831.82964
2023-05-29,831.82964
2023-05-30,831.82964
2023-05-31,831.82964
2023-06-01,781.68232
2023-06-02,781.68232
2023-06-03,781.68232
2023-06-04,781.68232
2023-06-05,781.68232
2023-06-06,781.68232
2023-06-07,781.68232
2023-06-08,781.68232
2023-06-09,781.68232
2023-06-10,781.68232
2023-06-11,781.68232
2023-06-12,781.68232
2023-06-13,781.68232
2023-06-14,781.68232
2023-06-15,781.68232
2023-06-16,781.68232
2023-06-17,781.68232
2023-06-18,781.68232
2023-06-19,781.68232
2023-06-20,781.68232
2023-06-21,781.68232
2023-06-22,781.68232
2023-06-23,781.68232
2023-06-24,781.68232
2023-06-25,781.68232
2023-06-26,781.68232
2023-06-27,781.68232
2023-06-28,781.68232
2023-06-29,781.68232
2023-06-30,781.68232
2023-07-01,727.67226
2023-07-02,727.67226
2023-07-03,727.67226
2023-07-04,727.67226
2023-07-05,727.67226
2023-07-06,727.67226
2023-07-07,727.67226
2023-07-08,727.67226
2023-07-09,727.67226
2023-07-10,727.67226
2023-07-11,727.67226
2023-07-12,727.67226
2023-07-13,727.67226
2023-07-14,727.67226
2023-07-15,727.67226
2023-07-16,727.67226
2023-07-17,727.67226
2023-07-18,727.67226
2023-07-19,727.67226
2023-07-20,727.67226
2023-07-21,727.67226
2023-07-22,727.67226
2023-07-23,727.67226
2023-07-24,727.67226
2023-07-25,727.67226
2023-07-26,727.67226
2023-07-27,727.67226
2023-07-28,727.67226
2023-07-29,727.67226
2023-07-30,727.67226
2023-07-31,727.67226
2023-08-01,725.19957
2023-08-02,725.19957
2023-08-03,725.19957
2023-08-04,725.19957
2023-08-05,725.19957
2023-08-06,725.19957
2023-08-07,725.19957
2023-08-08,725.19957
2023-08-09,725.19957
2023-08-10,725.19957
2023-08-11,725.19957
2023-08-12,725.19957
2023-08-13,725.19957
2023-08-14,725.19957
2023-08-15,725.19957
2023-08-16,725.19957
2023-08-17,725.19957
2023-08-18,725.19957
2023-08-19,725.19957
2023-08-20,725.19957
2023-08-21,725.19957
2023-08-22,725.19957
2023-08-23,725.19957
2023-08-24,725.19957
2023-08-25,725.19957
2023-08-26,725.19957
2023-08-27,725.19957
2023-08-28,725.19957
2023-08-29,725.19957
2023-08-30,725.19957
2023-08-31,725.19957
2023-09-01,835.07723
2023-09-02,835.07723
2023-09-03,835.07723
2023-09-04,835.07723
2023-09-05,835.07723
2023-09-06,835.07723
2023-09-07,835.07723
2023-09-08,835.07723
2023-09-09,835.07723
2023-09-10,835.07723
2023-09-11,835.07723
2023-09-12,835.07723
2023-09-13,835.07723
2023-09-14,835.07723
2023-09-15,835.07723
2023-09-16,835.07723
2023-09-17,835.07723
2023-09-18,835.07723
2023-09-19,835.07723
2023-09-20,835.07723
2023-09-21,835.07723
2023-09-22,835.07723
2023-09-23,835.07723
2023-09-24,835.07723
2023-09-25,835.07723
2023-09-26,835.07723
2023-09-27,835.07723
2023-09-28,835.07723
2023-09-29,835.07723
2023-09-30,835.07723
2023-10-01,863.54552
2023-10-02,863.54552
2023-10-03,863.54552
2023-10-04,863.54552
2023-10-05,863.54552
2023-10-06,863.54552
2023-10-07,863.54552
2023-10-08,863.54552
2023-10-09,863.54552
2023-10-10,863.54552
2023-10-11,863.54552
2023-10-12,863.54552
2023-10-13,863.54552
2023-10-14,863.54552
2023-10-15,863.54552
2023-10-16,863.54552
2023-10-17,863.54552
2023-10-18,863.54552
2023-10-19,863.54552
2023-10-20,863.54552
2023-10-21,863.54552
2023-10-22,863.54552
2023-10-23,863.54552
2023-10-24,863.54552
2023-10-25,863.54552
2023-10-26,863.54552
2023-10-27,863.54552
2023-10-28,863.54552
2023-10-29,863.54552
2023-10-30,863.54552
2023-10-31,863.54552
2023-11-01,846.72398
2023-11-02,846.72398
2023-11-03,846.72398
2023-11-04,846.72398
2023-11-05,846.72398
2023-11-06,846.72398
2023-11-07,846.72398
2023-11-08,846.72398
2023-11-09,846.72398
2023-11-10,846.72398
2023-11-11,846.72398
2023-11-12,846.72398
2023-11-13,846.72398
2023-11-14,846.72398
2023-11-15,846.72398
2023-11-16,846.72398
2023-11-17,846.72398
2023-11-18,846.72398
2023-11-19,846.72398
2023-11-20,846.72398
2023-11-21,846.72398
2023-11-22,846.72398
2023-11-23,846.72398
2023-11-24,846.72398
2023-11-25,846.72398
2023-11-26,846.72398
2023-11-27,846.72398
2023-11-28,846.72398
2023-11-29,846.72398
2023-11-30,846.72398
2023-12-01,778.99511
2023-12-02,778.99511
2023-12-03,778.99511
2023-12-04,778.99511
2023-12-05,778.99511
2023-12-06,778.99511
2023-12-07,778.99511
2023-12-08,778.99511
2023-12-09,778.99511
2023-12-10,778.99511
2023-12-11,778.99511
2023-12-12,778.99511
2023-12-13,778.99511
2023-12-14,778.99511
2023-12-15,778.99511
2023-12-16,778.99511
2023-12-17,778.99511
2023-12-18,778.99511
2023-12-19,778.99511
2023-12-20,778.99511
2023-12-21,778.99511
2023-12-22,778.99511
2023-12-23,778.99511
2023-12-24,778.99511
2023-12-25,778.99511
2023-12-26,778.99511
2023-12-27,778.99511
2023-12-28,778.99511
2023-12-29,778.99511
2023-12-30,778.99511
2023-12-31,778.99511
2024-01-01,739.86852
2024-01-02,739.86852
2024-01-03,739.86852
2024-01-04,739.86852
2024-01-05,739.86852
2024-01-06,739.86852
2024-01-07,739.86852
2024-01-08,739.86852
2024-01-09,739.86852
2024-01-10,739.86852
2024-01-11,739.86852
2024-01-12,739.86852
2024-01-13,739.86852
2024-01-14,739.86852
2024-01-15,739.86852
2024-01-16,739.86852
2024-01-17,739.86852
2024-01-18,739.86852
2024-01-19,739.86852
2024-01-20,739.86852
2024-01-21,739.86852
2024-01-22,739.86852
2024-01-23,739.86852
2024-01-24,739.86852
2024-01-25,739.86852
2024-01-26,739.86852
2024-01-27,739.86852
2024-01-28,739.86852
2024-01-29,739.86852
2024-01-30,739.86852
2024-01-31,739.86852
2024-02-01,745.68512
2024-02-02,745.68512
2024-02-03,745.68512
2024-02-04,745.68512
2024-02-05,745.68512
2024-02-06,745.68512
2024-02-07,745.68512
2024-02-08,745.68512
2024-02-09,745.68512
2024-02-10,745.68512
2024-02-11,745.68512
2024-02-12,745.68512
2024-02-13,745.68512
2024-02-14,745.68512
2024-02-15,745.68512
2024-02-16,745.68512
2024-02-17,745.68512
2024-02-18,745.68512
2024-02-19,745.68512
2024-02-20,745.68512
2024-02-21,745.68512
2024-02-22,745.68512
2024-02-23,745.68512
2024-02-24,745.68512
2024-02-25,745.68512
2024-02-26,745.68512
2024-02-27,745.68512
2024-02-28,745.68512
2024-02-29,745.68512
2024-03-01,727.8256
2024-03-02,727.8256
2024-03-03,727.8256
2024-03-04,727.8256
2024-03-05,727.8256
2024-03-06,727.8256
2024-03-07,727.8256
2024-03-08,727.8256
2024-03-09,727.8256
2024-03-10,727.8256
2024-03-11,727.8256
2024-03-12,727.8256
2024-03-13,727.8256
2024-03-14,727.8256
2024-03-15,727.8256
2024-03-16,727.8256
2024-03-17,727.8256
2024-03-18,727.8256
2024-03-19,727.8256
2024-03-20,727.8256
2024-03-21,727.8256
2024-03-22,727.8256
2024-03-23,727.8256
2024-03-24,727.8256
2024-03-25,727.8256
2024-03-26,727.8256
2024-03-27,727.8256
2024-03-28,727.8256
2024-03-29,727.8256
2024-03-30,727.8256
2024-03-31,727.8256
2024-04-01,742.65054
2024-04-02,742.65054
2024-04-03,742.65054
2024-04-04,742.65054
2024-04-05,742.65054
2024-04-06,742.65054
2024-04-07,742.65054
2024-04-08,742.65054
2024-04-09,742.65054
2024-04-10,742.65054
2024-04-11,742.65054
2024-04-12,742.65054
2024-04-13,742.65054
2024-04-14,742.65054
2024-04-15,742.65054
2024-04-16,742.65054
2024-04-17,742.65054
2024-04-18,742.65054
2024-04-19,742.65054
2024-04-20,742.65054
2024-04-21,742.65054
2024-04-22,742.65054
2024-04-23,742.65054
2024-04-24,742.65054
2024-04-25,742.65054
2024-04-26,742.65054
2024-04-27,742.65054
2024-04-28,742.65054
2024-04-29,742.65054
2024-04-30,742.65054
2024-05-01,793.30284
2024-05-02,793.30284
2024-05-03,793.30284
2024-05-04,793.30284
2024-05-05,793.30284
2024-05-06,793.30284
2024-05-07,793.30284
2024-05-08,793.30284
2024-05-09,793.30284
2024-05-10,793.30284
2024-05-11,793.30284
2024-05-12,793.30284
2024-05-13,793.30284
2024-05-14,793.30284
2024-05-15,793.30284
2024-05-16,793.30284
2024-05-17,793.30284
2024-05-18,793.30284
2024-05-19,793.30284
2024-05-20,793.30284
2024-05-21,793.30284
2024-05-22,793.30284
2024-05-23,793.30284
2024-05-24,793.30284
2024-05-25,793.30284
2024-05-26,793.30284
2024-05-27,793.30284
2024-05-28,793.30284
2024-05-29,793.30284
2024-05-30,793.30284
2024-05-31,793.30284
2024-06-01,766.53409
2024-06-02,766.53409
2024-06-03,766.53409
2024-06-04,766.53409
2024-06-05,766.53409
2024-06-06,766.53409
2024-06-07,766.53409
2024-06-08,766.53409
2024-06-09,766.53409
2024-06-10,766.53409
2024-06-11,766.53409
2024-06-12,766.53409
2024-06-13,766.53409
2024-06-14,766.53409
2024-06-15,766.53409
2024-06-16,766.53409
2024-06-17,766.53409
2024-06-18,766.53409
2024-06-19,766.53409
2024-06-20,766.53409
2024-06-21,766.53409
2024-06-22,766.53409
2024-06-23,766.53409
2024-06-24,766.53409
2024-06-25,766.53409
2024-06-26,766.53409
2024-06-27,766.53409
2024-06-28,766.53409
2024-06-29,766.53409
2024-06-30,766.53409
2024-07-01,810.70831
2024-07-02,810.70831
2024-07-03,810.70831
2024-07-04,810.70831
2024-07-05,810.70831
2024-07-06,810.70831
2024-07-07,810.70831
2024-07-08,810.70831
2024-07-09,810.70831
2024-07-10,810.70831
2024-07-11,810.70831
2024-07-12,810.70831
2024-07-13,810.70831
2024-07-14,810.70831
2024-07-15,810.70831
2024-07-16,810.70831
2024-07-17,810.70831
2024-07-18,810.70831
2024-07-19,810.70831
2024-07-20,810.70831
2024-07-21,810.70831
2024-07-22,810.70831
2024-07-23,810.70831
2024-07-24,810.70831
2024-07-25,810.70831
2024-07-26,810.70831
2024-07-27,810.70831
2024-07-28,810.70831
2024-07-29,810.70831
2024-07-30,810.70831
2024-07-31,810.70831
2024-08-01,818.38139
2024-08-02,818.38139
2024-08-03,818.38139
2024-08-04,818.38139
2024-08-05,818.38139
2024-08-06,818.38139
2024-08-07,818.38139
2024-08-08,818.38139
2024-08-09,818.38139
2024-08-10,818.38139
2024-08-11,818.38139
2024-08-12,818.38139
2024-08-13,818.38139
2024-08-14,818.38139
2024-08-15,818.38139
2024-08-16,818.38139
2024-08-17,818.38139
2024-08-18,818.38139
2024-08-19,818.38139
2024-08-20,818.38139
2024-08-21,818.38139
2024-08-22,818.38139
2024-08-23,818.38139
2024-08-24,818.38139
2024-08-25,818.38139
2024-08-26,818.38139
2024-08-27,818.38139
2024-08-28,818.38139
2024-08-29,818.38139
2024-08-30,818.38139
2024-08-31,818.38139
2024-09-01,785.06858
2024-09-02,785.06858
2024-09-03,785.06858
2024-09-04,785.06858
2024-09-05,785.06858
2024-09-06,785.06858
2024-09-07,785.06858
2024-09-08,785.06858
2024-09-09,785.06858
2024-09-10,785.06858
2024-09-11,785.06858
2024-09-12,785.06858
2024-09-13,785.06858
2024-09-14,785.06858
2024-09-15,785.06858
2024-09-16,785.06858
2024-09-17,785.06858
2024-09-18,785.06858
2024-09-19,785.06858
2024-09-20,785.06858
2024-09-21,785.06858
2024-09-22,785.06858
2024-09-23,785.06858
2024-09-24,785.06858
2024-09-25,785.06858
2024-09-26,785.06858
2024-09-27,785.06858
2024-09-28,785.06858
2024-09-29,785.06858
2024-09-30,785.06858
2024-10-01,751.31025
2024-10-02,751.31025
2024-10-03,751.31025
2024-10-04,751.31025
2024-10-05,751.31025
2024-10-06,751.31025
2024-10-07,751.31025
2024-10-08,751.31025
2024-10-09,751.31025
2024-10-10,751.31025
2024-10-11,751.31025
2024-10-12,751.31025
2024-10-13,751.31025
2024-10-14,751.31025
2024-10-15,751.31025
2024-10-16,751.31025
2024-10-17,751.31025
2024-10-18,751.31025
2024-10-19,751.31025
2024-10-20,751.31025
2024-10-21,751.31025
2024-10-22,751.31025
2024-10-23,751.31025
2024-10-24,751.31025
2024-10-25,751.31025
2024-10-26,751.31025
2024-10-27,751.31025
2024-10-28,751.31025
2024-10-29,751.31025
2024-10-30,751.31025
2024-10-31,751.31025
2024-11-01,811.92736
2024-11-02,811.92736
2024-11-03,811.92736
2024-11-04,811.92736
2024-11-05,811.92736
2024-11-06,811.92736
2024-11-07,811.92736
2024-11-08,811.92736
2024-11-09,811.92736
2024-11-10,811.92736
2024-11-11,811.92736
2024-11-12,811.92736
2024-11-13,811.92736
2024-11-14,811.92736
2024-11-15,811.92736
2024-11-16,811.92736
2024-11-17,811.92736
2024-11-18,811.92736
2024-11-19,811.92736
2024-11-20,811.92736
2024-11-21,811.92736
2024-11-22,811.92736
2024-11-23,811.92736
2024-11-24,811.92736
2024-11-25,811.92736
2024-11-26,811.92736
2024-11-27,811.92736
2024-11-28,811.92736
2024-11-29,811.92736
2024-11-30,811.92736
2024-12-01,798.72593
2024-12-02,798.72593
2024-12-03,798.72593
2024-12-04,798.72593
2024-12-05,798.72593
2024-12-06,798.72593
2024-12-07,798.72593
2024-12-08,798.72593
2024-12-09,798.72593
2024-12-10,798.72593
2024-12-11,798.72593
2024-12-12,798.72593
2024-12-13,798.72593
2024-12-14,798.72593
2024-12-15,798.72593
2024-12-16,798.72593
2024-12-17,798.72593
2024-12-18,798.72593
2024-12-19,798.72593
2024-12-20,798.72593
2024-12-21,798.72593
2024-12-22,798.72593
2024-12-23,798.72593
2024-12-24,798.72593
2024-12-25,798.72593
2024-12-26,798.72593
2024-12-27,798.72593
2024-12-28,798.72593
2024-12-29,798.72593
2024-12-30,798.72593
2024-12-31,798.72593
2025-01-01,797.38573
2025-01-02,797.38573
2025-01-03,797.38573
2025-01-04,797.38573
2025-01-05,797.38573
2025-01-06,797.38573
2025-01-07,797.38573
2025-01-08,797.38573
2025-01-09,797.38573
2025-01-10,797.38573
2025-01-11,797.38573
2025-01-12,797.38573
2025-01-13,797.38573
2025-01-14,797.38573
2025-01-15,797.38573
2025-01-16,797.38573
2025-01-17,797.38573
2025-01-18,797.38573
2025-01-19,797.38573
2025-01-20,797.38573
2025-01-21,797.38573
2025-01-22,797.38573
2025-01-23,797.38573
2025-01-24,797.38573
2025-01-25,797.38573
2025-01-26,797.38573
2025-01-27,797.38573
2025-01-28,797.38573
2025-01-29,797.38573
2025-01-30,797.38573
2025-01-31,797.38573
2025-02-01,793.9002
2025-02-02,793.9002
2025-02-03,793.9002
2025-02-04,793.9002
2025-02-05,793.9002
2025-02-06,793.9002
2025-02-07,793.9002
2025-02-08,793.9002
2025-02-09,793.9002
2025-02-10,793.9002
2025-02-11,793.9002
2025-02-12,793.9002
2025-02-13,793.9002
2025-02-14,793.9002
2025-02-15,793.9002
2025-02-16,793.9002
2025-02-17,793.9002
2025-02-18,793.9002
2025-02-19,793.9002
2025-02-20,793.9002
2025-02-21,793.9002
2025-02-22,793.9002
2025-02-23,793.9002
2025-02-24,793.9002
2025-02-25,793.9002
2025-02-26,793.9002
2025-02-27,793.9002
2025-02-28,793.9002
2025-03-01,770.54725
2025-03-02,770.54725
2025-03-03,770.54725
2025-03-04,770.54725
2025-03-05,770.54725
2025-03-06,770.54725
2025-03-07,770.54725
2025-03-08,770.54725
2025-03-09,770.54725
2025-03-10,770.54725
2025-03-11,770.54725
2025-03-12,770.54725
2025-03-13,770.54725
2025-03-14,770.54725
2025-03-15,770.54725
2025-03-16,770.54725
2025-03-17,770.54725
2025-03-18,770.54725
2025-03-19,770.54725
2025-03-20,770.54725
2025-03-21,770.54725
2025-03-22,770.54725
2025-03-23,770.54725
2025-03-24,770.54725
2025-03-25,770.54725
2025-03-26,770.54725
2025-03-27,770.54725
2025-03-28,770.54725
2025-03-29,770.54725
2025-03-30,770.54725
2025-03-31,770.54725
2025-04-01,739.79576
2025-04-02,739.79576
2025-04-03,739.79576
2025-04-04,739.79576
2025-04-05,739.79576
2025-04-06,739.79576
2025-04-07,739.79576
2025-04-08,739.79576
2025-04-09,739.79576
2025-04-10,739.79576
2025-04-11,739.79576
2025-04-12,739.79576
2025-04-13,739.79576
2025-04-14,739.79576
2025-04-15,739.79576
2025-04-16,739.79576
2025-04-17,739.79576
2025-04-18,739.79576
2025-04-19,739.79576
2025-04-20,739.79576
2025-04-21,739.79576
2025-04-22,739.79576
2025-04-23,739.79576
2025-04-24,739.79576
2025-04-25,739.79576
2025-04-26,739.79576
2025-04-27,739.79576
2025-04-28,739.79576
2025-04-29,739.79576
2025-04-30,739.79576
2025-05-01,724.30773
2025-05-02,724.30773
2025-05-03,724.30773
2025-05-04,724.30773
2025-05-05,724.30773
2025-05-06,724.30773
2025-05-07,724.30773
2025-05-08,724.30773
2025-05-09,724.30773
2025-05-10,724.30773
2025-05-11,724.30773
2025-05-12,724.30773
2025-05-13,724.30773
2025-05-14,724.30773
2025-05-15,724.30773
2025-05-16,724.30773
2025-05-17,724.30773
2025-05-18,724.30773
2025-05-19,724.30773
2025-05-20,724.30773
2025-05-21,724.30773
2025-05-22,724.30773
2025-05-23,724.30773
2025-05-24,724.30773
2025-05-25,724.30773
2025-05-26,724.30773
2025-05-27,724.30773
2025-05-28,724.30773
2025-05-29,724.30773
2025-05-30,724.30773
2025-05-31,724.30773
2025-06-01,673.73573
2025-06-02,673.73573
2025-06-03,673.73573
2025-06-04,673.73573
2025-06-05,673.73573
2025-06-06,673.73573
2025-06-07,673.73573
2025-06-08,673.73573
2025-06-09,673.73573
2025-06-10,673.73573
2025-06-11,673.73573
2025-06-12,673.73573
2025-06-13,673.73573
2025-06-14,673.73573
2025-06-15,673.73573
2025-06-16,673.73573
2025-06-17,673.73573
2025-06-18,673.73573
2025-06-19,673.73573
2025-06-20,673.73573
2025-06-21,673.73573
2025-06-22,673.73573
2025-06-23,673.73573
2025-06-24,673.73573
2025-06-25,673.73573
2025-06-26,673.73573
2025-06-27,673.73573
2025-06-28,673.73573
2025-06-29,673.73573
2025-06-30,673.73573
2025-07-01,699.1764
2025-07-02,699.1764
2025-07-03,699.1764
2025-07-04,699.1764
2025-07-05,699.1764
2025-07-06,699.1764
2025-07-07,699.1764
2025-07-08,699.1764
2025-07-09,699.1764
2025-07-10,699.1764
2025-07-11,699.1764
2025-07-12,699.1764
2025-07-13,699.1764
2025-07-14,699.1764
2025-07-15,699.1764
2025-07-16,699.1764
2025-07-17,699.1764
2025-07-18,699.1764
2025-07-19,699.1764
2025-07-20,699.1764
2025-07-21,699.1764
2025-07-22,699.1764
2025-07-23,699.1764
2025-07-24,699.1764
2025-07-25,699.1764
2025-07-26,699.1764
2025-07-27,699.1764
2025-07-28,699.1764
2025-07-29,699.1764
2025-07-30,699.1764
2025-07-31,699.1764
2025-08-01,746.16783
2025-08-02,746.16783
2025-08-03,746.16783
2025-08-04,746.16783
2025-08-05,746.16783
2025-08-06,746.16783
2025-08-07,746.16783
2025-08-08,746.16783
2025-08-09,746.16783
2025-08-10,746.16783
2025-08-11,746.16783
2025-08-12,746.16783
2025-08-13,746.16783
2025-08-14,746.16783
2025-08-15,746.16783
2025-08-16,746.16783
2025-08-17,746.16783
2025-08-18,746.16783
2025-08-19,746.16783
2025-08-20,746.16783
2025-08-21,746.16783
2025-08-22,746.16783
2025-08-23,746.16783
2025-08-24,746.16783
2025-08-25,746.16783
2025-08-26,746.16783
2025-08-27,746.16783
2025-08-28,746.16783
2025-08-29,746.16783
2025-08-30,746.16783
2025-08-31,746.16783
2025-09-01,711.27403
2025-09-02,711.27403
2025-09-03,711.27403
2025-09-04,711.27403
2025-09-05,711.27403
2025-09-06,711.27403
2025-09-07,711.27403
2025-09-08,711.27403
2025-09-09,711.27403
2025-09-10,711.27403
2025-09-11,711.27403
2025-09-12,711.27403
2025-09-13,711.27403
2025-09-14,711.27403
2025-09-15,711.27403
2025-09-16,711.27403
2025-09-17,711.27403
2025-09-18,711.27403
2025-09-19,711.27403
2025-09-20,711.27403
2025-09-21,711.27403
2025-09-22,711.27403
2025-09-23,711.27403
2025-09-24,711.27403
2025-09-25,711.27403
2025-09-26,711.27403
2025-09-27,711.27403
2025-09-28,711.27403
2025-09-29,711.27403
2025-09-30,711.27403
2025-10-01,675.8163
2025-10-02,675.8163
2025-10-03,675.8163
2025-10-04,675.8163
2025-10-05,675.8163
2025-10-06,675.8163
2025-10-07,675.8163
2025-10-08,675.8163
2025-10-09,675.8163
2025-10-10,675.8163
2025-10-11,675.8163
2025-10-12,675.8163
2025-10-13,675.8163
2025-10-14,675.8163
2025-10-15,675.8163
2025-10-16,675.8163
2025-10-17,675.8163
2025-10-18,675.8163
2025-10-19,675.8163
2025-10-20,675.8163
2025-10-21,675.8163
2025-10-22,675.8163
2025-10-23,675.8163
2025-10-24,675.8163
2025-10-25,675.8163
2025-10-26,675.8163
2025-10-27,675.8163
2025-10-28,675.8163
2025-10-29,675.8163
2025-10-30,675.8163
2025-10-31,675.8163
2025-11-01,658.63049
2025-11-02,658.63049
2025-11-03,658.63049
2025-11-04,658.63049
2025-11-05,658.63049
2025-11-06,658.63049
2025-11-07,658.63049
2025-11-08,658.63049
2025-11-09,658.63049
2025-11-10,658.63049
2025-11-11,658.63049
2025-11-12,658.63049
2025-11-13,658.63049
2025-11-14,658.63049
2025-11-15,658.63049
2025-11-16,658.63049
2025-11-17,658.63049
2025-11-18,658.63049
2025-11-19,658.63049
2025-11-20,658.63049
2025-11-21,658.63049
2025-11-22,658.63049
2025-11-23,658.63049
2025-11-24,658.63049
2025-11-25,658.63049
2025-11-26,658.63049
2025-11-27,658.63049
2025-11-28,658.63049
2025-11-29,658.63049
2025-11-30,658.63049
2025-12-01,625.19765
2025-12-02,625.19765
2025-12-03,625.19765
2025-12-04,625.19765
2025-12-05,625.19765
2025-12-06,625.19765
2025-12-07,625.19765
2025-12-08,625.19765
2025-12-09,625.19765
2025-12-10,625.19765
2025-12-11,625.19765
2025-12-12,625.19765
2025-12-13,625.19765
2025-12-14,625.19765
2025-12-15,625.19765
2025-12-16,625.19765
2025-12-17,625.19765
2025-12-18,625.19765
2025-12-19,625.19765
2025-12-20,625.19765
2025-12-21,625.19765
2025-12-22,625.19765
2025-12-23,625.19765
2025-12-24,625.19765
2025-12-25,625.19765
2025-12-26,625.19765
2025-12-27,625.19765
2025-12-28,625.19765
2025-12-29,625.19765
2025-12-30,625.19765
2025-12-31,625.19765
2026-01-01,590.56469
2026-01-02,590.56469
2026-01-03,590.56469
2026-01-04,590.56469
2026-01-05,590.56469
2026-01-06,590.56469
2026-01-07,590.56469
2026-01-08,590.56469
2026-01-09,590.56469
2026-01-10,590.56469
2026-01-11,590.56469
2026-01-12,590.56469
2026-01-13,590.56469
2026-01-14,590.56469
2026-01-15,590.56469
2026-01-16,590.56469
2026-01-17,590.56469
2026-01-18,590.56469
2026-01-19,590.56469
2026-01-20,590.56469
2026-01-21,590.56469
2026-01-22,590.56469
2026-01-23,590.56469
2026-01-24,590.56469
2026-01-25,590.56469
2026-01-26,590.56469
2026-01-27,590.56469
2026-01-28,590.56469
2026-01-29,590.56469
2026-01-30,590.56469
2026-01-31,590.56469
2026-02-01,581.35406
2026-02-02,581.35406
2026-02-03,581.35406
2026-02-04,581.35406
2026-02-05,581.35406
2026-02-06,581.35406
2026-02-07,581.35406
2026-02-08,581.35406
2026-02-09,581.35406
2026-02-10,581.35406
2026-02-11,581.35406
2026-02-12,581.35406
2026-02-13,581.35406
2026-02-14,581.35406
2026-02-15,581.35406
2026-02-16,581.35406
2026-02-17,581.35406
2026-02-18,581.35406
2026-02-19,581.35406
2026-02-20,581.35406
2026-02-21,581.35406
2026-02-22,581.35406
2026-02-23,581.35406
2026-02-24,581.35406
2026-02-25,581.35406
2026-02-26,581.35406
2026-02-27,581.35406
2026-02-28,581.35406
2026-03-01,625.17896
2026-03-02,625.17896
2026-03-03,625.17896
2026-03-04,625.17896
2026-03-05,625.17896
2026-03-06,625.17896
2026-03-07,625.17896
2026-03-08,625.17896
2026-03-09,625.17896
2026-03-10,625.17896
2026-03-11,625.17896
2026-03-12,625.17896
2026-03-13,625.17896
2026-03-14,625.17896
2026-03-15,625.17896
2026-03-16,625.17896
2026-03-17,625.17896
2026-03-18,625.17896
2026-03-19,625.17896
2026-03-20,625.17896
2026-03-21,625.17896
2026-03-22,625.17896
2026-03-23,625.17896
2026-03-24,625.17896
2026-03-25,625.17896
2026-03-26,625.17896
2026-03-27,625.17896
2026-03-28,625.17896
2026-03-29,625.17896
2026-03-30,625.17896
2026-03-31,625.17896
2026-04-01,763.25043
2026-04-02,763.25043
2026-04-03,763.25043
2026-04-04,763.25043
2026-04-05,763.25043
2026-04-06,763.25043
2026-04-07,763.25043
2026-04-08,763.25043
2026-04-09,763.25043
2026-04-10,763.25043
2026-04-11,763.25043
2026-04-12,763.25043
2026-04-13,763.25043
2026-04-14,763.25043
2026-04-15,763.25043
2026-04-16,763.25043
2026-04-17,763.25043
2026-04-18,763.25043
2026-04-19,763.25043
2026-04-20,763.25043
2026-04-21,763.25043
2026-04-22,763.25043
2026-04-23,763.25043
2026-04-24,763.25043
2026-04-25,763.25043
2026-04-26,763.25043
2026-04-27,763.25043
2026-04-28,763.25043
2026-04-29,763.25043
2026-04-30,763.25043
2026-05-01,861.55926
2026-05-02,861.55926
2026-05-03,861.55926
2026-05-04,861.55926
2026-05-05,861.55926
2026-05-06,861.55926
2026-05-07,861.55926
2026-05-08,861.55926
2026-05-09,861.55926
2026-05-10,861.55926
2026-05-11,861.55926
2026-05-12,861.55926
2026-05-13,861.55926
2026-05-14,861.55926
2026-05-15,861.55926
2026-05-16,861.55926
2026-05-17,861.55926
2026-05-18,861.55926
2026-05-19,861.55926
2026-05-20,861.55926
2026-05-21,861.55926
2026-05-22,861.55926
2026-05-23,861.55926
2026-05-24,861.55926
2026-05-25,861.55926
2026-05-26,861.55926
2026-05-27,861.55926
2026-05-28,861.55926
2026-05-29,861.55926
2026-05-30,861.55926
2026-05-31,861.55926
2026-06-01,906.1202
2026-06-02,906.1202
2026-06-03,906.1202
2026-06-04,906.1202
2026-06-05,906.1202
2026-06-06,906.1202
2026-06-07,906.1202
2026-06-08,906.1202
2026-06-09,906.1202
2026-06-10,906.1202
2026-06-11,906.1202
2026-06-12,906.1202
2026-06-13,906.1202
2026-06-14,906.1202
2026-06-15,906.1202
2026-06-16,906.1202
2026-06-17,906.1202
2026-06-18,906.1202
2026-06-19,906.1202
2026-06-20,906.1202
2026-06-21,906.1202
2026-06-22,906.1202
2026-06-23,906.1202
2026-06-24,906.1202
2026-06-25,906.1202
2026-06-26,906.1202
2026-06-27,906.1202
2026-06-28,906.1202
2026-06-29,906.1202
2026-06-30,906.1202
2026-07-01,782.6046
2026-07-02,782.6046
2026-07-03,782.6046
2026-07-04,782.6046
2026-07-05,782.6046
2026-07-06,782.6046
2026-07-07,782.6046
2026-07-08,782.6046
2026-07-09,782.6046
2026-07-10,782.6046
2026-07-11,782.6046
2026-07-12,782.6046
2026-07-13,782.6046
2026-07-14,782.6046
2026-07-15,782.6046
2026-07-16,782.6046
2026-07-17,782.6046
2026-07-18,782.6046
2026-07-19,782.6046
2026-07-20,782.6046
2026-07-21,782.6046
2026-07-22,782.6046
2026-07-23,782.6046
2026-07-24,782.6046
2026-07-25,782.6046
2026-07-26,782.6046
2026-07-27,782.6046
2026-07-28,782.6046
2026-07-29,782.6046
2026-07-30,782.6046
2026-07-31,782.6046
2026-08-01,666.98633
2026-08-02,666.98633
2026-08-03,666.98633
2026-08-04,666.98633
2026-08-05,666.98633
2026-08-06,666.98633
2026-08-07,666.98633
